2012/5/23,6850,6868,6809,6841,300170,1209
2012/5/24,6835,6888,6816,6882,301270,1209
2012/5/25,6908,6962,6854,6954,420278,1209
2012/5/28,6990,7042,6966,7036,381418,1209
2012/5/29,6983,7032,6972,7012,349920,1209
2012/5/30,6867,6905,6848,6851,349610,1209
2012/5/31,6886,6928,6876,6901,365958,1209
2012/6/1,6850,6890,6821,6882,296984,1209
2012/6/4,6973,7048,6951,6999,393688,1209
2012/6/5,7004,7035,6971,6981,323394,1209
2012/6/6,7051,7142,7041,7138,343846,1209
2012/6/7,7195,7204,7160,7184,272726,1209
2012/6/8,7055,7073,6955,6985,316480,1209
2012/6/11,7104,7149,7081,7112,207094,1209
2012/6/12,7042,7088,7028,7039,243702,1209
2012/6/13,7100,7133,7090,7133,184636,1209
2012/6/14,7118,7178,7111,7130,189246,1209
2012/6/15,7100,7135,7082,7120,208546,1209
2012/6/18,7137,7145,7053,7060,309918,1209
2012/6/19,7108,7130,7095,7111,168258,1209
2012/6/20,7046,7079,7040,7060,175782,1209
2012/6/21,6950,6975,6943,6961,141540,1209
2012/6/25,6750,6792,6741,6766,162514,1209
2012/6/26,6880,6880,6833,6841,139496,1209
2012/6/27,6817,6821,6775,6795,134318,1209
2012/6/28,6828,6832,6783,6786,120340,1209
2012/6/29,6701,6814,6682,6801,234654,1209
2012/7/2,6881,6885,6835,6846,156980,1209
2012/7/3,6870,6965,6860,6958,186102,1209
2012/7/4,7002,7029,6982,6998,133860,1209
2012/7/5,7010,7045,6994,7044,118224,1209
2012/7/6,6979,6982,6914,6922,148200,1209
2012/7/9,6840,6882,6832,6858,141662,1209
2012/7/10,6863,6884,6845,6848,100886,1209
2012/7/11,6805,6830,6800,6825,95462,1209
2012/7/12,6824,6829,6778,6793,113558,1209
2012/7/13,6820,6880,6814,6878,96864,1209
2012/7/16,6860,6884,6837,6878,90630,1209
2012/7/17,6895,6927,6862,6880,104858,1209
2012/7/18,6885,6888,6830,6861,76044,1209
2012/7/19,6865,6878,6847,6872,64602,1209
2012/7/20,6859,6861,6837,6849,61744,1209
2012/7/23,6856,6856,6788,6801,76106,1212
2012/7/24,6807,6833,6803,6805,63916,1212
2012/7/25,6795,6828,6751,6751,81420,1212
2012/7/26,6851,6897,6831,6883,100676,1212
2012/7/27,6873,6943,6873,6938,83740,1212
2012/7/30,6934,6936,6898,6904,66076,1212
2012/7/31,6989,7055,6983,7035,124084,1212
2012/8/1,6976,7003,6960,7001,76542,1212
2012/8/2,6891,6921,6891,6907,67152,1212
2012/8/3,6877,6879,6853,6873,54240,1212
2012/8/6,6981,6983,6952,6963,48632,1212
2012/8/7,6977,6985,6967,6977,38914,1212
2012/8/8,7010,7010,6964,6966,56720,1212
2012/8/9,6999,7033,6991,7031,70034,1212
2012/8/10,7016,7017,6972,6987,56594,1212
2012/8/13,7015,7035,6997,7006,78452,1212
2012/8/14,6985,6991,6955,6987,62094,1212
2012/8/15,6972,6980,6961,6964,42428,1212
2012/8/16,6980,6989,6956,6963,40694,1212
2012/8/17,7027,7048,7014,7042,58038,1212
2012/8/20,7011,7045,7007,7030,53440,1212
2012/8/21,7111,7169,7105,7159,119104,1212
2012/8/22,7219,7277,7213,7271,112388,1212
2012/8/23,7348,7576,7344,7537,418584,1212
2012/8/24,7529,7559,7470,7498,313812,1212
2012/8/27,7599,7719,7596,7642,469970,1212
2012/8/28,7562,7586,7527,7577,226954,1212
2012/8/29,7580,7635,7571,7631,305838,1212
2012/8/30,7591,7598,7536,7584,251916,1212
2012/8/31,7511,7515,7474,7505,208992,1212
2012/9/3,7742,7860,7741,7831,309066,1212
2012/9/4,7911,7943,7848,7887,270772,1212
2012/9/5,7880,7915,7866,7890,198896,1212
2012/9/6,7911,8083,7900,8054,504852,1212
2012/9/7,7997,8017,7813,7885,566630,1212
2012/9/10,8193,8283,8186,8224,382854,1212
2012/9/11,8181,8206,8126,8199,361810,1212
2012/9/12,8211,8232,8177,8194,283694,1212
2012/9/13,8120,8134,8062,8067,261606,1212
2012/9/14,8461,8517,8367,8395,421404,1212
2012/9/17,8410,8416,8353,8363,225840,1212
2012/9/18,8286,8306,8231,8300,251114,1212
2012/9/19,8385,8449,8311,8446,388030,1212
2012/9/20,8378,8416,8294,8318,382430,1212
2012/9/21,8407,8430,8375,8420,305904,1212
2012/9/24,8265,8269,8109,8176,333096,1212
2012/9/25,8226,8231,8134,8170,223366,1212
2012/9/26,8131,8204,8129,8161,214708,1212
2012/9/27,8186,8248,8179,8245,264536,1212
2012/9/28,8381,8416,8321,8389,228456,1212
2012/10/8,8267,8275,8046,8118,325632,1212
2012/10/9,8146,8174,8109,8116,203654,1212
2012/10/10,8061,8102,8033,8089,206778,1212
2012/10/11,8069,8151,8058,8131,251396,1212
2012/10/12,8105,8154,8076,8092,226352,1212
2012/10/15,7891,7935,7876,7895,203468,1212
2012/10/16,7833,7884,7818,7879,204062,1212
2012/10/17,7911,7917,7871,7874,147290,1212
2012/10/18,7882,7926,7850,7894,182880,1212
2012/10/19,7843,7859,7769,7770,199004,1212
2012/10/22,7678,7760,7674,7757,161502,1212
2012/10/23,7758,7781,7715,7729,190198,1212
2012/10/24,7693,7750,7679,7750,211926,1212
2012/10/25,7741,7844,7724,7818,368844,1212
2012/10/26,7812,7840,7650,7691,344532,1212
2012/10/29,7779,7791,7728,7732,237754,1212
2012/10/30,7721,7735,7681,7719,195374,1212
2012/10/31,7716,7741,7693,7730,152548,1212
2012/11/1,7789,7899,7789,7892,179036,1301
2012/11/2,7837,7845,7688,7737,253004,1301
2012/11/5,7564,7591,7480,7505,268620,1301
2012/11/6,7537,7565,7521,7552,167174,1301
2012/11/7,7656,7770,7633,7739,358534,1301
2012/11/8,7641,7697,7640,7666,206414,1301
2012/11/9,7735,7794,7731,7757,262132,1301
2012/11/12,7820,7833,7750,7804,250436,1301
2012/11/13,7710,7726,7673,7717,187232,1301
2012/11/14,7785,7803,7752,7801,181226,1301
2012/11/15,7760,7794,7751,7767,173616,1301
2012/11/16,7773,7781,7687,7713,215194,1301
2012/11/19,7730,7790,7726,7771,192192,1301
2012/11/20,7852,7892,7838,7867,218090,1301
2012/11/21,7864,7864,7801,7830,159308,1301
2012/11/22,7898,7923,7869,7869,149390,1301
2012/11/23,7873,7918,7840,7911,157372,1301
2012/11/26,7995,8033,7970,8021,225962,1301
2012/11/27,8043,8058,8005,8014,203708,1301
2012/11/28,7990,7997,7917,7952,208008,1301
2012/11/29,7925,7929,7860,7866,202262,1301
2012/11/30,7965,7978,7928,7963,210734,1301
2012/12/3,7865,7865,7789,7800,237572,1301
2012/12/4,7786,7786,7680,7701,251742,1301
2012/12/5,7656,7728,7646,7722,222312,1301
2012/12/6,7694,7703,7610,7625,242694,1301
2012/12/7,7689,7707,7656,7674,166778,1301
2012/12/10,7701,7744,7699,7729,135758,1301
2012/12/11,7697,7699,7656,7696,124312,1301
2012/12/12,7669,7709,7662,7694,127032,1301
2012/12/13,7705,7705,7558,7573,226532,1306
2012/12/14,7518,7603,7509,7565,211004,1306
2012/12/17,7513,7574,7465,7513,268600,1306
2012/12/18,7538,7614,7537,7609,295492,1306
2012/12/19,7477,7483,7425,7442,246968,1306
2012/12/20,7342,7362,7296,7337,233014,1306
2012/12/21,7121,7126,7041,7067,345726,1306
2012/12/24,7083,7151,7068,7135,262286,1306
2012/12/25,7083,7113,7035,7050,244092,1306
2012/12/26,7068,7088,7046,7061,210832,1306
2012/12/27,7064,7129,7051,7092,277830,1306
2012/12/28,7126,7176,7125,7150,229654,1306
2012/12/31,7171,7191,7114,7160,208232,1306
2013/1/4,7039,7040,6926,6959,258306,1306
2013/1/7,7063,7166,7054,7125,288146,1306
2013/1/8,7151,7153,7091,7104,195804,1306
2013/1/9,7149,7171,7135,7162,174856,1306
2013/1/10,7131,7160,7111,7158,142480,1306
2013/1/11,7223,7248,7191,7202,208212,1306
2013/1/14,7152,7225,7142,7212,173020,1306
2013/1/15,7288,7325,7239,7278,264790,1306
2013/1/16,7363,7365,7318,7332,178166,1306
2013/1/17,7345,7345,7288,7313,150812,1306
2013/1/18,7365,7398,7352,7396,183112,1306
2013/1/21,7414,7431,7381,7384,151058,1306
2013/1/22,7408,7440,7398,7427,145342,1306
2013/1/23,7443,7448,7408,7419,93064,1306
2013/1/24,7356,7388,7321,7335,159904,1306
2013/1/25,7271,7315,7267,7306,122532,1306
2013/1/28,7236,7248,7216,7236,106206,1306
2013/1/29,7213,7251,7199,7249,134520,1306
2013/1/30,7263,7283,7263,7271,105238,1306
2013/1/31,7365,7402,7358,7399,119448,1306
2013/2/1,7293,7295,7263,7289,136754,1306
2013/2/4,7331,7366,7314,7340,142104,1306
2013/2/5,7327,7359,7316,7351,119484,1306
2013/2/6,7352,7355,7318,7330,88676,1306
2013/2/7,7344,7366,7329,7335,106976,1306
2013/2/8,7263,7303,7233,7285,98408,1306
2013/2/18,7022,7027,6975,7003,136064,1306
2013/2/19,7000,7021,6993,7008,93268,1306
2013/2/20,6936,6955,6913,6940,167676,1306
2013/2/21,6821,6821,6685,6725,260814,1306
2013/2/22,6759,6789,6751,6779,148990,1306
2013/2/25,6752,6807,6733,6777,160606,1306
2013/2/26,6808,6841,6769,6778,160482,1306
2013/2/27,6873,6875,6829,6845,140766,1306
2013/2/28,6819,6829,6808,6813,104102,1306
2013/3/1,6732,6749,6697,6725,134078,1306
2013/3/4,6778,6783,6736,6761,120306,1306
2013/3/5,6757,6827,6748,6822,147038,1306
2013/3/6,6778,6826,6778,6795,158216,1306
2013/3/7,6831,6833,6791,6807,134436,1306
2013/3/8,6796,6803,6758,6777,131012,1306
2013/3/11,6803,6829,6791,6823,132830,1306
2013/3/12,6814,6819,6778,6778,96506,1306
2013/3/13,6833,6833,6804,6818,131258,1306
2013/3/14,6782,6782,6673,6747,198510,1306
2013/3/15,6747,6774,6724,6763,136176,1306
2013/3/18,6772,6773,6666,6712,218586,1306
2013/3/19,6743,6754,6723,6753,104700,1306
2013/3/20,6746,6761,6718,6752,102868,1306
2013/3/21,6713,6759,6704,6749,127120,1306
2013/3/22,6790,6793,6765,6777,115434,1306
2013/3/25,6703,6745,6697,6717,113320,1306
2013/3/26,6718,6730,6695,6704,105996,1306
2013/3/27,6716,6720,6569,6575,319702,1306
2013/3/28,6650,6695,6641,6665,250694,1306
2013/3/29,6583,6603,6524,6565,176690,1306
2013/4/1,6564,6571,6463,6470,201872,1306
2013/4/2,6514,6528,6474,6497,172648,1306
2013/4/3,6343,6344,6271,6280,261454,1306
2013/4/8,6352,6373,6324,6360,176572,1306
2013/4/9,6343,6398,6342,6394,162138,1306
2013/4/10,6485,6498,6463,6498,151478,1306
2013/4/11,6397,6423,6377,6392,158282,1306
2013/4/12,6423,6423,6395,6405,100244,1306
2013/4/15,6067,6067,6067,6067,14618,1306
2013/4/16,5586,5586,5586,5586,56066,1306
2013/4/17,5573,5616,5458,5497,612936,1306
2013/4/18,5405,5479,5259,5443,659300,1306
2013/4/19,5435,5575,5419,5521,477892,1306
2013/4/22,5503,5531,5457,5468,304622,1306
2013/4/23,5468,5492,5284,5320,528696,1306
2013/4/24,5351,5455,5312,5423,496746,1306
2013/4/25,5426,5476,5397,5426,363126,1306
2013/4/26,5676,5763,5606,5618,406698,1306
2013/5/2,5468,5496,5415,5475,213340,1306
2013/5/3,5493,5589,5482,5587,232054,1306
2013/5/6,5623,5649,5545,5563,205634,1312
2013/5/7,5527,5540,5384,5397,543370,1312
2013/5/8,5455,5499,5427,5477,456092,1312
2013/5/9,5455,5560,5453,5523,503712,1312
2013/5/10,5445,5515,5425,5514,387560,1312
2013/5/13,5485,5520,5435,5441,448140,1312
2013/5/14,5475,5493,5441,5446,359648,1312
2013/5/15,5396,5413,5288,5296,552498,1312
2013/5/16,5254,5285,5219,5251,570488,1312
2013/5/17,5266,5291,5220,5227,558146,1312
2013/5/20,5045,5130,4978,5017,842816,1312
2013/5/21,5245,5293,5176,5259,802662,1312
2013/5/22,5235,5257,5197,5245,479390,1312
2013/5/23,5153,5180,5110,5174,561584,1312
2013/5/24,5195,5231,5163,5198,464634,1312
2013/5/27,5167,5249,5155,5239,352650,1312
2013/5/28,5213,5239,5200,5206,327356,1312
2013/5/29,5198,5210,5137,5139,523550,1312
2013/5/30,5175,5241,5165,5228,479300,1312
2013/5/31,5244,5282,5236,5263,327216,1312
2013/6/3,5205,5219,5175,5196,296834,1312
2013/6/4,5251,5260,5212,5220,235944,1312
2013/6/5,5211,5239,5187,5222,277668,1312
2013/6/6,5205,5211,5165,5177,226454,1312
2013/6/7,5233,5259,5220,5228,260218,1312
2013/6/13,5058,5105,5055,5088,215416,1312
2013/6/14,5085,5089,5047,5060,210800,1312
2013/6/17,5096,5110,5086,5087,149758,1312
2013/6/18,5085,5094,5057,5068,187186,1312
2013/6/19,5055,5064,5016,5059,236998,1312
2013/6/20,4963,4971,4823,4888,298892,1312
2013/6/21,4675,4715,4675,4677,304670,1312
2013/6/24,4717,4725,4579,4593,500922,1312
2013/6/25,4615,4640,4576,4617,442052,1312
2013/6/26,4601,4606,4392,4451,1142838,1312
2013/6/27,4427,4469,4390,4433,849368,1312
2013/6/28,4364,4460,4305,4434,1111408,1312
2013/7/1,4550,4629,4521,4629,896516,1312
2013/7/2,4625,4639,4585,4633,647658,1312
2013/7/3,4593,4614,4566,4601,586626,1312
2013/7/4,4631,4635,4600,4603,342352,1312
2013/7/5,4595,4603,4487,4513,917482,1312
2013/7/8,4464,4469,4407,4421,1939664,1312
2013/7/9,4495,4580,4467,4535,1773534,1312
2013/7/10,4512,4527,4461,4499,1997926,1312
2013/7/11,4519,4735,4485,4671,2227978,1312
2013/7/12,4684,4698,4614,4626,1985888,1312
2013/7/15,4628,4705,4625,4645,1938500,1312
2013/7/16,4629,4655,4601,4639,1565754,1312
2013/7/17,4655,4672,4627,4644,1512418,1312
2013/7/18,4667,4688,4509,4534,2875250,1312
2013/7/19,4558,4587,4507,4537,3087694,1312
2013/7/22,4548,4667,4540,4647,2064822,1312
2013/7/23,4717,4729,4674,4683,1995634,1312
2013/7/24,4663,4714,4660,4695,1492750,1312
2013/7/25,4665,4681,4635,4654,1668404,1312
2013/7/26,4663,4681,4646,4651,1051696,1312
2013/7/29,4605,4625,4548,4555,1780284,1312
2013/7/30,4590,4590,4542,4546,1271962,1312
2013/7/31,4559,4604,4530,4585,1438120,1312
2013/8/1,4556,4574,4506,4536,2428990,1312
2013/8/2,4563,4564,4464,4482,1928122,1312
2013/8/5,4613,4625,4567,4586,1808828,1312
2013/8/6,4545,4559,4522,4540,1154302,1312
2013/8/7,4541,4542,4487,4513,1056722,1312
2013/8/8,4495,4600,4492,4567,1369088,1312
2013/8/9,4598,4683,4586,4641,2204684,1312
2013/8/12,4650,4874,4642,4854,3397322,1312
2013/8/13,4844,4978,4844,4950,2750170,1312
2013/8/14,4952,4973,4895,4903,4039498,1312
2013/8/15,4953,5069,4921,5026,3774164,1312
2013/8/16,4980,5243,4971,5223,4233794,1312
2013/8/19,5215,5354,5205,5245,5088030,1312
2013/8/20,5245,5266,5050,5128,5042070,1312
2013/8/21,5205,5249,5150,5192,4948762,1312
2013/8/22,5206,5220,5123,5187,4599914,1312
2013/8/23,5223,5263,5186,5240,3426000,1312
2013/8/26,5233,5508,5230,5499,5119342,1312
2013/8/27,5491,5580,5446,5509,5141320,1312
2013/8/28,5585,5698,5566,5657,4964648,1312
2013/8/29,5661,5680,5331,5443,6379402,1312
2013/8/30,5461,5461,5331,5355,5609278,1312
2013/9/2,5325,5531,5280,5498,5498110,1312
2013/9/3,5496,5514,5441,5477,3789120,1312
2013/9/4,5540,5561,5391,5442,4064880,1312
2013/9/5,5355,5385,5267,5312,3873272,1312
2013/9/6,5329,5334,5257,5314,4127394,1312
2013/9/9,5395,5435,5377,5416,3240356,1312
2013/9/10,5371,5416,5298,5333,3133352,1312
2013/9/11,5277,5309,5201,5279,3805662,1312
2013/9/12,5263,5287,5199,5201,2774396,1312
2013/9/13,5045,5084,4977,5010,3534604,1312
2013/9/16,5038,5107,4974,5009,3789360,1312
2013/9/17,5000,5073,4996,5050,3682646,1312
2013/9/18,5017,5038,4932,5014,3723242,1312
2013/9/23,4995,5021,4810,4991,1706022,1312
2013/9/24,4986,5063,4980,4987,3469360,1312
2013/9/25,4920,5032,4911,5004,3210934,1312
2013/9/26,4978,5038,4974,4993,2829900,1312
2013/9/27,5027,5028,4953,4957,2117576,1312
2013/9/30,5005,5013,4969,4995,1342150,1312
2013/10/8,5085,5140,5068,5127,863480,1312
2013/10/9,5127,5148,5101,5111,1806840,1312
2013/10/10,5033,5061,5018,5032,1773790,1312
2013/10/11,5038,5049,4959,4962,1823428,1312
2013/10/14,4900,4943,4877,4926,2306044,1312
2013/10/15,4950,4956,4855,4874,2030902,1312
2013/10/16,4842,4930,4841,4924,2678470,1312
2013/10/17,4919,4978,4875,4876,3397410,1312
2013/10/18,5005,5026,4973,5025,2315668,1312
2013/10/21,5025,5103,5008,5091,1885758,1312
2013/10/22,5092,5112,5056,5072,1854220,1312
2013/10/23,5113,5200,5108,5173,2799262,1312
2013/10/24,5180,5192,5145,5179,2160304,1312
2013/10/25,5176,5190,5089,5107,1956162,1312
2013/10/28,5103,5150,5070,5112,2382762,1312
2013/10/29,5112,5132,5092,5129,1832958,1312
2013/10/30,5115,5168,5087,5158,1973714,1312
2013/10/31,5195,5231,5052,5078,2674172,1312
2013/11/1,4990,5029,4978,5007,1662600,1312
2013/11/4,4996,5008,4961,4970,1463956,1312
2013/11/5,4995,5008,4946,4969,1247130,1312
2013/11/6,4975,4987,4956,4982,1090478,1312
2013/11/7,5015,5020,4975,5011,1097966,1312
2013/11/8,5029,5033,4905,4980,1923370,1312
2013/11/11,4982,5014,4906,4920,2084728,1312
2013/11/12,4916,4927,4858,4895,1200020,1312
2013/11/13,4895,4904,4798,4828,1642810,1312
2013/11/14,4840,4877,4800,4852,1788150,1312
2013/11/15,4838,4868,4824,4837,1593220,1312
2013/11/18,4840,4850,4819,4839,1010004,1312
2013/11/19,4815,4827,4752,4779,1248374,1312
2013/11/20,4795,4828,4779,4822,1260504,1312
2013/11/21,4797,4815,4718,4741,1534776,1312
2013/11/22,4750,4762,4728,4741,986980,1312
2013/11/25,4745,4760,4687,4693,874790,1312
2013/11/26,4712,4776,4691,4764,930452,1312
2013/11/27,4740,4753,4732,4749,559096,1312
2013/11/28,4750,4762,4703,4727,799684,1406
2013/11/29,4729,4739,4709,4724,616656,1406
2013/12/2,4777,4777,4727,4747,935634,1406
2013/12/3,4723,4728,4638,4655,1435238,1406
2013/12/4,4651,4656,4620,4640,1531380,1406
2013/12/5,4659,4727,4640,4691,2001458,1406
2013/12/6,4672,4720,4652,4699,2343196,1406
2013/12/9,4693,4758,4660,4729,3018118,1406
2013/12/10,4730,4813,4729,4809,2048834,1406
2013/12/11,4828,4871,4825,4853,2453760,1406
2013/12/12,4844,4887,4840,4858,2052732,1406
2013/12/13,4770,4780,4661,4679,3156432,1406
2013/12/16,4695,4721,4681,4693,2245612,1406
2013/12/17,4705,4849,4703,4796,4046964,1406
2013/12/18,4773,4824,4729,4782,3755048,1406
2013/12/19,4778,4811,4672,4715,3439356,1406
2013/12/20,4657,4669,4623,4636,2712018,1406
2013/12/23,4642,4707,4632,4678,2783272,1406
2013/12/24,4691,4702,4642,4653,1930942,1406
2013/12/25,4661,4690,4647,4679,1564986,1406
2013/12/26,4683,4692,4659,4676,1179044,1406
2013/12/27,4681,4779,4678,4773,2904058,1406
2013/12/30,4761,4810,4726,4736,2886732,1406
2013/12/31,4717,4751,4656,4676,2712884,1406
2014/1/2,4695,4803,4694,4790,1602996,1406
2014/1/3,4773,4815,4752,4790,2761576,1406
2014/1/6,4792,4827,4758,4771,2672588,1406
2014/1/7,4758,4802,4748,4770,2765338,1406
2014/1/8,4747,4764,4657,4665,3285602,1406
2014/1/9,4677,4694,4587,4627,3737784,1406
2014/1/10,4639,4694,4603,4661,3293378,1406
2014/1/13,4675,4780,4631,4721,4218540,1406
2014/1/14,4712,4782,4673,4755,3671768,1406
2014/1/15,4744,4789,4702,4719,3981698,1406
2014/1/16,4695,4741,4684,4716,3026456,1406
2014/1/17,4702,4740,4697,4720,2169836,1406
2014/1/20,4728,4765,4723,4755,2118776,1406
2014/1/21,4762,4770,4719,4729,1309466,1406
2014/1/22,4679,4692,4648,4667,2258252,1406
2014/1/23,4676,4683,4628,4650,1559286,1406
2014/1/24,4700,4732,4689,4701,2530326,1406
2014/1/27,4736,4741,4656,4679,2117330,1406
2014/1/28,4677,4692,4654,4679,1812776,1406
2014/1/29,4678,4680,4641,4662,1319710,1406
2014/1/30,4675,4689,4617,4638,1210638,1406
2014/2/7,4707,4708,4655,4673,412980,1406
2014/2/10,4677,4730,4657,4726,1950536,1406
2014/2/11,4745,4753,4699,4710,1735816,1406
2014/2/12,4727,4731,4680,4712,2295082,1406
2014/2/13,4727,4734,4706,4713,1665284,1406
2014/2/14,4721,4827,4712,4826,2480476,1406
2014/2/17,4882,5017,4862,5017,2727756,1406
2014/2/18,5018,5060,4961,4989,3059920,1406
2014/2/19,4976,5046,4962,5009,3714632,1406
2014/2/20,5016,5039,4930,4965,3578102,1406
2014/2/21,4960,4998,4948,4971,2749468,1406
2014/2/24,4984,5002,4910,4985,3120350,1406
2014/2/25,5027,5038,4982,4986,3345578,1406
2014/2/26,4977,5045,4960,5018,3540346,1406
2014/2/27,4964,4964,4828,4860,4259772,1406
2014/2/28,4882,4902,4849,4859,3056448,1406
2014/3/3,4873,4927,4852,4911,2660878,1406
2014/3/4,4902,4934,4858,4865,2896910,1406
2014/3/5,4847,4881,4839,4864,2443770,1406
2014/3/6,4864,4881,4843,4859,1893578,1406
2014/3/7,4855,4931,4852,4909,2508262,1406
2014/3/10,4882,4899,4715,4742,3954986,1406
2014/3/11,4770,4806,4747,4771,2024496,1406
2014/3/12,4811,4843,4727,4811,3141810,1406
2014/3/13,4818,4894,4806,4852,2800848,1406
2014/3/14,4823,4863,4817,4846,2155606,1406
2014/3/17,4942,4965,4846,4883,2785618,1406
2014/3/18,4876,4885,4798,4821,2231534,1406
2014/3/19,4737,4808,4733,4788,2067478,1406
2014/3/20,4763,4824,4741,4769,3038494,1406
2014/3/21,4712,4768,4708,4747,1831372,1406
2014/3/24,4762,4773,4715,4729,1428226,1406
2014/3/25,4724,4730,4687,4718,1826138,1406
2014/3/26,4715,4742,4703,4741,1562460,1406
2014/3/27,4727,4732,4679,4705,1823344,1406
2014/3/28,4699,4721,4689,4716,1343874,1406
2014/3/31,4711,4735,4698,4705,1328368,1406
2014/4/1,4708,4723,4668,4694,1288606,1406
2014/4/2,4699,4706,4687,4702,906920,1406
2014/4/3,4722,4725,4697,4716,989192,1406
2014/4/4,4693,4703,4689,4698,742022,1406
2014/4/8,4704,4747,4698,4741,510158,1406
2014/4/9,4747,4754,4728,4732,882738,1406
2014/4/10,4677,4747,4676,4734,1072752,1406
2014/4/11,4751,4753,4719,4725,997636,1406
2014/4/14,4725,4747,4722,4743,806212,1406
2014/4/15,4728,4744,4684,4686,1041368,1406
2014/4/16,4627,4655,4614,4641,1509138,1406
2014/4/17,4659,4661,4628,4634,965550,1406
2014/4/18,4641,4645,4619,4628,643384,1406
2014/4/21,4628,4636,4549,4567,853788,1406
2014/4/22,4578,4601,4557,4588,979376,1406
2014/4/23,4586,4612,4573,4594,941766,1406
2014/4/24,4593,4608,4584,4605,644956,1406
2014/4/25,4573,4754,4570,4647,2221006,1406
2014/4/28,4662,4697,4656,4681,1450404,1406
2014/4/29,4694,4695,4652,4653,1101274,1406
2014/4/30,4657,4668,4632,4642,758010,1406
2014/5/5,4660,4685,4647,4673,250258,1406
2014/5/6,4685,4690,4654,4674,560348,1406
2014/5/7,4678,4685,4670,4679,479156,1406
2014/5/8,4666,4669,4617,4632,773628,1406
2014/5/9,4622,4640,4607,4633,531224,1406
2014/5/12,4633,4668,4624,4664,595978,1406
2014/5/13,4689,4705,4653,4664,509068,1412
2014/5/14,4679,4689,4664,4686,356140,1412
2014/5/15,4735,4739,4698,4706,655744,1412
2014/5/16,4685,4693,4652,4656,707062,1412
2014/5/19,4650,4689,4642,4686,662404,1412
2014/5/20,4696,4698,4651,4662,709702,1412
2014/5/21,4652,4697,4647,4683,911236,1412
2014/5/22,4668,4703,4664,4701,825028,1412
2014/5/23,4714,4715,4675,4698,772024,1412
2014/5/26,4692,4699,4681,4691,472584,1412
2014/5/27,4693,4696,4655,4656,463534,1412
2014/5/28,4636,4646,4616,4636,942616,1412
2014/5/29,4641,4643,4586,4591,898466,1412
2014/5/30,4594,4627,4593,4625,837394,1412
2014/6/3,4600,4610,4552,4608,312156,1412
2014/6/4,4599,4614,4589,4606,577894,1412
2014/6/5,4609,4619,4599,4611,537656,1412
2014/6/6,4642,4653,4625,4640,724202,1412
2014/6/9,4636,4643,4601,4627,723684,1412
2014/6/10,4633,4634,4616,4623,384502,1412
2014/6/11,4628,4650,4626,4644,459270,1412
2014/6/12,4647,4647,4619,4628,423912,1412
2014/6/13,4632,4700,4628,4691,1013246,1412
2014/6/16,4684,4752,4674,4726,929098,1412
2014/6/17,4720,4721,4676,4688,859212,1412
2014/6/18,4684,4714,4680,4695,701454,1412
2014/6/19,4695,4745,4693,4734,908184,1412
2014/6/20,4762,4938,4758,4905,3435902,1412
2014/6/23,4908,4962,4898,4927,2187908,1412
2014/6/24,4943,4943,4905,4930,1345170,1412
2014/6/25,4949,4960,4876,4909,1907538,1412
2014/6/26,4918,4948,4898,4905,1363994,1412
2014/6/27,4913,4954,4903,4916,1384210,1412
2014/6/30,4920,4936,4872,4889,1051206,1412
2014/7/1,4885,4938,4877,4902,1168864,1412
2014/7/2,4908,4930,4891,4912,1038612,1412
2014/7/3,4912,4939,4885,4898,1266292,1412
2014/7/4,4905,4928,4897,4923,1045254,1412
2014/7/7,4917,4926,4830,4856,860316,1412
2014/7/8,4866,4885,4847,4880,755290,1412
2014/7/9,4888,4904,4862,4893,1055534,1412
2014/7/10,4901,4930,4868,4904,1112624,1412
2014/7/11,4944,4995,4940,4991,1360226,1412
2014/7/14,4983,4990,4917,4923,965344,1412
2014/7/15,4910,4910,4877,4897,864812,1412
2014/7/16,4897,4915,4852,4868,1208670,1412
2014/7/17,4875,4892,4861,4882,642114,1412
2014/7/18,4881,4941,4873,4907,1039886,1412
2014/7/21,4885,4906,4863,4905,761380,1412
2014/7/22,4911,4912,4885,4898,674040,1412
2014/7/23,4908,4930,4893,4911,837118,1412
2014/7/24,4915,4920,4870,4891,711982,1412
2014/7/25,4895,4897,4821,4840,1405948,1412
2014/7/28,4847,4900,4828,4866,905170,1412
2014/7/29,4869,4871,4851,4862,585510,1412
2014/7/30,4881,4883,4840,4859,736204,1412
2014/7/31,4859,4879,4844,4877,649986,1412
2014/8/1,4865,4866,4835,4845,773312,1412
2014/8/4,4860,4883,4846,4859,745478,1412
2014/8/5,4858,4865,4813,4844,714512,1412
2014/8/6,4828,4828,4775,4782,1182886,1412
2014/8/7,4800,4825,4797,4807,781926,1412
2014/8/8,4800,4831,4788,4823,793116,1412
2014/8/11,4803,4813,4791,4799,586666,1412
2014/8/12,4810,4815,4801,4808,412464,1412
2014/8/13,4818,4820,4785,4807,506238,1412
2014/8/14,4808,4811,4764,4785,685780,1412
2014/8/15,4783,4797,4776,4786,453006,1412
2014/8/18,4724,4757,4683,4703,1198662,1412
2014/8/19,4709,4712,4692,4692,373316,1412
2014/8/20,4689,4690,4645,4678,795890,1412
2014/8/21,4678,4705,4654,4668,758432,1412
2014/8/22,4664,4704,4661,4692,508332,1412
2014/8/25,4680,4699,4673,4684,556536,1412
2014/8/26,4684,4719,4672,4716,474272,1412
2014/8/27,4725,4728,4686,4702,537758,1412
2014/8/28,4705,4745,4681,4739,666712,1412
2014/8/29,4749,4749,4718,4732,608892,1412
2014/9/1,4729,4744,4710,4722,446122,1412
2014/9/2,4710,4725,4689,4693,366706,1412
2014/9/3,4672,4686,4664,4681,602166,1412
2014/9/4,4673,4689,4672,4678,291490,1412
2014/9/5,4681,4712,4659,4675,619874,1412
2014/9/9,4670,4678,4652,4662,189744,1412
2014/9/10,4660,4694,4639,4684,621716,1412
2014/9/11,4673,4685,4658,4668,491756,1412
2014/9/12,4648,4657,4588,4627,1003966,1412
2014/9/15,4616,4632,4595,4628,581616,1412
2014/9/16,4621,4666,4614,4636,550474,1412
2014/9/17,4635,4659,4632,4651,540762,1412
2014/9/18,4645,4672,4609,4615,514266,1412
2014/9/19,4598,4658,4592,4623,826186,1412
2014/9/22,4627,4633,4380,4380,2427488,1412
2014/9/23,4387,4405,4332,4347,1902036,1412
2014/9/24,4369,4402,4352,4378,957134,1412
2014/9/25,4355,4377,4295,4321,1781956,1412
2014/9/26,4320,4426,4294,4392,1582578,1412
2014/9/29,4362,4417,4350,4386,903886,1412
2014/9/30,4390,4423,4384,4399,537308,1412
2014/10/8,4371,4399,4326,4369,510916,1412
2014/10/9,4373,4420,4350,4406,1040930,1412
2014/10/10,4402,4463,4383,4392,1334068,1412
2014/10/13,4397,4446,4375,4428,1121592,1412
2014/10/14,4408,4430,4398,4415,667994,1412
2014/10/15,4422,4430,4363,4365,947016,1412
2014/10/16,4398,4458,4391,4402,1609622,1412
2014/10/17,4390,4412,4362,4394,1147472,1412
2014/10/20,4387,4404,4375,4402,794282,1412
2014/10/21,4406,4417,4395,4410,716048,1412
2014/10/22,4430,4436,4402,4413,760392,1412
2014/10/23,4375,4388,4357,4369,930950,1412
2014/10/24,4371,4380,4353,4379,743580,1412
2014/10/27,4377,4385,4356,4359,683730,1412
2014/10/28,4363,4379,4346,4361,686952,1412
2014/10/29,4383,4392,4361,4377,588402,1412
2014/10/30,4361,4385,4278,4290,1240642,1412
2014/10/31,4240,4260,4154,4154,2100408,1412
2014/11/3,4080,4085,4003,4033,1936994,1412
2014/11/4,4050,4064,4019,4035,887822,1412
2014/11/5,4028,4040,3895,3905,1229546,1412
2014/11/6,3850,3899,3832,3858,1615292,1412
2014/11/7,3847,3876,3786,3861,1447944,1412
2014/11/10,3872,3990,3864,3952,2389448,1506
2014/11/11,3929,3960,3918,3933,1633212,1506
2014/11/12,3933,3985,3933,3972,1184294,1506
2014/11/13,3953,3978,3933,3953,1258154,1506
2014/11/14,3963,3982,3850,3871,1998724,1506
2014/11/17,3876,4084,3853,4068,4392426,1506
2014/11/18,4051,4083,4025,4055,2361452,1506
2014/11/19,4063,4074,4034,4057,1719892,1506
2014/11/20,4054,4115,3981,4033,3399466,1506
2014/11/21,4045,4060,4023,4057,1808744,1506
2014/11/24,4081,4131,4065,4080,2460648,1506
2014/11/25,4071,4101,4065,4100,1145936,1506
2014/11/26,4105,4111,4064,4090,1897038,1506
2014/11/27,4082,4090,4020,4064,1647784,1506
2014/11/28,4057,4058,3992,4003,1301338,1506
2014/12/1,3998,4012,3857,3857,2265360,1506
2014/12/2,3913,4176,3911,4083,5362976,1506
2014/12/3,4043,4124,4036,4090,4649196,1506
2014/12/4,4093,4125,4077,4109,2372274,1506
2014/12/5,4105,4166,4078,4129,3211152,1506
2014/12/8,4128,4157,4063,4092,3172562,1506
2014/12/9,4094,4133,4070,4130,1853536,1506
2014/12/10,4164,4266,4162,4266,3439846,1506
2014/12/11,4273,4348,4249,4264,4166320,1506
2014/12/12,4273,4311,4256,4283,2379500,1506
2014/12/15,4306,4317,4221,4276,2068550,1506
2014/12/16,4248,4260,4100,4120,2285282,1506
2014/12/17,4196,4205,4017,4070,4471222,1506
2014/12/18,4068,4130,3999,4102,3447224,1506
2014/12/19,4103,4142,4075,4103,2349256,1506
2014/12/22,4094,4124,4086,4121,1675818,1506
2014/12/23,4120,4120,4021,4042,2183162,1506
2014/12/24,4025,4102,3994,4057,1978900,1506
2014/12/25,4051,4056,4029,4042,935536,1506
2014/12/26,4044,4092,4041,4078,680196,1506
2014/12/29,4119,4125,4077,4103,1280768,1506
2014/12/30,4090,4120,4056,4084,1554396,1506
2014/12/31,4079,4208,4075,4150,2393764,1506
2015/1/5,4126,4144,4106,4135,513798,1506
2015/1/6,4118,4194,4090,4182,2199972,1506
2015/1/7,4172,4224,4158,4182,1865876,1506
2015/1/8,4168,4206,4165,4176,1434122,1506
2015/1/9,4196,4214,4172,4183,1415890,1506
2015/1/12,4173,4237,4148,4229,2522336,1506
2015/1/13,4205,4273,4199,4244,1816952,1506
2015/1/14,4263,4292,4198,4236,2630104,1506
2015/1/15,4220,4270,4184,4201,2546564,1506
2015/1/16,4263,4288,4241,4270,2161856,1506
2015/1/19,4266,4411,4261,4395,3544420,1506
2015/1/20,4398,4428,4373,4398,1461346,1506
2015/1/21,4450,4547,4415,4518,2675070,1506
2015/1/22,4515,4562,4426,4447,3079184,1506
2015/1/23,4471,4514,4450,4487,2627510,1506
2015/1/26,4493,4515,4442,4477,1834432,1506
2015/1/27,4464,4469,4391,4443,1982320,1506
2015/1/28,4443,4465,4421,4434,1463626,1506
2015/1/29,4445,4448,4378,4394,1446720,1506
2015/1/30,4341,4349,4192,4201,2849430,1506
2015/2/2,4221,4299,4179,4260,2755340,1506
2015/2/3,4248,4309,4231,4297,1905866,1506
2015/2/4,4296,4303,4240,4273,2230030,1506
2015/2/5,4282,4338,4277,4303,2235044,1506
2015/2/6,4283,4305,4256,4301,1745320,1506
2015/2/9,4303,4315,4194,4223,2979798,1506
2015/2/10,4234,4258,4221,4246,1248764,1506
2015/2/11,4235,4266,4218,4246,1462208,1506
2015/2/12,4243,4249,4185,4213,1601470,1506
2015/2/13,4227,4277,4210,4259,1544114,1506
2015/2/16,4251,4328,4248,4314,1663548,1506
2015/2/17,4304,4323,4283,4300,590260,1506
2015/2/25,4191,4231,4190,4218,392598,1506
2015/2/26,4216,4240,4206,4229,795474,1506
2015/2/27,4245,4256,4218,4234,956158,1506
2015/3/2,4220,4275,4208,4259,1381658,1506
2015/3/3,4252,4261,4116,4214,2033996,1506
2015/3/4,4219,4236,4176,4186,1798608,1506
2015/3/5,4188,4197,4144,4167,1485834,1506
2015/3/6,4163,4188,4141,4160,1089368,1506
2015/3/9,4152,4159,4062,4098,2174538,1506
2015/3/10,4090,4096,4050,4052,1283922,1506
2015/3/11,4071,4089,4061,4078,1099402,1506
2015/3/12,4061,4088,4003,4081,2324538,1506
2015/3/13,4067,4098,4053,4070,1316696,1506
2015/3/16,4076,4107,4045,4097,1360990,1506
2015/3/17,4083,4100,4056,4071,1220700,1506
2015/3/18,4056,4086,4026,4048,1741986,1506
2015/3/19,4130,4165,4130,4130,1783026,1506
2015/3/20,4120,4163,4119,4144,1391082,1506
2015/3/23,4153,4283,4151,4262,2610940,1506
2015/3/24,4277,4327,4274,4298,1815344,1506
2015/3/25,4309,4320,4262,4280,1427656,1506
2015/3/26,4318,4338,4279,4320,1511626,1506
2015/3/27,4308,4314,4274,4295,1225598,1506
2015/3/30,4297,4304,4240,4243,1551364,1506
2015/3/31,4233,4243,4176,4184,1392912,1506
2015/4/1,4208,4224,4171,4193,1166888,1506
2015/4/2,4208,4258,4203,4247,1493140,1506
2015/4/3,4220,4235,4191,4223,1151628,1506
2015/4/7,4224,4258,4219,4241,336968,1506
2015/4/8,4239,4252,4226,4244,677522,1506
2015/4/9,4234,4244,4117,4132,1520726,1506
2015/4/10,4124,4143,4098,4126,1064078,1506
2015/4/13,4154,4193,4144,4165,1199680,1506
2015/4/14,4161,4170,4107,4129,1048738,1506
2015/4/15,4113,4164,4111,4138,1106310,1506
2015/4/16,4136,4190,4131,4179,998014,1506
2015/4/17,4188,4198,4138,4151,1217854,1506
2015/4/20,4148,4183,4145,4181,814654,1506
2015/4/21,4134,4141,4088,4114,1204686,1506
2015/4/22,4121,4146,4109,4134,876500,1506
2015/4/23,4125,4126,4071,4080,1418428,1506
2015/4/24,4086,4116,4079,4103,1024546,1506
2015/4/27,4093,4112,4055,4100,1321720,1506
2015/4/28,4110,4237,4108,4226,2171488,1506
2015/4/29,4254,4282,4211,4227,1607256,1506
2015/4/30,4245,4276,4219,4227,1471756,1506
2015/5/4,4168,4205,4143,4192,455382,1506
2015/5/5,4208,4283,4194,4208,928228,1506
2015/5/6,4245,4254,4218,4225,872114,1506
2015/5/7,4237,4246,4186,4199,794696,1506
2015/5/8,4179,4213,4166,4202,570650,1506
2015/5/11,4208,4233,4191,4205,701450,1506
2015/5/12,4216,4226,4150,4179,660034,1506
2015/5/13,4208,4256,4185,4253,808636,1512
2015/5/14,4361,4363,4295,4341,1579674,1512
2015/5/15,4353,4381,4328,4357,1363988,1512
2015/5/18,4354,4440,4343,4425,1328736,1512
2015/5/19,4425,4432,4355,4375,1219326,1512
2015/5/20,4343,4348,4217,4260,1786804,1512
2015/5/21,4268,4307,4263,4289,1035726,1512
2015/5/22,4264,4310,4256,4294,906614,1512
2015/5/25,4278,4290,4243,4277,857864,1512
2015/5/26,4273,4318,4227,4230,960868,1512
2015/5/27,4207,4257,4198,4238,905320,1512
2015/5/28,4216,4247,4206,4230,816096,1512
2015/5/29,4234,4238,4194,4228,906320,1512
2015/6/1,4233,4248,4214,4220,746350,1512
2015/6/2,4227,4305,4221,4237,1595452,1512
2015/6/3,4227,4268,4227,4241,898340,1512
2015/6/4,4221,4237,4181,4192,1052946,1512
2015/6/5,4178,4188,4133,4137,1178526,1512
2015/6/8,4123,4155,4110,4145,1141656,1512
2015/6/9,4137,4150,4123,4139,713624,1512
2015/6/10,4145,4158,4126,4147,733544,1512
2015/6/11,4168,4169,4129,4131,682574,1512
2015/6/12,4142,4148,4093,4135,954912,1512
2015/6/15,4113,4134,4105,4127,732592,1512
2015/6/16,4121,4164,4118,4150,938338,1512
2015/6/17,4140,4144,4099,4116,796382,1512
2015/6/18,4123,4175,4110,4159,1195098,1512
2015/6/19,4193,4203,4138,4146,1170000,1512
2015/6/23,4146,4155,4118,4120,336396,1512
2015/6/24,4103,4113,4043,4078,1156272,1512
2015/6/25,4074,4086,4058,4067,764046,1512
2015/6/26,4063,4075,4024,4029,716220,1512
2015/6/29,4038,4084,4011,4053,858156,1512
2015/6/30,4062,4068,3966,4019,1020996,1512
2015/7/1,4009,4064,3981,4010,1202886,1512
2015/7/2,4011,4039,3990,4002,766544,1512
2015/7/3,4029,4052,4012,4037,799520,1512
2015/7/6,4046,4047,3996,4012,594826,1512
2015/7/7,4012,4055,3988,4012,756348,1512
2015/7/8,3989,3991,3809,3809,1890404,1512
2015/7/9,3795,4001,3773,3954,1837522,1512
2015/7/10,3963,3991,3936,3958,1114704,1512
2015/7/13,3960,3998,3937,3957,951406,1512
2015/7/14,3948,3956,3837,3921,1126164,1512
2015/7/15,3928,3951,3912,3923,609924,1512
2015/7/17,3833,3903,3821,3855,834966,1512
2015/7/20,3823,3847,3755,3832,1450470,1512
2015/7/21,3811,3881,3798,3828,1513836,1512
2015/7/22,3833,3863,3789,3814,1096848,1512
2015/7/23,3808,3842,3800,3829,1013276,1512
2015/7/24,3828,3840,3761,3792,1186810,1512
2015/7/27,3773,3816,3723,3812,1497536,1512
2015/7/28,3794,3814,3776,3794,1012566,1512
2015/7/29,3794,3823,3791,3808,709150,1512
2015/7/30,3806,3852,3788,3796,1242198,1512
2015/7/31,3804,3828,3790,3792,864652,1512
2015/8/3,3812,3858,3802,3819,1047254,1512
2015/8/4,3807,3815,3741,3781,1031718,1512
2015/8/5,3791,3795,3764,3772,629832,1512
2015/8/6,3788,3799,3764,3781,656680,1512
2015/8/7,3773,3820,3771,3815,751408,1512
2015/8/10,3791,3847,3785,3836,1336552,1512
2015/8/11,3831,3962,3830,3934,2547806,1512
2015/8/12,3951,4107,3932,4099,2777698,1512
2015/8/13,4129,4136,4058,4086,2347042,1512
2015/8/14,4066,4086,4054,4074,1231488,1512
2015/8/17,4078,4108,4003,4033,2054958,1512
2015/8/18,4038,4049,4016,4021,923578,1512
2015/8/19,3993,3997,3938,3992,1519740,1512
2015/8/20,3987,4078,3984,4058,1710848,1512
2015/8/21,4075,4117,4062,4072,1887490,1512
2015/8/24,4063,4079,3987,4000,2584172,1512
2015/8/26,3972,3985,3889,3891,1849336,1512
2015/8/27,3848,3866,3809,3853,1569900,1512
2015/8/28,3833,3939,3828,3912,1953862,1512
2015/8/31,3899,3942,3880,3905,1509230,1512
2015/9/1,3894,3933,3874,3906,1042540,1512
2015/9/2,3905,3936,3889,3897,1053868,1512
2015/9/7,3898,3915,3886,3892,274768,1512
2015/9/8,3888,3899,3868,3896,790686,1512
2015/9/9,3918,3968,3900,3905,1826396,1512
2015/9/10,3906,3912,3878,3906,1121444,1512
2015/9/11,3911,3931,3894,3901,1069886,1512
2015/9/14,3888,3902,3844,3875,1431436,1512
2015/9/15,3864,3878,3857,3860,741524,1512
2015/9/16,3867,3888,3847,3880,812624,1512
2015/9/17,3921,3954,3910,3939,1438078,1512
2015/9/18,3937,4021,3928,3967,1679856,1512
2015/9/21,4023,4026,3963,3992,1103882,1512
2015/9/22,3981,3999,3975,3980,436048,1512
2015/9/23,3923,3946,3913,3930,633094,1512
2015/9/24,3935,3954,3923,3941,401002,1512
2015/9/25,3933,3990,3930,3964,787468,1512
2015/9/28,3963,3973,3925,3927,217100,1512
2015/9/29,3897,3900,3846,3859,641526,1512
2015/9/30,3878,3889,3863,3865,365528,1512
2015/10/8,4132,4132,4027,4040,513814,1512
2015/10/9,4003,4058,4002,4042,733804,1512
2015/10/12,4066,4069,4024,4062,705888,1512
2015/10/13,4059,4074,4005,4021,621122,1512
2015/10/14,4030,4067,4023,4051,667046,1512
2015/10/15,4052,4081,4047,4050,720162,1512
2015/10/16,4041,4056,4022,4022,622714,1512
2015/10/19,4033,4048,4001,4008,546388,1512
2015/10/20,4013,4033,3987,4013,512586,1512
2015/10/21,4012,4027,3987,3991,595040,1512
2015/10/22,3997,4008,3975,4006,577678,1512
2015/10/23,3997,4042,3989,4041,713716,1512
2015/10/26,4041,4041,3993,4008,573794,1512
2015/10/27,4011,4020,3997,4011,397592,1512
2015/10/28,4001,4035,3996,4026,522540,1512
2015/10/29,4040,4088,4005,4010,1311832,1512
2015/10/30,3998,4008,3969,3979,767574,1512
2015/11/2,3961,3977,3956,3963,388510,1512
2015/11/3,3960,3965,3941,3958,328622,1512
2015/11/4,3950,3955,3926,3937,384406,1512
2015/11/5,3940,3950,3886,3891,491200,1512
2015/11/6,3888,3902,3873,3896,409690,1512
2015/11/9,3898,3905,3835,3861,654342,1512
2015/11/10,3862,3862,3814,3831,436342,1512
2015/11/11,3825,3844,3804,3835,416942,1512
2015/11/12,3832,3832,3807,3828,269162,1512
2015/11/13,3817,3848,3799,3823,565376,1512
2015/11/16,3821,3857,3816,3851,447840,1512
2015/11/17,3851,3851,3779,3800,441080,1512
2015/11/18,3801,3821,3783,3803,364644,1512
2015/11/19,3797,3811,3773,3807,306342,1512
2015/11/20,3796,3823,3781,3814,282004,1512
2015/11/23,3814,3823,3684,3734,760626,1606
2015/11/24,3723,3751,3698,3737,679588,1606
2015/11/25,3745,3787,3732,3762,722136,1606
2015/11/26,3748,3802,3730,3772,737932,1606
2015/11/27,3781,3794,3732,3743,618388,1606
2015/11/30,3748,3753,3699,3716,741960,1606
2015/12/1,3732,3762,3723,3755,545874,1606
2015/12/2,3754,3767,3740,3750,434892,1606
2015/12/3,3745,3747,3692,3720,652470,1606
2015/12/4,3734,3915,3727,3749,692076,1606
2015/12/7,3754,3846,3738,3834,1466624,1606
2015/12/8,3831,3838,3776,3795,645200,1606
2015/12/9,3775,3801,3766,3792,513700,1606
2015/12/10,3803,3823,3779,3788,617060,1606
2015/12/11,3787,3795,3760,3793,435214,1606
2015/12/14,3760,3793,3756,3774,732324,1606
2015/12/15,3750,3787,3749,3755,616174,1606
2015/12/16,3759,3773,3751,3766,349370,1606
2015/12/17,3771,3821,3768,3783,805940,1606
2015/12/18,3787,3796,3736,3768,728054,1606
2015/12/21,3772,3823,3762,3822,791942,1606
2015/12/22,3809,3842,3804,3828,650614,1606
2015/12/23,3830,3851,3815,3819,497198,1606
2015/12/24,3821,3838,3815,3833,367008,1606
2015/12/25,3829,3844,3828,3843,216172,1606
2015/12/28,3843,3857,3814,3818,315352,1606
2015/12/29,3808,3829,3797,3827,375754,1606
2015/12/30,3823,3836,3815,3823,425540,1606
2015/12/31,3810,3819,3801,3804,385684,1606
2016/1/4,3816,3826,3764,3819,310492,1606
2016/1/5,3817,3844,3808,3827,574222,1606
2016/1/6,3829,3835,3810,3828,409052,1606
2016/1/7,3834,3899,3822,3871,976372,1606
2016/1/8,3874,3904,3859,3870,759474,1606
2016/1/11,3857,3876,3836,3863,566072,1606
2016/1/12,3857,3864,3794,3802,492728,1606
2016/1/13,3797,3802,3776,3788,330408,1606
2016/1/14,3789,3839,3784,3826,643000,1606
2016/1/15,3810,3823,3798,3808,416502,1606
2016/1/18,3810,3837,3810,3815,534562,1606
2016/1/19,3819,3835,3813,3831,295732,1606
2016/1/20,3831,3848,3825,3829,434388,1606
2016/1/21,3852,3854,3836,3845,399366,1606
2016/1/22,3833,3844,3815,3837,458828,1606
2016/1/25,3841,3868,3828,3837,585878,1606
2016/1/26,3845,3875,3840,3874,518926,1606
2016/1/27,3870,3892,3860,3879,544132,1606
2016/1/28,3875,3888,3861,3866,358048,1606
2016/1/29,3861,3871,3843,3847,392284,1606
2016/2/1,3843,3862,3836,3857,333956,1606
2016/2/2,3859,3870,3843,3852,304078,1606
2016/2/3,3851,3867,3843,3855,315100,1606
2016/2/4,3864,3908,3849,3902,737350,1606
2016/2/5,3913,3936,3900,3903,474598,1606
2016/2/15,3994,4014,3970,3984,389252,1606
2016/2/16,3978,3988,3956,3977,356966,1606
2016/2/17,3984,3987,3963,3980,300972,1606
2016/2/18,3979,3986,3969,3969,250364,1606
2016/2/19,3969,3992,3966,3986,288542,1606
2016/2/22,3990,3998,3957,3960,406224,1606
2016/2/23,3939,3966,3938,3958,313294,1606
2016/2/24,3958,3969,3952,3955,273304,1606
2016/2/25,3965,3992,3942,3947,675372,1606
2016/2/26,3944,3946,3906,3922,523638,1606
2016/2/29,3923,3923,3818,3826,776704,1606
2016/3/1,3835,3869,3821,3860,468556,1606
2016/3/2,3867,3873,3827,3844,488806,1606
2016/3/3,3848,3878,3842,3861,486506,1606
2016/3/4,3864,3948,3853,3940,779882,1606
2016/3/7,3939,4030,3898,3995,1664662,1606
2016/3/8,4011,4064,3940,3964,1323092,1606
2016/3/9,3973,3980,3880,3910,793226,1606
2016/3/10,3914,3934,3894,3905,579998,1606
2016/3/11,3903,3989,3886,3948,997188,1606
2016/3/14,3943,3962,3927,3947,559172,1606
2016/3/15,3960,3998,3897,3909,874896,1606
2016/3/16,3906,3920,3892,3918,353844,1606
2016/3/17,3910,3972,3901,3952,472724,1606
2016/3/18,3963,4057,3957,4035,1425298,1606
2016/3/21,4019,4022,3971,3984,741118,1606
2016/3/22,3984,4034,3983,4030,568930,1606
2016/3/23,4024,4029,3977,3983,627798,1606
2016/3/24,3945,3948,3919,3923,685476,1606
2016/3/25,3934,3939,3915,3924,293002,1606
2016/3/28,3918,3934,3914,3920,256618,1606
2016/3/29,3930,3942,3904,3907,349684,1606
2016/3/30,3906,3947,3906,3938,522622,1606
2016/3/31,3929,3942,3909,3920,345438,1606
2016/4/1,3945,3950,3924,3935,392956,1606
2016/4/5,3875,3896,3856,3884,205890,1606
2016/4/6,3898,3901,3881,3885,217914,1606
2016/4/7,3871,3901,3869,3891,267182,1606
2016/4/8,3908,3919,3892,3894,283456,1606
2016/4/11,3900,3943,3895,3932,408412,1606
2016/4/12,3962,3985,3955,3981,587910,1606
2016/4/13,4003,4021,3986,3997,713772,1606
2016/4/14,4005,4042,3979,3999,703608,1606
2016/4/15,4006,4020,3990,4006,399568,1606
2016/4/18,4002,4049,3986,3998,733228,1606
2016/4/19,4019,4170,4004,4160,949978,1606
2016/4/20,4203,4269,4164,4193,1648032,1606
2016/4/21,4215,4363,4203,4325,1587208,1606
2016/4/22,4376,4391,4182,4222,1490126,1606
2016/4/25,4251,4282,4147,4207,1237514,1606
2016/4/26,4200,4224,4180,4185,648582,1606
2016/4/27,4191,4295,4189,4288,841362,1606
2016/4/28,4292,4299,4224,4271,916786,1606
2016/4/29,4271,4387,4259,4345,937576,1606
2016/5/3,4324,4353,4296,4341,281040,1606
2016/5/4,4315,4341,4253,4259,521412,1606
2016/5/5,4288,4292,4251,4275,359362,1606
2016/5/6,4307,4317,4220,4244,610562,1606
2016/5/9,4264,4290,4232,4237,499960,1606
2016/5/10,4208,4210,4136,4183,481554,1612
2016/5/12,4253,4273,4225,4237,525870,1612
2016/5/13,4227,4265,4162,4203,737412,1612
2016/5/16,4171,4253,4165,4249,554168,1612
2016/5/18,4215,4257,4203,4203,528952,1612
2016/5/19,4201,4234,4113,4115,764358,1612
2016/5/20,4087,4112,4066,4093,559092,1612
2016/5/23,4114,4127,4045,4065,583802,1612
2016/5/24,4063,4079,4032,4037,427062,1612
2016/5/25,4045,4075,4027,4038,469250,1612
2016/5/26,4038,4089,4038,4080,417958,1612
2016/5/27,4087,4097,4015,4045,525244,1612
2016/5/30,4037,4055,3961,3980,556390,1612
2016/5/31,3986,4020,3975,4001,378000,1612
2016/6/1,3994,4012,3989,4005,417804,1612
2016/6/2,4003,4015,3976,4008,484758,1612
2016/6/3,4006,4020,3995,4016,277354,1612
2016/6/6,4075,4094,4066,4082,500138,1612
2016/6/7,4099,4108,4073,4092,319352,1612
2016/6/8,4080,4133,4076,4127,348458,1612
2016/6/13,4249,4279,4219,4262,392728,1612
2016/6/14,4282,4287,4246,4263,417450,1612
2016/6/15,4274,4293,4260,4284,404858,1612
2016/6/16,4286,4360,4250,4350,684578,1612
2016/6/17,4352,4356,4225,4251,804894,1612
2016/6/20,4261,4281,4231,4256,457478,1612
2016/6/21,4258,4297,4250,4265,424710,1612
2016/6/22,4228,4243,4195,4224,458680,1612
2016/6/23,4218,4242,4215,4226,381220,1612
2016/6/24,4225,4353,4223,4316,1024378,1612
2016/6/27,4350,4375,4309,4340,684838,1612
2016/6/28,4345,4349,4297,4324,393308,1612
2016/6/29,4330,4480,4327,4471,1067420,1612
2016/6/30,4493,4500,4436,4479,823344,1612
2016/7/1,4485,4700,4471,4645,1518798,1612
2016/7/4,4648,4834,4641,4834,849340,1612
2016/7/5,5003,5014,4730,4842,1916788,1612
2016/7/6,4797,4990,4753,4926,2088988,1612
2016/7/7,4896,4923,4831,4870,1162692,1612
2016/7/8,4834,4837,4735,4755,1276016,1612
2016/7/11,4733,4995,4716,4921,1900034,1612
2016/7/12,4896,4953,4874,4932,1181030,1612
2016/7/13,4927,4952,4812,4938,1840992,1612
2016/7/14,4933,4964,4874,4906,1328388,1612
2016/7/15,4861,4908,4845,4881,884980,1612
2016/7/18,4885,4887,4801,4810,982928,1612
2016/7/19,4804,4836,4784,4807,769506,1612
2016/7/20,4810,4831,4771,4773,693650,1612
2016/7/21,4723,4734,4658,4688,958284,1612
2016/7/22,4693,4817,4671,4748,1049482,1612
2016/7/25,4751,4767,4681,4712,723750,1612
2016/7/26,4708,4770,4681,4747,796298,1612
2016/7/27,4742,4766,4727,4741,509950,1612
2016/7/28,4755,4929,4753,4914,1266174,1612
2016/7/29,4907,4907,4847,4857,791030,1612
2016/8/1,4890,4973,4861,4945,1140446,1612
2016/8/2,4942,4960,4907,4946,682914,1612
2016/8/3,4993,5003,4960,4984,741214,1612
2016/8/4,4964,4969,4856,4866,947548,1612
2016/8/5,4909,4923,4884,4911,636060,1612
2016/8/8,4836,4836,4750,4756,906608,1612
2016/8/9,4783,4799,4751,4757,490220,1612
2016/8/10,4753,4892,4742,4877,805430,1612
2016/8/11,4902,4913,4815,4843,728440,1612
2016/8/12,4854,4880,4819,4833,613898,1612
2016/8/15,4865,4873,4767,4792,804808,1612
2016/8/16,4780,4848,4776,4825,595176,1612
2016/8/17,4805,4824,4763,4772,736386,1612
2016/8/18,4772,4835,4719,4797,817088,1612
2016/8/19,4790,4808,4764,4782,466792,1612
2016/8/22,4721,4750,4611,4619,921556,1612
2016/8/23,4629,4653,4619,4647,434706,1612
2016/8/24,4655,4660,4616,4624,396934,1612
2016/8/25,4615,4616,4455,4559,719096,1612
2016/8/26,4548,4578,4541,4563,391840,1612
2016/8/29,4587,4654,4516,4544,1264740,1612
2016/8/30,4561,4611,4553,4575,569632,1612
2016/8/31,4581,4609,4556,4579,604332,1612
2016/9/1,4566,4603,4566,4587,427672,1612
2016/9/2,4574,4655,4573,4624,723306,1612
2016/9/5,4701,4738,4684,4732,806166,1612
2016/9/6,4745,4763,4732,4760,379184,1612
2016/9/7,4779,4873,4772,4831,867724,1612
2016/9/8,4847,4847,4793,4827,511720,1612
2016/9/9,4819,4820,4756,4766,603648,1612
2016/9/12,4753,4763,4635,4663,790160,1612
2016/9/13,4655,4727,4637,4695,660334,1612
2016/9/14,4680,4688,4625,4680,627282,1612
2016/9/19,4642,4723,4633,4699,373100,1612
2016/9/20,4715,4731,4695,4717,408950,1612
2016/9/21,4712,4767,4686,4760,664526,1612
2016/9/22,4815,4845,4767,4800,959772,1612
2016/9/23,4836,4859,4794,4809,668518,1612
2016/9/26,4817,4817,4734,4757,591404,1612
2016/9/27,4748,4780,4728,4750,508916,1612
2016/9/28,4730,4732,4665,4673,747270,1612
2016/9/29,4683,4725,4647,4684,534762,1612
2016/9/30,4666,4708,4664,4681,466044,1612
2016/10/10,4367,4416,4367,4396,483216,1612
2016/10/11,4389,4439,4382,4430,568006,1612
2016/10/12,4394,4414,4386,4402,501496,1612
2016/10/13,4390,4422,4382,4407,510614,1612
2016/10/14,4397,4411,4387,4396,380420,1612
2016/10/17,4391,4420,4381,4401,521934,1612
2016/10/18,4402,4457,4396,4448,559570,1612
2016/10/19,4446,4460,4428,4439,424582,1612
2016/10/20,4466,4478,4444,4459,480334,1612
2016/10/21,4458,4468,4398,4415,527866,1612
2016/10/24,4416,4450,4411,4445,384910,1612
2016/10/25,4467,4496,4439,4473,695734,1612
2016/10/26,4478,4515,4461,4495,612998,1612
2016/10/27,4478,4491,4461,4474,410780,1612
2016/10/28,4486,4491,4464,4472,352260,1612
2016/10/31,4471,4508,4466,4495,613624,1612
2016/11/1,4493,4528,4487,4517,402530,1612
2016/11/2,4570,4611,4556,4608,642228,1612
2016/11/3,4623,4643,4583,4586,542588,1612
2016/11/4,4547,4584,4521,4526,554180,1612
2016/11/7,4552,4572,4513,4531,398204,1612
2016/11/8,4525,4560,4475,4559,425578,1612
2016/11/9,4536,4720,4532,4679,1413512,1612
2016/11/10,4666,4689,4605,4688,748222,1612
2016/11/11,4676,4734,4636,4728,770218,1612
2016/11/14,4702,4748,4426,4429,914730,1612
2016/11/15,4461,4484,4413,4460,500754,1706
2016/11/16,4450,4500,4440,4478,395132,1706
2016/11/17,4468,4481,4455,4459,331908,1706
2016/11/18,4468,4478,4400,4421,516058,1706
2016/11/21,4422,4453,4393,4451,535686,1706
2016/11/22,4445,4506,4430,4486,620846,1706
2016/11/23,4486,4497,4463,4479,480092,1706
2016/11/24,4468,4473,4401,4449,908362,1706
2016/11/25,4445,4478,4413,4439,665974,1706
2016/11/28,4453,4557,4445,4531,944576,1706
2016/11/29,4515,4540,4487,4499,708916,1706
2016/11/30,4479,4508,4453,4475,712904,1706
2016/12/1,4475,4496,4410,4467,906362,1706
2016/12/2,4441,4485,4436,4464,588310,1706
2016/12/5,4448,4534,4436,4485,980844,1706
2016/12/6,4487,4522,4476,4492,690058,1706
2016/12/7,4501,4512,4483,4489,517866,1706
2016/12/8,4502,4610,4500,4570,1332558,1706
2016/12/9,4565,4586,4528,4558,776850,1706
2016/12/12,4548,4585,4541,4564,737376,1706
2016/12/13,4566,4618,4551,4595,869156,1706
2016/12/14,4596,4620,4542,4593,908220,1706
2016/12/15,4595,4618,4520,4551,972096,1706
2016/12/16,4456,4468,4416,4432,908346,1706
2016/12/19,4432,4455,4424,4436,507136,1706
2016/12/20,4430,4435,4317,4323,780436,1706
2016/12/21,4280,4379,4263,4361,827464,1706
2016/12/22,4355,4367,4292,4310,514436,1706
2016/12/23,4300,4358,4292,4315,635390,1706
2016/12/26,4319,4337,4270,4299,486620,1706
2016/12/27,4298,4365,4295,4359,374334,1706
2016/12/28,4362,4385,4339,4362,573016,1706
2016/12/29,4355,4422,4350,4407,572730,1706
2016/12/30,4396,4456,4389,4433,595792,1706
2017/1/3,4396,4427,4390,4398,224568,1706
2017/1/4,4391,4465,4383,4450,735862,1706
2017/1/5,4449,4469,4422,4457,589950,1706
2017/1/6,4449,4467,4389,4395,703100,1706
2017/1/9,4410,4440,4403,4429,478496,1706
2017/1/10,4427,4460,4427,4446,490692,1706
2017/1/11,4443,4493,4435,4481,599530,1706
2017/1/12,4468,4474,4425,4470,681992,1706
2017/1/13,4470,4478,4420,4434,510994,1706
2017/1/16,4442,4476,4408,4465,658596,1706
2017/1/17,4455,4483,4440,4454,505562,1706
2017/1/18,4459,4503,4449,4459,751404,1706
2017/1/19,4458,4482,4413,4423,572116,1706
2017/1/20,4435,4437,4407,4422,468122,1706
2017/1/23,4420,4458,4415,4448,549726,1706
2017/1/24,4448,4456,4432,4437,303432,1706
2017/1/25,4436,4450,4366,4395,446408,1706
2017/1/26,4393,4400,4340,4345,396474,1706
2017/2/3,4440,4445,4412,4415,221832,1706
2017/2/6,4411,4472,4402,4470,514068,1706
2017/2/7,4479,4493,4462,4482,369010,1706
2017/2/8,4483,4507,4468,4483,428594,1706
2017/2/9,4502,4527,4485,4490,423838,1706
2017/2/10,4497,4513,4463,4470,424812,1706
2017/2/13,4472,4567,4470,4549,870748,1706
2017/2/14,4548,4558,4523,4553,482742,1706
2017/2/15,4570,4580,4520,4540,686428,1706
2017/2/16,4540,4570,4507,4546,563782,1706
2017/2/17,4557,4567,4534,4547,449998,1706
2017/2/20,4543,4555,4517,4529,357236,1706
2017/2/21,4532,4566,4530,4548,516520,1706
2017/2/22,4540,4558,4526,4544,461768,1706
2017/2/23,4549,4578,4533,4541,559492,1706
2017/2/24,4555,4606,4551,4594,885082,1706
2017/2/27,4640,4649,4606,4647,580022,1706
2017/2/28,4639,4655,4617,4628,351914,1706
2017/3/1,4628,4642,4595,4599,460762,1706
2017/3/2,4600,4625,4597,4615,352324,1706
2017/3/3,4606,4608,4460,4479,804376,1706
2017/3/6,4475,4520,4473,4488,396936,1706
2017/3/7,4491,4503,4476,4485,242448,1706
2017/3/8,4477,4478,4442,4446,437032,1706
2017/3/9,4431,4438,4374,4390,507642,1706
2017/3/10,4401,4417,4342,4350,509184,1706
2017/3/13,4355,4395,4338,4387,643614,1706
2017/3/14,4373,4387,4359,4364,305228,1706
2017/3/15,4372,4380,4355,4370,301014,1706
2017/3/16,4366,4485,4355,4470,557384,1706
2017/3/17,4476,4476,4443,4462,336574,1706
2017/3/20,4462,4483,4461,4475,229576,1706
2017/3/21,4475,4478,4451,4462,239832,1706
2017/3/22,4468,4506,4467,4495,445152,1706
2017/3/23,4488,4492,4476,4487,231072,1706
2017/3/24,4505,4508,4465,4470,347564,1706
2017/3/27,4482,4524,4478,4520,408914,1706
2017/3/28,4534,4543,4516,4522,352282,1706
2017/3/29,4537,4545,4511,4521,395714,1706
2017/3/30,4526,4531,4510,4525,299836,1706
2017/3/31,4523,4534,4500,4512,422030,1706
2017/4/5,4540,4542,4521,4529,165778,1706
2017/4/6,4528,4533,4510,4528,279152,1706
2017/4/7,4525,4601,4515,4579,656318,1706
2017/4/10,4596,4602,4355,4474,634978,1706
2017/4/11,4470,4485,4447,4477,331990,1706
2017/4/12,4484,4571,4483,4543,579366,1706
2017/4/13,4548,4585,4529,4577,415164,1706
2017/4/14,4584,4593,4556,4583,297474,1706
2017/4/17,4589,4657,4566,4592,432558,1706
2017/4/18,4580,4591,4550,4559,331134,1706
2017/4/19,4555,4564,4500,4518,544872,1706
2017/4/20,4528,4534,4502,4520,309030,1706
2017/4/21,4516,4517,4474,4481,506174,1706
2017/4/24,4475,4491,4451,4459,473280,1706
2017/4/25,4455,4483,4446,4470,310932,1706
2017/4/26,4452,4466,4433,4440,339500,1706
2017/4/27,4436,4445,4417,4435,335172,1706
2017/4/28,4435,4442,4423,4430,280996,1706
2017/5/2,4370,4372,4337,4357,222902,1706
2017/5/3,4344,4363,4342,4355,209404,1706
2017/5/4,4347,4352,4195,4253,548280,1706
2017/5/5,4210,4271,4200,4243,359334,1706
2017/5/8,4245,4264,4228,4254,247094,1706
2017/5/9,4252,4252,4215,4236,176252,1706
2017/5/10,4216,4225,4186,4219,190642,1706
2017/5/11,4234,4259,4227,4250,269422,1712
2017/5/12,4247,4286,4238,4273,295202,1712
2017/5/15,4275,4316,4265,4305,301552,1712
2017/5/16,4338,4349,4309,4330,313340,1712
2017/5/17,4332,4347,4311,4336,303816,1712
2017/5/18,4348,4361,4313,4324,395786,1712
2017/5/19,4318,4331,4278,4316,417590,1712
2017/5/22,4330,4345,4306,4330,342078,1712
2017/5/23,4348,4370,4339,4354,370502,1712
2017/5/24,4362,4374,4303,4317,415476,1712
2017/5/25,4327,4361,4316,4345,336014,1712
2017/5/26,4340,4348,4324,4345,205222,1712
2017/5/31,4341,4354,4315,4323,197482,1712
2017/6/1,4331,4334,4293,4314,370088,1712
2017/6/2,4290,4307,4272,4287,339768,1712
2017/6/5,4305,4365,4304,4354,536224,1712
2017/6/6,4359,4392,4352,4384,384634,1712
2017/6/7,4391,4403,4377,4389,284888,1712
2017/6/8,4380,4391,4362,4383,288932,1712
2017/6/9,4378,4384,4311,4320,480272,1712
2017/6/12,4309,4314,4280,4282,340710,1712
2017/6/13,4269,4287,4251,4258,357490,1712
2017/6/14,4255,4284,4244,4275,346212,1712
2017/6/15,4307,4345,4258,4261,641906,1712
2017/6/16,4235,4268,4231,4258,352178,1712
2017/6/19,4256,4259,4236,4238,297096,1712
2017/6/20,4235,4250,4224,4243,306358,1712
2017/6/21,4230,4233,4206,4228,311894,1712
2017/6/22,4213,4275,4211,4263,418214,1712
2017/6/23,4269,4274,4252,4274,280108,1712
2017/6/26,4282,4284,4261,4269,224968,1712
2017/6/27,4246,4254,4230,4253,306136,1712
2017/6/28,4248,4289,4243,4275,415480,1712
2017/6/29,4278,4284,4267,4278,270540,1712
2017/6/30,4242,4252,4226,4233,433374,1712
2017/7/3,4226,4243,4215,4226,330682,1712
2017/7/4,4186,4187,4100,4118,773716,1712
2017/7/5,4102,4141,4091,4121,346194,1712
2017/7/6,4083,4119,4078,4105,360546,1712
2017/7/7,4105,4116,4059,4084,490434,1712
2017/7/10,4071,4078,3891,3891,1280330,1712
2017/7/11,3895,3986,3886,3952,1138200,1712
2017/7/12,3970,4048,3957,4008,831476,1712
2017/7/13,4051,4059,4027,4039,522812,1712
2017/7/14,4033,4036,3968,3989,616266,1712
2017/7/17,4060,4087,4040,4064,551538,1712
2017/7/18,4088,4098,4059,4069,405784,1712
2017/7/19,4085,4090,4065,4079,365010,1712
2017/7/20,4091,4093,4054,4073,387868,1712
2017/7/21,4080,4115,4066,4102,524202,1712
2017/7/24,4120,4129,4092,4100,365130,1712
2017/7/25,4119,4119,4093,4108,288530,1712
2017/7/26,4101,4127,4065,4077,558632,1712
2017/7/27,4081,4150,4079,4132,499044,1712
2017/7/28,4144,4149,4115,4124,391850,1712
2017/7/31,4136,4146,4125,4136,326188,1712
2017/8/1,4150,4159,4137,4142,351678,1712
2017/8/2,4137,4154,4125,4136,342536,1712
2017/8/3,4118,4145,4107,4109,445798,1712
2017/8/4,4117,4139,4113,4131,347920,1712
2017/8/7,4110,4111,4032,4043,786380,1712
2017/8/8,4029,4053,4023,4033,402040,1712
2017/8/9,4049,4090,4025,4083,710198,1712
2017/8/10,4132,4204,4125,4193,867618,1712
2017/8/11,4236,4246,4186,4203,735684,1712
2017/8/14,4189,4251,4169,4233,712064,1712
2017/8/15,4207,4224,4153,4171,637606,1712
2017/8/16,4136,4146,4116,4126,454056,1712
2017/8/17,4131,4239,4122,4223,939300,1712
2017/8/18,4219,4231,4186,4205,540820,1712
2017/8/21,4238,4260,4166,4194,876044,1712
2017/8/22,4204,4221,4182,4187,463004,1712
2017/8/23,4207,4213,4172,4187,565526,1712
2017/8/24,4190,4208,4183,4188,438452,1712
2017/8/25,4183,4193,4168,4184,379750,1712
2017/8/28,4181,4217,4122,4205,995662,1712
2017/8/29,4215,4252,4196,4247,664412,1712
2017/8/30,4259,4269,4211,4216,599048,1712
2017/8/31,4220,4229,4203,4210,340426,1712
2017/9/1,4216,4246,4214,4222,521730,1712
2017/9/4,4237,4295,4226,4282,813464,1712
2017/9/5,4275,4286,4266,4279,330668,1712
2017/9/6,4281,4294,4261,4274,517746,1712
2017/9/7,4281,4283,4246,4255,368638,1712
2017/9/8,4274,4285,4259,4273,584322,1712
2017/9/11,4266,4268,4211,4214,500356,1712
2017/9/12,4210,4234,4203,4209,321286,1712
2017/9/13,4212,4223,4206,4207,232620,1712
2017/9/14,4205,4213,4189,4193,315414,1712
2017/9/15,4202,4217,4195,4199,250216,1712
2017/9/18,4197,4203,4181,4188,390988,1712
2017/9/19,4165,4170,4108,4139,474574,1712
2017/9/20,4136,4152,4134,4144,213514,1712
2017/9/21,4135,4162,4085,4087,451872,1712
2017/9/22,4070,4094,4069,4086,309744,1712
2017/9/25,4077,4091,4073,4082,236762,1712
2017/9/26,4082,4154,4076,4138,512582,1712
2017/9/27,4115,4120,4092,4104,315432,1712
2017/9/28,4090,4104,4070,4084,288290,1712
2017/10/9,4099,4140,4095,4115,257192,1712
2017/10/10,4118,4128,4109,4121,233624,1712
2017/10/11,4125,4132,4108,4112,251774,1712
2017/10/12,4116,4137,4101,4119,249826,1712
2017/10/13,4118,4143,4113,4132,255324,1712
2017/10/16,4137,4161,4130,4155,365468,1712
2017/10/17,4160,4164,4118,4130,321536,1712
2017/10/18,4125,4134,4117,4121,224582,1712
2017/10/19,4117,4121,4102,4108,221608,1712
2017/10/20,4108,4141,4107,4123,366070,1712
2017/10/23,4124,4129,4080,4098,336840,1712
2017/10/24,4090,4116,4086,4110,265846,1712
2017/10/25,4102,4104,4088,4089,210624,1712
2017/10/26,4090,4108,4088,4100,221262,1712
2017/10/27,4095,4107,4045,4052,403710,1712
2017/10/30,4038,4077,4033,4061,346112,1712
2017/10/31,4055,4071,4051,4068,183816,1712
2017/11/1,4056,4068,4037,4062,269616,1712
2017/11/2,4065,4101,4057,4096,373564,1712
2017/11/3,4093,4113,4091,4101,197298,1712
2017/11/6,4105,4116,4066,4076,318676,1712
2017/11/7,4077,4123,4074,4107,307460,1712
2017/11/8,4098,4112,4087,4097,191820,1712
2017/11/9,4105,4115,4095,4107,210164,1712
2017/11/10,4109,4119,4092,4104,209946,1712
2017/11/13,4105,4112,4076,4085,229878,1712
2017/11/14,4085,4102,4076,4089,158998,1712
2017/11/15,4087,4105,4077,4090,173878,1712
2017/11/16,4098,4107,4084,4089,199974,1712
2017/11/17,4092,4100,4089,4095,123718,1712
2017/11/20,4093,4136,4085,4113,215894,1712
2017/11/21,4114,4120,4079,4092,249286,1806
2017/11/22,4088,4099,4083,4089,174516,1806
2017/11/23,4089,4102,4087,4090,221842,1806
2017/11/24,4092,4105,4087,4095,186428,1806
2017/11/27,4088,4098,4075,4088,270676,1806
2017/11/28,4094,4111,4084,4090,369614,1806
2017/11/29,4095,4097,4025,4060,423802,1806
2017/11/30,4055,4060,3977,3990,470624,1806
2017/12/1,3986,3988,3952,3966,334126,1806
2017/12/4,3949,3985,3919,3956,603718,1806
2017/12/5,3951,3961,3941,3944,230912,1806
2017/12/6,3939,3943,3892,3904,460078,1806
2017/12/7,3896,3904,3847,3860,453546,1806
2017/12/8,3833,3841,3816,3832,370598,1806
2017/12/11,3840,3857,3809,3848,391586,1806
2017/12/12,3850,3852,3829,3837,243070,1806
2017/12/13,3835,3842,3815,3829,275892,1806
2017/12/14,3827,3913,3824,3903,520858,1806
2017/12/15,3898,3905,3874,3885,340010,1806
2017/12/18,3895,3915,3891,3904,389294,1806
2017/12/19,3909,3920,3894,3910,285846,1806
2017/12/20,3911,3915,3897,3904,212204,1806
2017/12/21,3913,3916,3899,3901,223472,1806
2017/12/22,3896,3913,3887,3901,255662,1806
2017/12/25,3902,3952,3897,3945,432896,1806
2017/12/26,3946,3951,3935,3948,141256,1806
2017/12/27,3954,3967,3952,3962,210978,1806
2017/12/28,3974,4005,3970,3995,280708,1806
2017/12/29,3990,4002,3973,3987,257368,1806
2018/1/2,4003,4014,3995,4006,137022,1806
2018/1/3,4012,4032,4001,4001,323606,1806
2018/1/4,4006,4019,3975,3989,379448,1806
2018/1/5,3993,4014,3979,3994,330302,1806
2018/1/8,3992,4016,3985,3995,348074,1806
2018/1/9,3996,4005,3988,4000,234532,1806
2018/1/10,3995,3996,3972,3977,276074,1806
2018/1/11,3999,4002,3980,3989,250670,1806
2018/1/12,3986,3997,3940,3994,415558,1806
2018/1/15,3996,4043,3979,4030,471104,1806
2018/1/16,4029,4032,4007,4011,236234,1806
2018/1/17,3993,4002,3973,3980,402960,1806
2018/1/18,3988,3988,3950,3956,327046,1806
2018/1/19,3954,3964,3935,3938,317398,1806
2018/1/22,3945,3952,3939,3942,207686,1806
2018/1/23,3945,3957,3939,3951,240510,1806
2018/1/24,3944,3948,3910,3940,437610,1806
2018/1/25,3967,4030,3965,4020,621608,1806
2018/1/26,4003,4019,3974,3993,419062,1806
2018/1/29,3982,3995,3977,3979,290138,1806
2018/1/30,3963,3970,3924,3927,373710,1806
2018/1/31,3947,3955,3925,3936,279930,1806
2018/2/1,3941,3949,3931,3934,235382,1806
2018/2/2,3934,3940,3917,3928,284856,1806
2018/2/5,3922,3929,3828,3833,735642,1806
2018/2/6,3843,3901,3829,3871,519518,1806
2018/2/7,3840,3848,3812,3835,425140,1806
2018/2/8,3806,3814,3755,3778,632088,1806
2018/2/9,3778,3821,3777,3791,407840,1806
2018/2/12,3780,3801,3760,3794,476280,1806
2018/2/13,3791,3824,3785,3816,299838,1806
2018/2/14,3815,3825,3790,3822,303870,1806
2018/2/22,3794,3795,3767,3779,144846,1806
2018/2/23,3787,3813,3784,3800,311096,1806
2018/2/26,3805,3842,3795,3830,448470,1806
2018/2/27,3825,3837,3813,3823,362268,1806
2018/2/28,3822,3823,3774,3788,507648,1806
2018/3/1,3791,3801,3773,3779,320618,1806
2018/3/2,3764,3799,3754,3787,487640,1806
2018/3/5,3789,3813,3785,3801,386100,1806
2018/3/6,3797,3801,3780,3792,292604,1806
2018/3/7,3811,3840,3803,3815,522414,1806
2018/3/8,3813,3816,3787,3808,430620,1806
2018/3/9,3798,3810,3777,3791,354944,1806
2018/3/12,3786,3822,3767,3791,550260,1806
2018/3/13,3786,3797,3782,3785,230396,1806
2018/3/14,3799,3810,3782,3797,332324,1806
2018/3/15,3794,3797,3786,3789,222614,1806
2018/3/16,3780,3785,3761,3772,390238,1806
2018/3/19,3771,3778,3726,3737,536604,1806
2018/3/20,3737,3756,3737,3749,251720,1806
2018/3/21,3744,3744,3716,3742,320820,1806
2018/3/22,3744,3804,3742,3786,602932,1806
2018/3/23,3784,3803,3770,3796,474788,1806
2018/3/26,3801,3813,3785,3788,329878,1806
2018/3/27,3792,3807,3786,3800,303124,1806
2018/3/28,3782,3787,3752,3760,331622,1806
2018/3/29,3750,3754,3703,3706,509674,1806
2018/3/30,3704,3729,3700,3722,243604,1806
2018/4/2,3722,3742,3718,3735,192436,1806
2018/4/3,3759,3772,3752,3754,292092,1806
2018/4/4,3755,3755,3724,3743,225936,1806
2018/4/9,3739,3746,3735,3740,91122,1806
2018/4/10,3743,3756,3737,3744,216200,1806
2018/4/11,3755,3762,3748,3759,259782,1806
2018/4/12,3765,3796,3759,3767,489154,1806
2018/4/13,3755,3757,3725,3739,309548,1806
2018/4/16,3747,3778,3746,3760,288306,1806
2018/4/17,3769,3775,3755,3770,222462,1806
2018/4/18,3755,3789,3750,3784,341578,1806
2018/4/19,3824,3870,3817,3868,722350,1806
2018/4/20,3866,3871,3845,3854,441464,1806
2018/4/23,3852,3859,3828,3839,331642,1806
2018/4/24,3795,3802,3776,3786,449410,1806
2018/4/25,3780,3798,3774,3780,219038,1806
2018/4/26,3768,3782,3759,3774,227756,1806
2018/4/27,3774,3778,3749,3762,271146,1806
2018/5/2,3719,3739,3707,3730,127508,1806
2018/5/3,3742,3773,3730,3747,222772,1806
2018/5/4,3761,3763,3745,3751,135348,1806
2018/5/7,3757,3770,3749,3760,168872,1806
2018/5/8,3755,3761,3751,3757,131118,1812
2018/5/9,3755,3770,3734,3749,328788,1812
2018/5/10,3760,3775,3757,3764,306506,1812
2018/5/11,3784,3789,3775,3782,319836,1812
2018/5/14,3792,3797,3774,3777,250800,1812
2018/5/15,3767,3774,3735,3738,284114,1812
2018/5/16,3710,3718,3696,3716,328888,1812
2018/5/17,3705,3730,3701,3714,224432,1812
2018/5/18,3730,3737,3723,3729,184272,1812
2018/5/21,3724,3741,3705,3712,288910,1812
2018/5/22,3735,3739,3725,3730,257206,1812
2018/5/23,3753,3756,3734,3741,247154,1812
2018/5/24,3726,3741,3719,3736,247706,1812
2018/5/25,3752,3760,3746,3750,336934,1812
2018/5/28,3762,3762,3723,3728,294560,1812
2018/5/29,3727,3739,3723,3725,160070,1812
2018/5/30,3724,3733,3713,3725,294994,1812
2018/5/31,3735,3757,3730,3756,360212,1812
2018/6/1,3745,3755,3734,3739,234188,1812
2018/6/4,3727,3749,3724,3734,249278,1812
2018/6/5,3747,3747,3719,3730,288722,1812
2018/6/6,3728,3751,3725,3744,319390,1812
2018/6/7,3755,3766,3745,3760,418176,1812
2018/6/8,3777,3796,3752,3753,692314,1812
2018/6/11,3770,3829,3762,3797,704770,1812
2018/6/12,3801,3818,3795,3799,423550,1812
2018/6/13,3795,3816,3791,3792,326966,1812
2018/6/14,3808,3862,3800,3857,750928,1812
2018/6/15,3886,3886,3854,3867,689548,1812
2018/6/19,3733,3760,3702,3733,611864,1812
2018/6/20,3726,3739,3720,3726,299576,1812
2018/6/21,3732,3736,3717,3723,285806,1812
2018/6/22,3730,3756,3730,3755,286416,1812
2018/6/25,3753,3765,3745,3747,313218,1812
2018/6/26,3754,3757,3748,3754,183094,1812
2018/6/27,3742,3763,3740,3752,234688,1812
2018/6/28,3749,3758,3735,3741,301870,1812
2018/6/29,3742,3756,3726,3745,319222,1812
2018/7/2,3740,3757,3735,3743,255372,1812
2018/7/3,3740,3744,3720,3742,279840,1812
2018/7/4,3747,3767,3741,3753,303762,1812
2018/7/5,3749,3751,3738,3748,182032,1812
2018/7/6,3746,3756,3739,3748,244700,1812
2018/7/9,3745,3760,3742,3755,214608,1812
2018/7/10,3753,3765,3741,3745,243322,1812
2018/7/11,3749,3753,3731,3737,243992,1812
2018/7/12,3740,3744,3716,3728,328736,1812
2018/7/13,3730,3742,3726,3729,178726,1812
2018/7/16,3725,3731,3714,3722,239498,1812
2018/7/17,3717,3719,3693,3713,354084,1812
2018/7/18,3701,3709,3651,3665,643522,1812
2018/7/19,3664,3685,3659,3670,354190,1812
2018/7/20,3649,3681,3644,3673,395820,1812
2018/7/23,3680,3694,3675,3687,299004,1812
2018/7/24,3686,3690,3678,3681,191990,1812
2018/7/25,3692,3706,3692,3698,249452,1812
2018/7/26,3699,3706,3693,3701,163940,1812
2018/7/27,3699,3704,3681,3686,208344,1812
2018/7/30,3695,3702,3686,3688,203202,1812
2018/7/31,3697,3705,3695,3698,163498,1812
2018/8/1,3695,3704,3681,3694,288696,1812
2018/8/2,3691,3696,3678,3687,211530,1812
2018/8/3,3692,3695,3675,3679,189064,1812
2018/8/6,3692,3716,3689,3692,372068,1812
2018/8/7,3682,3693,3681,3692,187026,1812
2018/8/8,3690,3690,3670,3682,226598,1812
2018/8/9,3676,3688,3673,3683,186322,1812
2018/8/10,3685,3692,3675,3678,232230,1812
2018/8/13,3684,3691,3671,3676,282160,1812
2018/8/14,3672,3675,3624,3638,504700,1812
2018/8/15,3637,3640,3606,3616,362256,1812
2018/8/16,3597,3597,3488,3529,906108,1812
2018/8/17,3531,3569,3523,3538,415080,1812
2018/8/20,3539,3557,3532,3552,289336,1812
2018/8/21,3547,3558,3532,3553,278734,1812
2018/8/22,3547,3554,3537,3542,227706,1812
