2009-05-04,2892.000000,2896.000000,2887.000000,2895.000000,11322.000000,909.000000
2009-05-05,2896.000000,2897.000000,2884.000000,2884.000000,9674.000000,909.000000
2009-05-06,2885.000000,2886.000000,2879.000000,2882.000000,5188.000000,909.000000
2009-05-07,2884.000000,2891.000000,2882.000000,2887.000000,6798.000000,909.000000
2009-05-08,2887.000000,2889.000000,2879.000000,2887.000000,4940.000000,909.000000
2009-05-11,2887.000000,2887.000000,2882.000000,2885.000000,2294.000000,909.000000
2009-05-12,2885.000000,2888.000000,2880.000000,2888.000000,12514.000000,909.000000
2009-05-13,2888.000000,2889.000000,2882.000000,2884.000000,7372.000000,909.000000
2009-05-14,2882.000000,2887.000000,2882.000000,2886.000000,4942.000000,909.000000
2009-05-15,2886.000000,2888.000000,2883.000000,2885.000000,6306.000000,909.000000
2009-05-18,2882.000000,2887.000000,2881.000000,2885.000000,8350.000000,909.000000
2009-05-19,2887.000000,2887.000000,2883.000000,2886.000000,1890.000000,909.000000
2009-05-20,2885.000000,2887.000000,2883.000000,2884.000000,3740.000000,909.000000
2009-05-21,2883.000000,2885.000000,2882.000000,2883.000000,2714.000000,909.000000
2009-05-22,2882.000000,2884.000000,2881.000000,2883.000000,1254.000000,909.000000
2009-05-25,2883.000000,2885.000000,2880.000000,2883.000000,4782.000000,909.000000
2009-05-26,2882.000000,2882.000000,2877.000000,2878.000000,1802.000000,909.000000
2009-05-27,2880.000000,2880.000000,2872.000000,2874.000000,1642.000000,909.000000
2009-06-01,2875.000000,2879.000000,2874.000000,2876.000000,3654.000000,909.000000
2009-06-02,2879.000000,2881.000000,2875.000000,2879.000000,6308.000000,909.000000
2009-06-03,2877.000000,2880.000000,2875.000000,2878.000000,3020.000000,909.000000
2009-06-04,2876.000000,2878.000000,2875.000000,2877.000000,1396.000000,909.000000
2009-06-05,2878.000000,2880.000000,2876.000000,2877.000000,8052.000000,909.000000
2009-06-08,2876.000000,2880.000000,2874.000000,2878.000000,3528.000000,909.000000
2009-06-09,2880.000000,2938.000000,2878.000000,2922.000000,48634.000000,909.000000
2009-06-10,2932.000000,2945.000000,2912.000000,2918.000000,17188.000000,909.000000
2009-06-11,2918.000000,2926.000000,2901.000000,2906.000000,13522.000000,909.000000
2009-06-12,2913.000000,2913.000000,2897.000000,2900.000000,7608.000000,909.000000
2009-06-15,2895.000000,2910.000000,2895.000000,2902.000000,10854.000000,909.000000
2009-06-16,2896.000000,2902.000000,2893.000000,2895.000000,5868.000000,909.000000
2009-06-17,2892.000000,2902.000000,2892.000000,2899.000000,8228.000000,909.000000
2009-06-18,2902.000000,2912.000000,2897.000000,2902.000000,9882.000000,909.000000
2009-06-19,2899.000000,2908.000000,2899.000000,2903.000000,5136.000000,909.000000
2009-06-22,2902.000000,2903.000000,2893.000000,2895.000000,6582.000000,909.000000
2009-06-23,2895.000000,2895.000000,2888.000000,2892.000000,5466.000000,909.000000
2009-06-24,2894.000000,2911.000000,2894.000000,2910.000000,12342.000000,909.000000
2009-06-25,2909.000000,2909.000000,2902.000000,2903.000000,4652.000000,909.000000
2009-06-26,2904.000000,2917.000000,2902.000000,2916.000000,10952.000000,909.000000
2009-06-29,2916.000000,2922.000000,2907.000000,2909.000000,6158.000000,909.000000
2009-06-30,2911.000000,2919.000000,2910.000000,2913.000000,5288.000000,909.000000
2009-07-01,2912.000000,2932.000000,2911.000000,2926.000000,14904.000000,909.000000
2009-07-02,2923.000000,2932.000000,2914.000000,2914.000000,6092.000000,909.000000
2009-07-03,2915.000000,2919.000000,2909.000000,2914.000000,4348.000000,909.000000
2009-07-06,2920.000000,2932.000000,2913.000000,2916.000000,5210.000000,909.000000
2009-07-07,2919.000000,2922.000000,2915.000000,2917.000000,2206.000000,909.000000
2009-07-08,2912.000000,2914.000000,2901.000000,2902.000000,6116.000000,909.000000
2009-07-09,2903.000000,2908.000000,2898.000000,2900.000000,3794.000000,909.000000
2009-07-10,2902.000000,2904.000000,2899.000000,2901.000000,3030.000000,909.000000
2009-07-13,2907.000000,2908.000000,2894.000000,2894.000000,3216.000000,909.000000
2009-07-14,2898.000000,2902.000000,2893.000000,2900.000000,2870.000000,909.000000
2009-07-15,2899.000000,2901.000000,2895.000000,2898.000000,4090.000000,909.000000
2009-07-16,2899.000000,2901.000000,2877.000000,2886.000000,5498.000000,909.000000
2009-07-17,2882.000000,2885.000000,2877.000000,2883.000000,3402.000000,909.000000
2009-07-20,2885.000000,2887.000000,2882.000000,2887.000000,3376.000000,909.000000
2009-07-21,2886.000000,2887.000000,2880.000000,2881.000000,2716.000000,909.000000
2009-07-22,2881.000000,2881.000000,2871.000000,2875.000000,5306.000000,909.000000
2009-07-23,2877.000000,2887.000000,2873.000000,2887.000000,4072.000000,909.000000
2009-07-24,2889.000000,2891.000000,2875.000000,2880.000000,2506.000000,909.000000
2009-07-27,2883.000000,2883.000000,2872.000000,2875.000000,3798.000000,909.000000
2009-07-28,2877.000000,2880.000000,2874.000000,2877.000000,2196.000000,909.000000
2009-07-29,2876.000000,2881.000000,2872.000000,2879.000000,3412.000000,909.000000
2009-07-30,2879.000000,2883.000000,2876.000000,2882.000000,2290.000000,909.000000
2009-07-31,2882.000000,2887.000000,2880.000000,2884.000000,5642.000000,909.000000
2009-08-03,2887.000000,2902.000000,2881.000000,2896.000000,9240.000000,909.000000
2009-08-04,2892.000000,2893.000000,2871.000000,2880.000000,5860.000000,1001.000000
2009-08-05,2878.000000,2904.000000,2875.000000,2879.000000,15250.000000,1001.000000
2009-08-06,2883.000000,2883.000000,2852.000000,2863.000000,9004.000000,1001.000000
2009-08-07,2857.000000,2862.000000,2832.000000,2840.000000,9278.000000,1001.000000
2009-08-10,2841.000000,2858.000000,2841.000000,2856.000000,11138.000000,1001.000000
2009-08-11,2852.000000,2860.000000,2821.000000,2851.000000,11602.000000,1001.000000
2009-08-12,2846.000000,2861.000000,2846.000000,2851.000000,10886.000000,1001.000000
2009-08-13,2854.000000,2895.000000,2849.000000,2886.000000,37332.000000,1001.000000
2009-08-14,2886.000000,2916.000000,2876.000000,2896.000000,65182.000000,1001.000000
2009-08-17,2882.000000,2930.000000,2872.000000,2900.000000,95566.000000,1001.000000
2009-08-18,2907.000000,2916.000000,2885.000000,2891.000000,38908.000000,1001.000000
2009-08-19,2893.000000,2896.000000,2845.000000,2853.000000,38618.000000,1001.000000
2009-08-20,2858.000000,2860.000000,2832.000000,2851.000000,23818.000000,1001.000000
2009-08-21,2848.000000,2858.000000,2842.000000,2848.000000,22142.000000,1001.000000
2009-08-24,2857.000000,2890.000000,2853.000000,2875.000000,56448.000000,1001.000000
2009-08-25,2877.000000,2885.000000,2867.000000,2874.000000,33582.000000,1001.000000
2009-08-26,2872.000000,2878.000000,2867.000000,2869.000000,16162.000000,1001.000000
2009-08-27,2868.000000,2874.000000,2860.000000,2868.000000,22210.000000,1001.000000
2009-08-28,2872.000000,2884.000000,2867.000000,2872.000000,34264.000000,1001.000000
2009-08-31,2876.000000,2910.000000,2863.000000,2905.000000,152268.000000,1001.000000
2009-09-01,2901.000000,2915.000000,2883.000000,2888.000000,85488.000000,1001.000000
2009-09-02,2876.000000,2882.000000,2856.000000,2860.000000,45438.000000,1001.000000
2009-09-03,2863.000000,2868.000000,2858.000000,2865.000000,17532.000000,1001.000000
2009-09-04,2862.000000,2864.000000,2840.000000,2855.000000,31938.000000,1001.000000
2009-09-07,2853.000000,2866.000000,2849.000000,2860.000000,20126.000000,1001.000000
2009-09-08,2858.000000,2860.000000,2845.000000,2853.000000,15278.000000,1001.000000
2009-09-09,2856.000000,2864.000000,2846.000000,2851.000000,22426.000000,1001.000000
2009-09-10,2854.000000,2856.000000,2847.000000,2852.000000,13566.000000,1001.000000
2009-09-11,2853.000000,2854.000000,2844.000000,2844.000000,15400.000000,1001.000000
2009-09-14,2836.000000,2849.000000,2825.000000,2844.000000,18384.000000,1001.000000
2009-09-15,2843.000000,2850.000000,2840.000000,2846.000000,10276.000000,1001.000000
2009-09-16,2856.000000,2858.000000,2843.000000,2844.000000,12202.000000,1001.000000
2009-09-17,2840.000000,2847.000000,2838.000000,2846.000000,12488.000000,1001.000000
2009-09-18,2842.000000,2848.000000,2839.000000,2840.000000,8672.000000,1001.000000
2009-09-21,2837.000000,2842.000000,2833.000000,2835.000000,8020.000000,1001.000000
2009-09-22,2833.000000,2836.000000,2827.000000,2831.000000,8920.000000,1001.000000
2009-09-23,2834.000000,2834.000000,2818.000000,2821.000000,12800.000000,1001.000000
2009-09-24,2821.000000,2821.000000,2796.000000,2800.000000,19984.000000,1001.000000
2009-09-25,2800.000000,2804.000000,2781.000000,2784.000000,23082.000000,1001.000000
2009-09-28,2786.000000,2786.000000,2763.000000,2768.000000,19878.000000,1001.000000
2009-09-29,2768.000000,2775.000000,2762.000000,2770.000000,14596.000000,1001.000000
2009-09-30,2767.000000,2771.000000,2761.000000,2768.000000,12302.000000,1001.000000
2009-10-09,2784.000000,2784.000000,2767.000000,2768.000000,8804.000000,1001.000000
2009-10-12,2770.000000,2787.000000,2769.000000,2783.000000,22428.000000,1001.000000
2009-10-13,2785.000000,2795.000000,2783.000000,2793.000000,20454.000000,1001.000000
2009-10-14,2795.000000,2795.000000,2783.000000,2788.000000,12282.000000,1001.000000
2009-10-15,2787.000000,2792.000000,2782.000000,2787.000000,18002.000000,1001.000000
2009-10-16,2788.000000,2791.000000,2784.000000,2790.000000,8364.000000,1001.000000
2009-10-19,2791.000000,2799.000000,2790.000000,2797.000000,18066.000000,1001.000000
2009-10-20,2800.000000,2800.000000,2788.000000,2791.000000,12560.000000,1001.000000
2009-10-21,2790.000000,2794.000000,2782.000000,2786.000000,7254.000000,1001.000000
2009-10-22,2789.000000,2790.000000,2783.000000,2786.000000,7990.000000,1001.000000
2009-10-23,2787.000000,2791.000000,2782.000000,2788.000000,9786.000000,1001.000000
2009-10-26,2787.000000,2791.000000,2787.000000,2789.000000,4710.000000,1001.000000
2009-10-27,2785.000000,2787.000000,2778.000000,2778.000000,7340.000000,1001.000000
2009-10-28,2777.000000,2782.000000,2770.000000,2771.000000,11060.000000,1001.000000
2009-10-29,2771.000000,2795.000000,2768.000000,2794.000000,26184.000000,1005.000000
2009-10-30,2796.000000,2799.000000,2784.000000,2788.000000,15092.000000,1005.000000
2009-11-02,2784.000000,2795.000000,2784.000000,2794.000000,19158.000000,1005.000000
2009-11-03,2798.000000,2806.000000,2793.000000,2797.000000,16578.000000,1005.000000
2009-11-04,2802.000000,2802.000000,2792.000000,2793.000000,11208.000000,1005.000000
2009-11-05,2794.000000,2795.000000,2788.000000,2791.000000,6698.000000,1005.000000
2009-11-06,2790.000000,2792.000000,2787.000000,2788.000000,4458.000000,1005.000000
2009-11-09,2788.000000,2794.000000,2787.000000,2793.000000,6486.000000,1005.000000
2009-11-10,2794.000000,2795.000000,2788.000000,2792.000000,9660.000000,1005.000000
2009-11-11,2794.000000,2802.000000,2792.000000,2795.000000,16648.000000,1005.000000
2009-11-12,2797.000000,2798.000000,2788.000000,2792.000000,9128.000000,1005.000000
2009-11-13,2790.000000,2796.000000,2789.000000,2794.000000,10870.000000,1005.000000
2009-11-16,2796.000000,2803.000000,2792.000000,2799.000000,14460.000000,1005.000000
2009-11-17,2800.000000,2812.000000,2797.000000,2800.000000,19222.000000,1005.000000
2009-11-18,2802.000000,2803.000000,2798.000000,2801.000000,8878.000000,1005.000000
2009-11-19,2801.000000,2810.000000,2800.000000,2804.000000,21112.000000,1005.000000
2009-11-20,2805.000000,2807.000000,2801.000000,2802.000000,11216.000000,1005.000000
2009-11-23,2803.000000,2818.000000,2802.000000,2816.000000,26832.000000,1005.000000
2009-11-24,2813.000000,2824.000000,2800.000000,2805.000000,35448.000000,1005.000000
2009-11-25,2809.000000,2812.000000,2805.000000,2811.000000,13444.000000,1005.000000
2009-11-26,2811.000000,2815.000000,2802.000000,2805.000000,18094.000000,1005.000000
2009-11-27,2802.000000,2803.000000,2777.000000,2783.000000,29456.000000,1005.000000
2009-11-30,2788.000000,2794.000000,2784.000000,2791.000000,19000.000000,1005.000000
2009-12-01,2789.000000,2793.000000,2783.000000,2787.000000,11964.000000,1005.000000
2009-12-02,2788.000000,2799.000000,2786.000000,2792.000000,25252.000000,1005.000000
2009-12-03,2794.000000,2797.000000,2790.000000,2794.000000,13556.000000,1005.000000
2009-12-04,2794.000000,2804.000000,2794.000000,2802.000000,21292.000000,1005.000000
2009-12-07,2804.000000,2815.000000,2802.000000,2810.000000,30292.000000,1005.000000
2009-12-08,2810.000000,2811.000000,2803.000000,2810.000000,16716.000000,1005.000000
2009-12-09,2806.000000,2827.000000,2800.000000,2819.000000,62508.000000,1005.000000
2009-12-10,2821.000000,2827.000000,2809.000000,2817.000000,40966.000000,1005.000000
2009-12-11,2823.000000,2862.000000,2820.000000,2858.000000,140292.000000,1005.000000
2009-12-14,2864.000000,2869.000000,2849.000000,2852.000000,86288.000000,1005.000000
2009-12-15,2856.000000,2875.000000,2853.000000,2862.000000,97212.000000,1005.000000
2009-12-16,2861.000000,2864.000000,2846.000000,2849.000000,40736.000000,1005.000000
2009-12-17,2848.000000,2854.000000,2836.000000,2846.000000,41102.000000,1005.000000
2009-12-18,2840.000000,2850.000000,2835.000000,2837.000000,32590.000000,1005.000000
2009-12-21,2840.000000,2844.000000,2832.000000,2841.000000,21988.000000,1005.000000
2009-12-22,2839.000000,2839.000000,2828.000000,2829.000000,21582.000000,1005.000000
2009-12-23,2830.000000,2831.000000,2823.000000,2827.000000,18500.000000,1005.000000
2009-12-24,2831.000000,2837.000000,2828.000000,2831.000000,27716.000000,1005.000000
2009-12-25,2832.000000,2834.000000,2826.000000,2827.000000,19114.000000,1005.000000
2009-12-28,2830.000000,2842.000000,2829.000000,2840.000000,30384.000000,1005.000000
2009-12-29,2841.000000,2843.000000,2834.000000,2835.000000,20706.000000,1005.000000
2009-12-30,2835.000000,2836.000000,2829.000000,2832.000000,19268.000000,1005.000000
2009-12-31,2834.000000,2843.000000,2831.000000,2837.000000,24204.000000,1005.000000
2010-01-04,2850.000000,2850.000000,2839.000000,2842.000000,26470.000000,1005.000000
2010-01-05,2843.000000,2846.000000,2837.000000,2838.000000,17720.000000,1005.000000
2010-01-06,2837.000000,2846.000000,2837.000000,2843.000000,24868.000000,1005.000000
2010-01-07,2845.000000,2854.000000,2820.000000,2824.000000,47676.000000,1005.000000
2010-01-08,2824.000000,2828.000000,2809.000000,2815.000000,27068.000000,1005.000000
2010-01-11,2820.000000,2834.000000,2819.000000,2830.000000,19150.000000,1009.000000
2010-01-12,2826.000000,2836.000000,2812.000000,2813.000000,22658.000000,1009.000000
2010-01-13,2798.000000,2806.000000,2785.000000,2788.000000,27660.000000,1009.000000
2010-01-14,2791.000000,2796.000000,2785.000000,2792.000000,10014.000000,1009.000000
2010-01-15,2790.000000,2796.000000,2781.000000,2786.000000,12350.000000,1009.000000
2010-01-18,2784.000000,2786.000000,2776.000000,2778.000000,17198.000000,1009.000000
2010-01-19,2781.000000,2786.000000,2779.000000,2783.000000,11986.000000,1009.000000
2010-01-20,2783.000000,2785.000000,2772.000000,2774.000000,8430.000000,1009.000000
2010-01-21,2769.000000,2778.000000,2764.000000,2776.000000,11564.000000,1009.000000
2010-01-22,2774.000000,2776.000000,2761.000000,2771.000000,8302.000000,1009.000000
2010-01-25,2771.000000,2779.000000,2769.000000,2773.000000,7336.000000,1009.000000
2010-01-26,2772.000000,2775.000000,2759.000000,2760.000000,6730.000000,1009.000000
2010-01-27,2763.000000,2768.000000,2760.000000,2767.000000,5918.000000,1009.000000
2010-01-28,2764.000000,2773.000000,2759.000000,2764.000000,12996.000000,1009.000000
2010-01-29,2764.000000,2768.000000,2761.000000,2765.000000,5214.000000,1009.000000
2010-02-01,2763.000000,2766.000000,2746.000000,2747.000000,13396.000000,1009.000000
2010-02-02,2748.000000,2752.000000,2726.000000,2738.000000,9694.000000,1009.000000
2010-02-03,2742.000000,2750.000000,2740.000000,2749.000000,8464.000000,1009.000000
2010-02-04,2743.000000,2746.000000,2738.000000,2741.000000,6170.000000,1009.000000
2010-02-05,2739.000000,2747.000000,2735.000000,2744.000000,8184.000000,1009.000000
2010-02-08,2750.000000,2750.000000,2744.000000,2746.000000,6404.000000,1009.000000
2010-02-09,2748.000000,2748.000000,2739.000000,2743.000000,5840.000000,1009.000000
2010-02-10,2745.000000,2747.000000,2741.000000,2742.000000,5220.000000,1009.000000
2010-02-11,2744.000000,2750.000000,2742.000000,2744.000000,7640.000000,1009.000000
2010-02-12,2743.000000,2746.000000,2736.000000,2736.000000,4758.000000,1009.000000
2010-02-22,2757.000000,2766.000000,2744.000000,2762.000000,16722.000000,1009.000000
2010-02-23,2761.000000,2766.000000,2756.000000,2765.000000,24294.000000,1009.000000
2010-02-24,2763.000000,2776.000000,2759.000000,2771.000000,34264.000000,1009.000000
2010-02-25,2773.000000,2775.000000,2759.000000,2764.000000,23594.000000,1009.000000
2010-02-26,2761.000000,2786.000000,2760.000000,2785.000000,41870.000000,1009.000000
2010-03-01,2788.000000,2792.000000,2781.000000,2787.000000,33912.000000,1009.000000
2010-03-02,2785.000000,2787.000000,2776.000000,2776.000000,24856.000000,1009.000000
2010-03-03,2779.000000,2790.000000,2777.000000,2785.000000,36114.000000,1009.000000
2010-03-04,2785.000000,2786.000000,2764.000000,2766.000000,34614.000000,1009.000000
2010-03-05,2764.000000,2770.000000,2762.000000,2767.000000,14172.000000,1009.000000
2010-03-08,2768.000000,2771.000000,2764.000000,2769.000000,13134.000000,1009.000000
2010-03-09,2768.000000,2768.000000,2757.000000,2761.000000,23960.000000,1009.000000
2010-03-10,2760.000000,2762.000000,2754.000000,2755.000000,18948.000000,1009.000000
2010-03-11,2755.000000,2758.000000,2744.000000,2748.000000,22498.000000,1009.000000
2010-03-12,2746.000000,2756.000000,2746.000000,2751.000000,15334.000000,1009.000000
2010-03-15,2753.000000,2753.000000,2744.000000,2745.000000,13460.000000,1009.000000
2010-03-16,2745.000000,2752.000000,2744.000000,2752.000000,14442.000000,1009.000000
2010-03-17,2754.000000,2758.000000,2752.000000,2758.000000,14144.000000,1009.000000
2010-03-18,2761.000000,2761.000000,2756.000000,2757.000000,13782.000000,1009.000000
2010-03-19,2758.000000,2767.000000,2757.000000,2764.000000,21344.000000,1009.000000
2010-03-22,2765.000000,2775.000000,2764.000000,2770.000000,29408.000000,1009.000000
2010-03-23,2777.000000,2824.000000,2776.000000,2806.000000,176436.000000,1009.000000
2010-03-24,2808.000000,2814.000000,2796.000000,2799.000000,92258.000000,1009.000000
2010-03-25,2805.000000,2805.000000,2787.000000,2791.000000,61266.000000,1009.000000
2010-03-26,2791.000000,2791.000000,2778.000000,2783.000000,38560.000000,1009.000000
2010-03-29,2784.000000,2790.000000,2778.000000,2785.000000,45398.000000,1009.000000
2010-03-30,2787.000000,2788.000000,2770.000000,2771.000000,45226.000000,1009.000000
2010-03-31,2772.000000,2774.000000,2761.000000,2764.000000,35782.000000,1009.000000
2010-04-01,2758.000000,2763.000000,2756.000000,2756.000000,35676.000000,1009.000000
2010-04-02,2758.000000,2763.000000,2754.000000,2762.000000,36650.000000,1009.000000
2010-04-06,2764.000000,2767.000000,2758.000000,2761.000000,32326.000000,1009.000000
2010-04-07,2762.000000,2770.000000,2760.000000,2769.000000,36148.000000,1009.000000
2010-04-08,2768.000000,2776.000000,2766.000000,2766.000000,48202.000000,1009.000000
2010-04-09,2765.000000,2773.000000,2754.000000,2759.000000,60718.000000,1009.000000
2010-04-12,2763.000000,2764.000000,2749.000000,2750.000000,66756.000000,1009.000000
2010-04-13,2748.000000,2755.000000,2747.000000,2753.000000,46224.000000,1009.000000
2010-04-14,2754.000000,2758.000000,2752.000000,2754.000000,30862.000000,1009.000000
2010-04-15,2756.000000,2759.000000,2748.000000,2752.000000,34430.000000,1009.000000
2010-04-16,2752.000000,2755.000000,2742.000000,2751.000000,71360.000000,1009.000000
2010-04-19,2748.000000,2764.000000,2744.000000,2753.000000,66554.000000,1009.000000
2010-04-20,2756.000000,2757.000000,2742.000000,2745.000000,96578.000000,1009.000000
2010-04-21,2746.000000,2756.000000,2744.000000,2755.000000,69536.000000,1009.000000
2010-04-22,2757.000000,2759.000000,2753.000000,2756.000000,43170.000000,1009.000000
2010-04-23,2758.000000,2765.000000,2756.000000,2763.000000,69354.000000,1009.000000
2010-04-26,2766.000000,2766.000000,2757.000000,2758.000000,35564.000000,1009.000000
2010-04-27,2757.000000,2757.000000,2744.000000,2749.000000,49750.000000,1009.000000
2010-04-28,2743.000000,2746.000000,2730.000000,2739.000000,47236.000000,1009.000000
2010-04-29,2740.000000,2744.000000,2731.000000,2731.000000,46638.000000,1009.000000
2010-04-30,2733.000000,2737.000000,2722.000000,2732.000000,49342.000000,1009.000000
2010-05-04,2731.000000,2731.000000,2721.000000,2722.000000,29986.000000,1009.000000
2010-05-05,2718.000000,2720.000000,2713.000000,2719.000000,36266.000000,1009.000000
2010-05-06,2719.000000,2723.000000,2704.000000,2705.000000,58078.000000,1009.000000
2010-05-07,2697.000000,2701.000000,2690.000000,2690.000000,61962.000000,1009.000000
2010-05-10,2694.000000,2701.000000,2687.000000,2699.000000,49698.000000,1009.000000
2010-05-11,2698.000000,2703.000000,2690.000000,2692.000000,48178.000000,1009.000000
2010-05-12,2693.000000,2697.000000,2690.000000,2692.000000,33300.000000,1009.000000
2010-05-13,2692.000000,2696.000000,2685.000000,2686.000000,44136.000000,1009.000000
2010-05-14,2684.000000,2686.000000,2667.000000,2668.000000,67462.000000,1009.000000
2010-05-17,2664.000000,2666.000000,2643.000000,2645.000000,59410.000000,1009.000000
2010-05-18,2645.000000,2664.000000,2644.000000,2662.000000,42884.000000,1009.000000
2010-05-19,2656.000000,2660.000000,2650.000000,2653.000000,31398.000000,1009.000000
2010-05-20,2654.000000,2668.000000,2654.000000,2659.000000,29122.000000,1009.000000
2010-05-21,2658.000000,2667.000000,2652.000000,2666.000000,30568.000000,1009.000000
2010-05-24,2669.000000,2678.000000,2664.000000,2675.000000,51100.000000,1009.000000
2010-05-25,2673.000000,2673.000000,2657.000000,2658.000000,32048.000000,1009.000000
2010-05-26,2658.000000,2662.000000,2652.000000,2658.000000,26444.000000,1009.000000
2010-05-27,2657.000000,2664.000000,2653.000000,2663.000000,25368.000000,1009.000000
2010-05-28,2667.000000,2667.000000,2656.000000,2659.000000,18980.000000,1009.000000
2010-05-31,2656.000000,2658.000000,2643.000000,2644.000000,37826.000000,1009.000000
2010-06-01,2643.000000,2650.000000,2640.000000,2641.000000,37246.000000,1009.000000
2010-06-02,2642.000000,2648.000000,2640.000000,2648.000000,37200.000000,1009.000000
2010-06-03,2648.000000,2653.000000,2646.000000,2649.000000,22372.000000,1009.000000
2010-06-04,2650.000000,2653.000000,2641.000000,2647.000000,25874.000000,1009.000000
2010-06-07,2641.000000,2641.000000,2632.000000,2635.000000,29372.000000,1009.000000
2010-06-08,2635.000000,2648.000000,2633.000000,2646.000000,26094.000000,1009.000000
2010-06-09,2648.000000,2655.000000,2645.000000,2653.000000,21448.000000,1009.000000
2010-06-10,2653.000000,2654.000000,2646.000000,2647.000000,25466.000000,1009.000000
2010-06-11,2651.000000,2651.000000,2642.000000,2644.000000,24766.000000,1009.000000
2010-06-17,2648.000000,2650.000000,2638.000000,2638.000000,20270.000000,1009.000000
2010-06-18,2637.000000,2642.000000,2633.000000,2634.000000,29190.000000,1009.000000
2010-06-22,2648.000000,2659.000000,2644.000000,2658.000000,27640.000000,1101.000000
2010-06-23,2663.000000,2663.000000,2649.000000,2653.000000,35124.000000,1101.000000
2010-06-24,2652.000000,2656.000000,2649.000000,2654.000000,20894.000000,1101.000000
2010-06-25,2654.000000,2656.000000,2647.000000,2651.000000,27106.000000,1101.000000
2010-06-28,2650.000000,2653.000000,2639.000000,2639.000000,33394.000000,1101.000000
2010-06-29,2637.000000,2642.000000,2634.000000,2635.000000,21866.000000,1101.000000
2010-06-30,2635.000000,2639.000000,2629.000000,2631.000000,24228.000000,1101.000000
2010-07-02,2640.000000,2644.000000,2635.000000,2642.000000,21522.000000,1101.000000
2010-07-05,2641.000000,2659.000000,2641.000000,2658.000000,38224.000000,1101.000000
2010-07-06,2657.000000,2677.000000,2657.000000,2675.000000,77400.000000,1101.000000
2010-07-07,2675.000000,2679.000000,2668.000000,2676.000000,48006.000000,1101.000000
2010-07-08,2681.000000,2683.000000,2670.000000,2672.000000,27868.000000,1101.000000
2010-07-09,2674.000000,2691.000000,2672.000000,2687.000000,54882.000000,1101.000000
2010-07-12,2689.000000,2709.000000,2685.000000,2686.000000,90790.000000,1101.000000
2010-07-13,2687.000000,2703.000000,2684.000000,2702.000000,67186.000000,1101.000000
2010-07-14,2705.000000,2716.000000,2695.000000,2699.000000,67086.000000,1101.000000
2010-07-15,2700.000000,2702.000000,2685.000000,2691.000000,70476.000000,1101.000000
2010-07-16,2698.000000,2702.000000,2693.000000,2699.000000,53312.000000,1101.000000
2010-07-19,2699.000000,2712.000000,2695.000000,2709.000000,62472.000000,1101.000000
2010-07-20,2710.000000,2715.000000,2702.000000,2706.000000,52792.000000,1101.000000
2010-07-21,2708.000000,2709.000000,2695.000000,2696.000000,50534.000000,1101.000000
2010-07-22,2697.000000,2698.000000,2687.000000,2690.000000,49082.000000,1101.000000
2010-07-23,2693.000000,2702.000000,2691.000000,2694.000000,62714.000000,1101.000000
2010-07-26,2694.000000,2708.000000,2691.000000,2701.000000,78354.000000,1101.000000
2010-07-27,2701.000000,2715.000000,2694.000000,2704.000000,126402.000000,1101.000000
2010-07-28,2706.000000,2719.000000,2703.000000,2715.000000,112850.000000,1101.000000
2010-07-29,2719.000000,2719.000000,2698.000000,2700.000000,108942.000000,1101.000000
2010-07-30,2700.000000,2706.000000,2697.000000,2700.000000,65600.000000,1101.000000
2010-08-02,2705.000000,2719.000000,2705.000000,2717.000000,118788.000000,1101.000000
2010-08-03,2717.000000,2723.000000,2701.000000,2702.000000,127858.000000,1101.000000
2010-08-04,2705.000000,2714.000000,2698.000000,2704.000000,94780.000000,1101.000000
2010-08-05,2710.000000,2718.000000,2698.000000,2699.000000,172534.000000,1101.000000
2010-08-06,2705.000000,2718.000000,2701.000000,2717.000000,146882.000000,1101.000000
2010-08-09,2711.000000,2753.000000,2707.000000,2748.000000,301332.000000,1101.000000
2010-08-10,2750.000000,2756.000000,2735.000000,2739.000000,201078.000000,1101.000000
2010-08-11,2741.000000,2750.000000,2732.000000,2734.000000,124722.000000,1101.000000
2010-08-12,2731.000000,2737.000000,2722.000000,2728.000000,97986.000000,1101.000000
2010-08-16,2736.000000,2751.000000,2735.000000,2744.000000,143816.000000,1101.000000
2010-08-17,2739.000000,2740.000000,2729.000000,2734.000000,70888.000000,1101.000000
2010-08-18,2737.000000,2740.000000,2718.000000,2721.000000,85320.000000,1101.000000
2010-08-19,2724.000000,2727.000000,2712.000000,2722.000000,76224.000000,1101.000000
2010-08-20,2717.000000,2723.000000,2702.000000,2704.000000,82588.000000,1101.000000
2010-08-23,2702.000000,2709.000000,2696.000000,2697.000000,56944.000000,1101.000000
2010-08-24,2698.000000,2705.000000,2696.000000,2696.000000,48842.000000,1101.000000
2010-08-25,2699.000000,2699.000000,2683.000000,2685.000000,61154.000000,1101.000000
2010-08-26,2687.000000,2693.000000,2684.000000,2692.000000,43784.000000,1101.000000
2010-08-27,2695.000000,2699.000000,2690.000000,2698.000000,41034.000000,1101.000000
2010-08-30,2702.000000,2712.000000,2701.000000,2705.000000,60826.000000,1101.000000
2010-08-31,2701.000000,2702.000000,2692.000000,2693.000000,38608.000000,1101.000000
2010-09-01,2693.000000,2699.000000,2689.000000,2695.000000,34170.000000,1101.000000
2010-09-02,2697.000000,2700.000000,2691.000000,2700.000000,37836.000000,1101.000000
2010-09-03,2700.000000,2703.000000,2694.000000,2702.000000,38082.000000,1101.000000
2010-09-06,2707.000000,2721.000000,2707.000000,2719.000000,38598.000000,1105.000000
2010-09-07,2717.000000,2724.000000,2711.000000,2720.000000,36494.000000,1105.000000
2010-09-08,2724.000000,2732.000000,2715.000000,2716.000000,34128.000000,1105.000000
2010-09-09,2718.000000,2720.000000,2670.000000,2697.000000,50000.000000,1105.000000
2010-09-10,2701.000000,2707.000000,2701.000000,2703.000000,20108.000000,1105.000000
2010-09-13,2703.000000,2709.000000,2696.000000,2698.000000,34036.000000,1105.000000
2010-09-14,2698.000000,2701.000000,2679.000000,2682.000000,44622.000000,1105.000000
2010-09-15,2688.000000,2692.000000,2675.000000,2679.000000,54388.000000,1105.000000
2010-09-16,2680.000000,2682.000000,2654.000000,2659.000000,75610.000000,1105.000000
2010-09-17,2658.000000,2668.000000,2652.000000,2659.000000,46578.000000,1105.000000
2010-09-20,2669.000000,2692.000000,2666.000000,2676.000000,78372.000000,1105.000000
2010-09-21,2675.000000,2675.000000,2637.000000,2640.000000,57484.000000,1105.000000
2010-09-27,2657.000000,2662.000000,2630.000000,2635.000000,58884.000000,1105.000000
2010-09-28,2633.000000,2653.000000,2621.000000,2650.000000,76778.000000,1105.000000
2010-09-29,2643.000000,2657.000000,2638.000000,2645.000000,87302.000000,1105.000000
2010-09-30,2645.000000,2651.000000,2637.000000,2650.000000,36492.000000,1105.000000
2010-10-08,2653.000000,2669.000000,2648.000000,2659.000000,46734.000000,1105.000000
2010-10-11,2692.000000,2728.000000,2692.000000,2726.000000,256372.000000,1105.000000
2010-10-12,2712.000000,2712.000000,2696.000000,2700.000000,124200.000000,1105.000000
2010-10-13,2706.000000,2714.000000,2702.000000,2710.000000,88226.000000,1105.000000
2010-10-14,2714.000000,2715.000000,2703.000000,2708.000000,95122.000000,1105.000000
2010-10-15,2709.000000,2713.000000,2702.000000,2711.000000,71482.000000,1105.000000
2010-10-18,2706.000000,2776.000000,2698.000000,2773.000000,296908.000000,1105.000000
2010-10-19,2779.000000,2816.000000,2752.000000,2800.000000,1015590.000000,1105.000000
2010-10-20,2775.000000,2860.000000,2765.000000,2860.000000,1156966.000000,1105.000000
2010-10-21,2900.000000,2937.000000,2875.000000,2888.000000,840484.000000,1105.000000
2010-10-22,2883.000000,2977.000000,2871.000000,2964.000000,2272476.000000,1105.000000
2010-10-25,2973.000000,3003.000000,2952.000000,2982.000000,1791690.000000,1105.000000
2010-10-26,2977.000000,3008.000000,2926.000000,2936.000000,1750268.000000,1105.000000
2010-10-27,2957.000000,2963.000000,2894.000000,2894.000000,776550.000000,1105.000000
2010-10-28,2879.000000,2892.000000,2830.000000,2844.000000,1059906.000000,1105.000000
2010-10-29,2839.000000,2871.000000,2785.000000,2828.000000,1033470.000000,1105.000000
2010-11-01,2858.000000,2873.000000,2840.000000,2848.000000,507372.000000,1105.000000
2010-11-02,2847.000000,2886.000000,2816.000000,2855.000000,851266.000000,1105.000000
2010-11-03,2861.000000,2893.000000,2837.000000,2849.000000,678642.000000,1105.000000
2010-11-04,2862.000000,2878.000000,2846.000000,2868.000000,512986.000000,1105.000000
2010-11-05,2901.000000,2952.000000,2890.000000,2924.000000,941566.000000,1105.000000
2010-11-08,2904.000000,2938.000000,2887.000000,2914.000000,627478.000000,1105.000000
2010-11-09,2909.000000,2948.000000,2905.000000,2934.000000,531182.000000,1105.000000
2010-11-10,2947.000000,2992.000000,2879.000000,2911.000000,834812.000000,1105.000000
2010-11-11,2913.000000,2922.000000,2867.000000,2890.000000,465628.000000,1105.000000
2010-11-12,2870.000000,2920.000000,2786.000000,2862.000000,3349388.000000,1105.000000
2010-11-15,2863.000000,2973.000000,2863.000000,2973.000000,2324156.000000,1105.000000
2010-11-16,3010.000000,3043.000000,2902.000000,2916.000000,1633262.000000,1105.000000
2010-11-17,2858.000000,2927.000000,2833.000000,2898.000000,2504690.000000,1105.000000
2010-11-18,2942.000000,3013.000000,2913.000000,2973.000000,2144288.000000,1105.000000
2010-11-19,2986.000000,3017.000000,2941.000000,2962.000000,2504854.000000,1105.000000
2010-11-22,2925.000000,2959.000000,2904.000000,2911.000000,1036808.000000,1105.000000
2010-11-23,2927.000000,2933.000000,2872.000000,2884.000000,800828.000000,1105.000000
2010-11-24,2894.000000,2900.000000,2871.000000,2896.000000,619014.000000,1105.000000
2010-11-25,2905.000000,2912.000000,2867.000000,2868.000000,518112.000000,1105.000000
2010-11-26,2860.000000,2868.000000,2789.000000,2814.000000,633864.000000,1105.000000
2010-11-29,2802.000000,2809.000000,2766.000000,2803.000000,381216.000000,1105.000000
2010-11-30,2790.000000,2801.000000,2769.000000,2796.000000,314226.000000,1105.000000
2010-12-01,2794.000000,2812.000000,2784.000000,2808.000000,201840.000000,1105.000000
2010-12-02,2837.000000,2842.000000,2823.000000,2825.000000,172422.000000,1105.000000
2010-12-03,2820.000000,2831.000000,2817.000000,2825.000000,88982.000000,1105.000000
2010-12-06,2840.000000,2845.000000,2829.000000,2838.000000,96986.000000,1105.000000
2010-12-07,2837.000000,2859.000000,2826.000000,2855.000000,125316.000000,1105.000000
2010-12-08,2836.000000,2847.000000,2825.000000,2826.000000,78266.000000,1105.000000
2010-12-09,2841.000000,2850.000000,2830.000000,2836.000000,75834.000000,1105.000000
2010-12-10,2834.000000,2837.000000,2820.000000,2828.000000,51296.000000,1105.000000
2010-12-13,2815.000000,2850.000000,2815.000000,2842.000000,82222.000000,1105.000000
2010-12-14,2846.000000,2866.000000,2840.000000,2857.000000,120944.000000,1105.000000
2010-12-15,2851.000000,2869.000000,2837.000000,2838.000000,80134.000000,1105.000000
2010-12-16,2841.000000,2845.000000,2833.000000,2836.000000,30976.000000,1105.000000
2010-12-17,2836.000000,2841.000000,2830.000000,2835.000000,28098.000000,1105.000000
2010-12-20,2847.000000,2849.000000,2826.000000,2835.000000,35894.000000,1105.000000
2010-12-21,2841.000000,2841.000000,2831.000000,2840.000000,21832.000000,1105.000000
2010-12-22,2835.000000,2858.000000,2835.000000,2854.000000,77356.000000,1105.000000
2010-12-23,2858.000000,2868.000000,2852.000000,2860.000000,47968.000000,1105.000000
2010-12-24,2865.000000,2866.000000,2846.000000,2855.000000,29522.000000,1105.000000
2010-12-27,2850.000000,2887.000000,2844.000000,2870.000000,47684.000000,1109.000000
2010-12-28,2880.000000,2893.000000,2868.000000,2872.000000,39768.000000,1109.000000
2010-12-29,2874.000000,2877.000000,2838.000000,2846.000000,29192.000000,1109.000000
2010-12-30,2849.000000,2854.000000,2835.000000,2847.000000,22824.000000,1109.000000
2010-12-31,2840.000000,2849.000000,2838.000000,2839.000000,15424.000000,1109.000000
2011-01-04,2849.000000,2877.000000,2843.000000,2873.000000,40068.000000,1109.000000
2011-01-05,2863.000000,2887.000000,2862.000000,2868.000000,34406.000000,1109.000000
2011-01-06,2879.000000,2881.000000,2863.000000,2868.000000,23466.000000,1109.000000
2011-01-07,2855.000000,2863.000000,2816.000000,2818.000000,36264.000000,1109.000000
2011-01-10,2826.000000,2835.000000,2812.000000,2814.000000,23016.000000,1109.000000
2011-01-11,2820.000000,2824.000000,2789.000000,2796.000000,50562.000000,1109.000000
2011-01-12,2792.000000,2809.000000,2789.000000,2798.000000,30324.000000,1109.000000
2011-01-13,2822.000000,2822.000000,2803.000000,2807.000000,25508.000000,1109.000000
2011-01-14,2809.000000,2864.000000,2802.000000,2834.000000,103728.000000,1109.000000
2011-01-17,2840.000000,2852.000000,2832.000000,2837.000000,58410.000000,1109.000000
2011-01-18,2844.000000,2855.000000,2815.000000,2852.000000,49674.000000,1109.000000
2011-01-19,2860.000000,2868.000000,2847.000000,2854.000000,54600.000000,1109.000000
2011-01-20,2845.000000,2852.000000,2833.000000,2835.000000,24456.000000,1109.000000
2011-01-21,2833.000000,2842.000000,2825.000000,2835.000000,22534.000000,1109.000000
2011-01-24,2844.000000,2873.000000,2838.000000,2862.000000,52844.000000,1109.000000
2011-01-25,2864.000000,2922.000000,2860.000000,2883.000000,208236.000000,1109.000000
2011-01-26,2868.000000,2904.000000,2849.000000,2867.000000,77238.000000,1109.000000
2011-01-27,2882.000000,2895.000000,2871.000000,2887.000000,66126.000000,1109.000000
2011-01-28,2884.000000,2897.000000,2871.000000,2875.000000,48028.000000,1109.000000
2011-01-31,2884.000000,2907.000000,2876.000000,2902.000000,59120.000000,1109.000000
2011-02-01,2902.000000,2923.000000,2891.000000,2922.000000,52494.000000,1109.000000
2011-02-09,2936.000000,3010.000000,2917.000000,2968.000000,159434.000000,1109.000000
2011-02-10,2980.000000,3001.000000,2963.000000,2970.000000,130328.000000,1109.000000
2011-02-11,2966.000000,2989.000000,2955.000000,2969.000000,74898.000000,1109.000000
2011-02-14,2982.000000,3006.000000,2960.000000,2994.000000,109592.000000,1109.000000
2011-02-15,2987.000000,3029.000000,2978.000000,2994.000000,177830.000000,1109.000000
2011-02-16,2961.000000,2995.000000,2961.000000,2978.000000,82488.000000,1109.000000
2011-02-17,2983.000000,2998.000000,2955.000000,2955.000000,69100.000000,1109.000000
2011-02-18,2972.000000,2975.000000,2933.000000,2935.000000,61116.000000,1109.000000
2011-02-21,2935.000000,2941.000000,2917.000000,2932.000000,49736.000000,1109.000000
2011-02-22,2940.000000,2960.000000,2917.000000,2938.000000,60948.000000,1109.000000
2011-02-23,2899.000000,2915.000000,2873.000000,2903.000000,45526.000000,1109.000000
2011-02-24,2915.000000,2915.000000,2878.000000,2882.000000,30774.000000,1109.000000
2011-02-25,2892.000000,2918.000000,2884.000000,2915.000000,35424.000000,1109.000000
2011-02-28,2930.000000,2933.000000,2914.000000,2921.000000,35300.000000,1109.000000
2011-03-01,2923.000000,2930.000000,2913.000000,2917.000000,19762.000000,1109.000000
2011-03-02,2915.000000,2930.000000,2908.000000,2926.000000,23630.000000,1109.000000
2011-03-03,2922.000000,2932.000000,2911.000000,2916.000000,25314.000000,1109.000000
2011-03-04,2927.000000,2938.000000,2912.000000,2926.000000,36664.000000,1109.000000
2011-03-07,2928.000000,2943.000000,2923.000000,2936.000000,32288.000000,1109.000000
2011-03-08,2925.000000,2933.000000,2900.000000,2904.000000,35156.000000,1109.000000
2011-03-09,2909.000000,2910.000000,2886.000000,2897.000000,31034.000000,1109.000000
2011-03-10,2890.000000,2902.000000,2875.000000,2885.000000,34420.000000,1109.000000
2011-03-11,2881.000000,2895.000000,2876.000000,2885.000000,27352.000000,1109.000000
2011-03-14,2880.000000,2909.000000,2878.000000,2903.000000,56432.000000,1109.000000
2011-03-15,2909.000000,2909.000000,2890.000000,2904.000000,27160.000000,1109.000000
2011-03-16,2883.000000,2902.000000,2881.000000,2893.000000,23514.000000,1109.000000
2011-03-17,2892.000000,2919.000000,2888.000000,2912.000000,44310.000000,1109.000000
2011-03-18,2925.000000,2934.000000,2919.000000,2925.000000,33584.000000,1109.000000
2011-03-21,2931.000000,2938.000000,2925.000000,2932.000000,35114.000000,1109.000000
2011-03-22,2928.000000,2945.000000,2922.000000,2925.000000,47502.000000,1109.000000
2011-03-23,2927.000000,2931.000000,2916.000000,2927.000000,35846.000000,1109.000000
2011-03-24,2924.000000,2926.000000,2902.000000,2902.000000,30200.000000,1109.000000
2011-03-25,2909.000000,2912.000000,2897.000000,2902.000000,36982.000000,1109.000000
2011-03-28,2899.000000,2908.000000,2865.000000,2882.000000,51870.000000,1109.000000
2011-03-29,2875.000000,2885.000000,2869.000000,2880.000000,25086.000000,1109.000000
2011-03-30,2882.000000,2889.000000,2861.000000,2869.000000,34382.000000,1109.000000
2011-03-31,2868.000000,2871.000000,2838.000000,2838.000000,46116.000000,1109.000000
2011-04-01,2845.000000,2850.000000,2828.000000,2835.000000,47924.000000,1109.000000
2011-04-06,2836.000000,2861.000000,2833.000000,2857.000000,56004.000000,1109.000000
2011-04-07,2853.000000,2871.000000,2846.000000,2866.000000,42534.000000,1109.000000
2011-04-08,2863.000000,2869.000000,2857.000000,2863.000000,26828.000000,1109.000000
2011-04-11,2870.000000,2884.000000,2868.000000,2873.000000,38280.000000,1109.000000
2011-04-12,2868.000000,2868.000000,2834.000000,2836.000000,33524.000000,1109.000000
2011-04-13,2825.000000,2842.000000,2823.000000,2838.000000,21856.000000,1109.000000
2011-04-14,2837.000000,2845.000000,2821.000000,2822.000000,22922.000000,1109.000000
2011-04-15,2825.000000,2830.000000,2805.000000,2809.000000,32240.000000,1109.000000
2011-04-18,2803.000000,2823.000000,2802.000000,2820.000000,18836.000000,1109.000000
2011-04-19,2825.000000,2832.000000,2819.000000,2823.000000,24714.000000,1109.000000
2011-04-20,2830.000000,2839.000000,2825.000000,2837.000000,19666.000000,1109.000000
2011-04-21,2838.000000,2838.000000,2815.000000,2816.000000,17546.000000,1109.000000
2011-04-22,2818.000000,2827.000000,2809.000000,2821.000000,21344.000000,1109.000000
2011-04-25,2829.000000,2830.000000,2814.000000,2822.000000,12804.000000,1109.000000
2011-04-26,2818.000000,2824.000000,2810.000000,2816.000000,12966.000000,1109.000000
2011-04-27,2817.000000,2825.000000,2799.000000,2801.000000,21756.000000,1109.000000
2011-04-28,2806.000000,2808.000000,2772.000000,2781.000000,33068.000000,1109.000000
2011-04-29,2771.000000,2776.000000,2750.000000,2755.000000,25266.000000,1109.000000
2011-05-03,2767.000000,2779.000000,2758.000000,2769.000000,11388.000000,1109.000000
2011-05-04,2769.000000,2777.000000,2750.000000,2755.000000,26876.000000,1109.000000
2011-05-05,2749.000000,2761.000000,2745.000000,2758.000000,22944.000000,1109.000000
2011-05-06,2745.000000,2753.000000,2732.000000,2750.000000,22068.000000,1109.000000
2011-05-09,2763.000000,2772.000000,2755.000000,2765.000000,22996.000000,1109.000000
2011-05-10,2769.000000,2770.000000,2761.000000,2768.000000,15796.000000,1109.000000
2011-05-11,2768.000000,2769.000000,2756.000000,2756.000000,15302.000000,1109.000000
2011-05-12,2747.000000,2757.000000,2746.000000,2750.000000,10446.000000,1109.000000
2011-05-13,2758.000000,2794.000000,2753.000000,2789.000000,45746.000000,1109.000000
2011-05-16,2785.000000,2794.000000,2778.000000,2785.000000,17340.000000,1109.000000
2011-05-17,2796.000000,2798.000000,2776.000000,2788.000000,15720.000000,1109.000000
2011-05-18,2796.000000,2823.000000,2794.000000,2801.000000,53254.000000,1109.000000
2011-05-19,2812.000000,2812.000000,2795.000000,2797.000000,28144.000000,1109.000000
2011-05-20,2801.000000,2804.000000,2795.000000,2800.000000,11682.000000,1109.000000
2011-05-23,2810.000000,2896.000000,2808.000000,2866.000000,219950.000000,1109.000000
2011-05-24,2877.000000,2888.000000,2852.000000,2860.000000,105178.000000,1109.000000
2011-05-25,2864.000000,2884.000000,2851.000000,2867.000000,97992.000000,1109.000000
2011-05-26,2873.000000,2882.000000,2868.000000,2878.000000,58432.000000,1109.000000
2011-05-27,2882.000000,2902.000000,2872.000000,2892.000000,100220.000000,1109.000000
2011-05-30,2907.000000,2971.000000,2902.000000,2958.000000,362518.000000,1109.000000
2011-05-31,2951.000000,2954.000000,2887.000000,2893.000000,443790.000000,1109.000000
2011-06-01,2890.000000,2895.000000,2870.000000,2872.000000,165950.000000,1109.000000
2011-06-02,2865.000000,2890.000000,2862.000000,2873.000000,155660.000000,1109.000000
2011-06-03,2880.000000,2882.000000,2855.000000,2861.000000,97622.000000,1109.000000
2011-06-07,2845.000000,2857.000000,2842.000000,2854.000000,72922.000000,1109.000000
2011-06-08,2852.000000,2865.000000,2844.000000,2848.000000,62526.000000,1109.000000
2011-06-09,2854.000000,2857.000000,2841.000000,2842.000000,29768.000000,1109.000000
2011-06-10,2845.000000,2845.000000,2820.000000,2824.000000,56696.000000,1109.000000
2011-06-13,2829.000000,2858.000000,2824.000000,2849.000000,93596.000000,1109.000000
2011-06-14,2849.000000,2851.000000,2827.000000,2830.000000,53944.000000,1109.000000
2011-06-15,2829.000000,2833.000000,2817.000000,2829.000000,52110.000000,1109.000000
2011-06-16,2825.000000,2839.000000,2815.000000,2818.000000,42496.000000,1109.000000
2011-06-17,2814.000000,2819.000000,2797.000000,2799.000000,37804.000000,1109.000000
2011-06-20,2804.000000,2818.000000,2802.000000,2810.000000,31338.000000,1109.000000
2011-06-21,2817.000000,2835.000000,2815.000000,2832.000000,54094.000000,1109.000000
2011-06-22,2832.000000,2835.000000,2816.000000,2818.000000,29572.000000,1109.000000
2011-06-23,2815.000000,2818.000000,2802.000000,2814.000000,25326.000000,1109.000000
2011-06-24,2812.000000,2826.000000,2808.000000,2817.000000,20666.000000,1109.000000
2011-06-27,2810.000000,2812.000000,2793.000000,2793.000000,25602.000000,1109.000000
2011-06-28,2799.000000,2804.000000,2790.000000,2794.000000,12592.000000,1201.000000
2011-06-29,2805.000000,2816.000000,2799.000000,2804.000000,17112.000000,1201.000000
2011-06-30,2807.000000,2812.000000,2793.000000,2803.000000,14940.000000,1201.000000
2011-07-01,2782.000000,2794.000000,2782.000000,2787.000000,12144.000000,1201.000000
2011-07-04,2788.000000,2804.000000,2783.000000,2800.000000,15582.000000,1201.000000
2011-07-05,2803.000000,2806.000000,2788.000000,2791.000000,10948.000000,1201.000000
2011-07-06,2797.000000,2814.000000,2788.000000,2814.000000,24628.000000,1201.000000
2011-07-07,2813.000000,2829.000000,2809.000000,2820.000000,37392.000000,1201.000000
2011-07-08,2827.000000,2835.000000,2812.000000,2817.000000,37884.000000,1201.000000
2011-07-11,2822.000000,2822.000000,2806.000000,2807.000000,23090.000000,1201.000000
2011-07-12,2805.000000,2806.000000,2756.000000,2758.000000,39814.000000,1201.000000
2011-07-13,2762.000000,2782.000000,2762.000000,2774.000000,34330.000000,1201.000000
2011-07-14,2784.000000,2787.000000,2768.000000,2775.000000,26714.000000,1201.000000
2011-07-15,2769.000000,2793.000000,2769.000000,2778.000000,34900.000000,1201.000000
2011-07-18,2777.000000,2790.000000,2773.000000,2781.000000,27912.000000,1201.000000
2011-07-19,2786.000000,2786.000000,2774.000000,2777.000000,13266.000000,1201.000000
2011-07-20,2782.000000,2783.000000,2772.000000,2777.000000,16790.000000,1201.000000
2011-07-21,2776.000000,2776.000000,2753.000000,2757.000000,22624.000000,1201.000000
2011-07-22,2757.000000,2762.000000,2746.000000,2755.000000,22788.000000,1201.000000
2011-07-25,2755.000000,2815.000000,2750.000000,2815.000000,87608.000000,1201.000000
2011-07-26,2822.000000,2832.000000,2811.000000,2817.000000,136636.000000,1201.000000
2011-07-27,2816.000000,2827.000000,2793.000000,2806.000000,90546.000000,1201.000000
2011-07-28,2804.000000,2829.000000,2801.000000,2817.000000,93798.000000,1201.000000
2011-07-29,2815.000000,2825.000000,2787.000000,2789.000000,90906.000000,1201.000000
2011-08-01,2796.000000,2803.000000,2790.000000,2802.000000,34808.000000,1201.000000
2011-08-02,2807.000000,2833.000000,2807.000000,2811.000000,98676.000000,1201.000000
2011-08-03,2821.000000,2821.000000,2805.000000,2808.000000,39132.000000,1201.000000
2011-08-04,2803.000000,2818.000000,2793.000000,2800.000000,52554.000000,1201.000000
2011-08-05,2783.000000,2783.000000,2760.000000,2773.000000,43842.000000,1201.000000
2011-08-08,2767.000000,2795.000000,2767.000000,2786.000000,42602.000000,1201.000000
2011-08-09,2767.000000,2795.000000,2752.000000,2793.000000,62954.000000,1201.000000
2011-08-10,2800.000000,2811.000000,2788.000000,2789.000000,34798.000000,1201.000000
2011-08-11,2787.000000,2797.000000,2780.000000,2795.000000,29446.000000,1201.000000
2011-08-12,2805.000000,2805.000000,2784.000000,2784.000000,19558.000000,1201.000000
2011-08-15,2792.000000,2807.000000,2788.000000,2802.000000,30414.000000,1201.000000
2011-08-16,2804.000000,2816.000000,2787.000000,2787.000000,37278.000000,1201.000000
2011-08-17,2789.000000,2795.000000,2783.000000,2783.000000,26636.000000,1201.000000
2011-08-18,2787.000000,2791.000000,2775.000000,2780.000000,29318.000000,1201.000000
2011-08-19,2773.000000,2782.000000,2770.000000,2775.000000,17434.000000,1201.000000
2011-08-22,2778.000000,2787.000000,2769.000000,2771.000000,22022.000000,1201.000000
2011-08-23,2773.000000,2777.000000,2762.000000,2774.000000,26942.000000,1201.000000
2011-08-24,2778.000000,2786.000000,2771.000000,2781.000000,32750.000000,1201.000000
2011-08-25,2778.000000,2782.000000,2769.000000,2772.000000,16848.000000,1201.000000
2011-08-26,2777.000000,2780.000000,2771.000000,2779.000000,17388.000000,1201.000000
2011-08-29,2782.000000,2793.000000,2779.000000,2792.000000,33622.000000,1201.000000
2011-08-30,2793.000000,2822.000000,2792.000000,2803.000000,84920.000000,1201.000000
2011-08-31,2807.000000,2824.000000,2799.000000,2813.000000,56970.000000,1201.000000
2011-09-01,2815.000000,2820.000000,2806.000000,2809.000000,21732.000000,1201.000000
2011-09-02,2806.000000,2820.000000,2801.000000,2811.000000,15064.000000,1201.000000
2011-09-05,2815.000000,2821.000000,2800.000000,2805.000000,34578.000000,1201.000000
2011-09-06,2800.000000,2805.000000,2792.000000,2800.000000,16742.000000,1201.000000
2011-09-07,2805.000000,2805.000000,2792.000000,2803.000000,15772.000000,1201.000000
2011-09-08,2803.000000,2804.000000,2792.000000,2794.000000,12972.000000,1201.000000
2011-09-09,2796.000000,2801.000000,2790.000000,2794.000000,18162.000000,1201.000000
2011-09-13,2793.000000,2801.000000,2787.000000,2787.000000,8454.000000,1201.000000
2011-09-14,2787.000000,2791.000000,2777.000000,2777.000000,16398.000000,1201.000000
2011-09-15,2781.000000,2787.000000,2778.000000,2783.000000,7494.000000,1201.000000
2011-09-16,2777.000000,2786.000000,2777.000000,2785.000000,4812.000000,1201.000000
2011-09-19,2782.000000,2784.000000,2767.000000,2768.000000,11708.000000,1201.000000
2011-09-20,2771.000000,2777.000000,2767.000000,2773.000000,6274.000000,1201.000000
2011-09-21,2771.000000,2789.000000,2770.000000,2783.000000,12006.000000,1201.000000
2011-09-22,2776.000000,2778.000000,2763.000000,2765.000000,16958.000000,1201.000000
2011-09-23,2752.000000,2765.000000,2695.000000,2708.000000,32116.000000,1201.000000
2011-09-26,2709.000000,2729.000000,2665.000000,2676.000000,30336.000000,1201.000000
2011-09-27,2709.000000,2714.000000,2697.000000,2706.000000,12762.000000,1201.000000
2011-09-28,2711.000000,2711.000000,2690.000000,2697.000000,8406.000000,1201.000000
2011-09-29,2673.000000,2676.000000,2647.000000,2658.000000,18360.000000,1201.000000
2011-09-30,2666.000000,2682.000000,2659.000000,2679.000000,11366.000000,1201.000000
2011-10-10,2692.000000,2693.000000,2673.000000,2675.000000,10436.000000,1201.000000
2011-10-11,2680.000000,2686.000000,2653.000000,2654.000000,13884.000000,1201.000000
2011-10-12,2672.000000,2681.000000,2665.000000,2674.000000,14896.000000,1201.000000
2011-10-13,2673.000000,2680.000000,2664.000000,2670.000000,5598.000000,1205.000000
2011-10-14,2674.000000,2750.000000,2674.000000,2742.000000,61732.000000,1205.000000
2011-10-17,2748.000000,2761.000000,2738.000000,2744.000000,43670.000000,1205.000000
2011-10-18,2736.000000,2737.000000,2701.000000,2702.000000,28004.000000,1205.000000
2011-10-19,2715.000000,2732.000000,2708.000000,2717.000000,31838.000000,1205.000000
2011-10-20,2702.000000,2715.000000,2676.000000,2679.000000,28170.000000,1205.000000
2011-10-21,2687.000000,2696.000000,2682.000000,2682.000000,19370.000000,1205.000000
2011-10-24,2696.000000,2717.000000,2670.000000,2705.000000,47172.000000,1205.000000
2011-10-25,2713.000000,2725.000000,2699.000000,2708.000000,30528.000000,1205.000000
2011-10-26,2702.000000,2710.000000,2680.000000,2683.000000,27280.000000,1205.000000
2011-10-27,2682.000000,2698.000000,2675.000000,2697.000000,27828.000000,1205.000000
2011-10-28,2716.000000,2716.000000,2681.000000,2682.000000,26054.000000,1205.000000
2011-10-31,2688.000000,2691.000000,2652.000000,2654.000000,41168.000000,1205.000000
2011-11-01,2655.000000,2701.000000,2648.000000,2669.000000,52578.000000,1205.000000
2011-11-02,2663.000000,2685.000000,2662.000000,2683.000000,14470.000000,1205.000000
2011-11-03,2677.000000,2690.000000,2669.000000,2676.000000,15536.000000,1205.000000
2011-11-04,2679.000000,2686.000000,2670.000000,2680.000000,17888.000000,1205.000000
2011-11-07,2677.000000,2680.000000,2668.000000,2672.000000,9056.000000,1205.000000
2011-11-08,2675.000000,2685.000000,2668.000000,2676.000000,12758.000000,1205.000000
2011-11-09,2682.000000,2683.000000,2669.000000,2674.000000,10400.000000,1205.000000
2011-11-10,2663.000000,2672.000000,2646.000000,2657.000000,22226.000000,1205.000000
2011-11-11,2652.000000,2682.000000,2652.000000,2671.000000,14538.000000,1205.000000
2011-11-14,2677.000000,2680.000000,2671.000000,2675.000000,7724.000000,1205.000000
2011-11-15,2668.000000,2672.000000,2664.000000,2667.000000,6564.000000,1205.000000
2011-11-16,2670.000000,2677.000000,2662.000000,2665.000000,6292.000000,1205.000000
2011-11-17,2663.000000,2666.000000,2658.000000,2660.000000,5152.000000,1205.000000
2011-11-18,2650.000000,2656.000000,2618.000000,2620.000000,26426.000000,1205.000000
2011-11-21,2618.000000,2636.000000,2591.000000,2592.000000,28876.000000,1205.000000
2011-11-22,2589.000000,2594.000000,2557.000000,2565.000000,32512.000000,1205.000000
2011-11-23,2564.000000,2581.000000,2550.000000,2558.000000,34222.000000,1205.000000
2011-11-24,2556.000000,2565.000000,2544.000000,2561.000000,24800.000000,1205.000000
2011-11-25,2557.000000,2565.000000,2528.000000,2531.000000,23446.000000,1205.000000
2011-11-28,2543.000000,2562.000000,2533.000000,2554.000000,22760.000000,1205.000000
2011-11-29,2557.000000,2583.000000,2541.000000,2579.000000,41006.000000,1205.000000
2011-11-30,2585.000000,2593.000000,2575.000000,2585.000000,42700.000000,1205.000000
2011-12-01,2601.000000,2610.000000,2589.000000,2595.000000,26046.000000,1205.000000
2011-12-02,2591.000000,2592.000000,2580.000000,2587.000000,16354.000000,1205.000000
2011-12-05,2592.000000,2599.000000,2589.000000,2592.000000,11260.000000,1205.000000
2011-12-06,2585.000000,2588.000000,2581.000000,2587.000000,7880.000000,1205.000000
2011-12-07,2589.000000,2616.000000,2586.000000,2610.000000,23354.000000,1205.000000
2011-12-08,2610.000000,2621.000000,2603.000000,2615.000000,24800.000000,1205.000000
2011-12-09,2615.000000,2622.000000,2608.000000,2617.000000,12878.000000,1205.000000
2011-12-12,2617.000000,2621.000000,2597.000000,2608.000000,25006.000000,1205.000000
2011-12-13,2604.000000,2611.000000,2602.000000,2608.000000,13310.000000,1205.000000
2011-12-14,2612.000000,2616.000000,2606.000000,2608.000000,17712.000000,1205.000000
2011-12-15,2592.000000,2606.000000,2582.000000,2604.000000,31778.000000,1205.000000
2011-12-16,2606.000000,2622.000000,2602.000000,2620.000000,17462.000000,1205.000000
2011-12-19,2623.000000,2630.000000,2618.000000,2628.000000,11132.000000,1205.000000
2011-12-20,2635.000000,2635.000000,2625.000000,2626.000000,5594.000000,1205.000000
2011-12-21,2634.000000,2634.000000,2621.000000,2622.000000,13084.000000,1205.000000
2011-12-22,2626.000000,2637.000000,2621.000000,2632.000000,12708.000000,1205.000000
2011-12-23,2639.000000,2641.000000,2632.000000,2637.000000,9686.000000,1205.000000
2011-12-26,2637.000000,2644.000000,2632.000000,2643.000000,13320.000000,1205.000000
2011-12-27,2643.000000,2649.000000,2635.000000,2636.000000,21224.000000,1205.000000
2011-12-28,2642.000000,2647.000000,2637.000000,2642.000000,5732.000000,1205.000000
2011-12-29,2636.000000,2641.000000,2631.000000,2635.000000,20190.000000,1205.000000
2011-12-30,2640.000000,2676.000000,2637.000000,2668.000000,39232.000000,1205.000000
2012-01-04,2674.000000,2698.000000,2667.000000,2693.000000,32402.000000,1205.000000
2012-01-05,2697.000000,2704.000000,2683.000000,2695.000000,20066.000000,1205.000000
2012-01-06,2687.000000,2698.000000,2686.000000,2698.000000,5562.000000,1205.000000
2012-01-09,2697.000000,2713.000000,2696.000000,2700.000000,15686.000000,1205.000000
2012-01-10,2706.000000,2709.000000,2695.000000,2700.000000,9994.000000,1205.000000
2012-01-11,2696.000000,2704.000000,2684.000000,2692.000000,21588.000000,1205.000000
2012-01-12,2691.000000,2716.000000,2691.000000,2711.000000,15284.000000,1205.000000
2012-01-13,2704.000000,2713.000000,2692.000000,2705.000000,14644.000000,1205.000000
2012-01-16,2699.000000,2707.000000,2695.000000,2701.000000,9848.000000,1205.000000
2012-01-17,2702.000000,2727.000000,2702.000000,2720.000000,22766.000000,1205.000000
2012-01-18,2715.000000,2721.000000,2696.000000,2696.000000,12802.000000,1205.000000
2012-01-19,2696.000000,2704.000000,2677.000000,2692.000000,20458.000000,1205.000000
2012-01-20,2695.000000,2707.000000,2695.000000,2705.000000,7754.000000,1205.000000
2012-01-30,2710.000000,2716.000000,2702.000000,2708.000000,9728.000000,1205.000000
2012-01-31,2707.000000,2714.000000,2694.000000,2699.000000,10536.000000,1205.000000
2012-02-01,2712.000000,2712.000000,2695.000000,2698.000000,5702.000000,1205.000000
2012-02-02,2700.000000,2709.000000,2692.000000,2707.000000,8636.000000,1205.000000
2012-02-03,2712.000000,2770.000000,2712.000000,2761.000000,42742.000000,1209.000000
2012-02-06,2768.000000,2772.000000,2755.000000,2768.000000,14952.000000,1209.000000
2012-02-07,2767.000000,2770.000000,2740.000000,2750.000000,13278.000000,1209.000000
2012-02-08,2753.000000,2772.000000,2746.000000,2764.000000,16186.000000,1209.000000
2012-02-09,2758.000000,2766.000000,2740.000000,2743.000000,12654.000000,1209.000000
2012-02-10,2746.000000,2746.000000,2726.000000,2729.000000,9708.000000,1209.000000
2012-02-13,2729.000000,2746.000000,2728.000000,2743.000000,6512.000000,1209.000000
2012-02-14,2745.000000,2749.000000,2730.000000,2733.000000,5036.000000,1209.000000
2012-02-15,2729.000000,2745.000000,2728.000000,2733.000000,4354.000000,1209.000000
2012-02-16,2731.000000,2733.000000,2705.000000,2708.000000,13940.000000,1209.000000
2012-02-17,2720.000000,2721.000000,2712.000000,2720.000000,4512.000000,1209.000000
2012-02-20,2725.000000,2749.000000,2719.000000,2742.000000,14472.000000,1209.000000
2012-02-21,2738.000000,2746.000000,2734.000000,2743.000000,7920.000000,1209.000000
2012-02-22,2740.000000,2768.000000,2736.000000,2762.000000,23958.000000,1209.000000
2012-02-23,2760.000000,2765.000000,2745.000000,2753.000000,11602.000000,1209.000000
2012-02-24,2755.000000,2757.000000,2743.000000,2750.000000,5892.000000,1209.000000
2012-02-27,2755.000000,2772.000000,2752.000000,2757.000000,12384.000000,1209.000000
2012-02-28,2760.000000,2767.000000,2755.000000,2764.000000,7138.000000,1209.000000
2012-02-29,2768.000000,2793.000000,2767.000000,2785.000000,42886.000000,1209.000000
2012-03-01,2780.000000,2798.000000,2766.000000,2768.000000,35876.000000,1209.000000
2012-03-02,2773.000000,2790.000000,2771.000000,2780.000000,26028.000000,1209.000000
2012-03-05,2786.000000,2800.000000,2771.000000,2774.000000,28070.000000,1209.000000
2012-03-06,2772.000000,2780.000000,2750.000000,2754.000000,25408.000000,1209.000000
2012-03-07,2749.000000,2755.000000,2738.000000,2740.000000,19884.000000,1209.000000
2012-03-08,2739.000000,2761.000000,2738.000000,2754.000000,18894.000000,1209.000000
2012-03-09,2757.000000,2773.000000,2756.000000,2772.000000,11106.000000,1209.000000
2012-03-12,2770.000000,2778.000000,2754.000000,2768.000000,9496.000000,1209.000000
2012-03-13,2770.000000,2792.000000,2769.000000,2788.000000,21072.000000,1209.000000
2012-03-14,2790.000000,2799.000000,2768.000000,2779.000000,29840.000000,1209.000000
2012-03-15,2781.000000,2785.000000,2771.000000,2779.000000,13520.000000,1209.000000
2012-03-16,2790.000000,2810.000000,2784.000000,2789.000000,31446.000000,1209.000000
2012-03-19,2797.000000,2807.000000,2788.000000,2790.000000,22820.000000,1209.000000
2012-03-20,2785.000000,2791.000000,2764.000000,2766.000000,25872.000000,1209.000000
2012-03-21,2761.000000,2771.000000,2760.000000,2762.000000,18112.000000,1209.000000
2012-03-22,2764.000000,2772.000000,2758.000000,2765.000000,18058.000000,1209.000000
2012-03-23,2769.000000,2778.000000,2761.000000,2768.000000,15168.000000,1209.000000
2012-03-26,2771.000000,2772.000000,2752.000000,2754.000000,20072.000000,1209.000000
2012-03-27,2758.000000,2762.000000,2743.000000,2749.000000,21188.000000,1209.000000
2012-03-28,2749.000000,2758.000000,2742.000000,2745.000000,21572.000000,1209.000000
2012-03-29,2746.000000,2749.000000,2730.000000,2734.000000,19354.000000,1209.000000
2012-03-30,2732.000000,2742.000000,2720.000000,2742.000000,13690.000000,1209.000000
2012-04-05,2750.000000,2761.000000,2745.000000,2756.000000,17336.000000,1209.000000
2012-04-06,2756.000000,2765.000000,2749.000000,2758.000000,17486.000000,1209.000000
2012-04-09,2758.000000,2763.000000,2752.000000,2755.000000,8524.000000,1209.000000
2012-04-10,2753.000000,2759.000000,2742.000000,2753.000000,14030.000000,1209.000000
2012-04-11,2740.000000,2746.000000,2736.000000,2738.000000,6850.000000,1209.000000
2012-04-12,2739.000000,2746.000000,2725.000000,2730.000000,12536.000000,1209.000000
2012-04-13,2738.000000,2741.000000,2723.000000,2725.000000,11864.000000,1209.000000
2012-04-16,2718.000000,2724.000000,2706.000000,2711.000000,28770.000000,1209.000000
2012-04-17,2712.000000,2721.000000,2711.000000,2719.000000,10956.000000,1209.000000
2012-04-18,2723.000000,2743.000000,2719.000000,2738.000000,28446.000000,1209.000000
2012-04-19,2734.000000,2763.000000,2731.000000,2759.000000,48668.000000,1209.000000
2012-04-20,2760.000000,2764.000000,2753.000000,2755.000000,22178.000000,1209.000000
2012-04-23,2760.000000,2768.000000,2752.000000,2758.000000,28092.000000,1209.000000
2012-04-24,2762.000000,2783.000000,2748.000000,2751.000000,71416.000000,1209.000000
2012-04-25,2755.000000,2757.000000,2741.000000,2750.000000,34808.000000,1209.000000
2012-04-26,2748.000000,2772.000000,2748.000000,2767.000000,35786.000000,1209.000000
2012-04-27,2770.000000,2775.000000,2765.000000,2770.000000,19928.000000,1209.000000
2012-05-02,2774.000000,2776.000000,2761.000000,2768.000000,14348.000000,1209.000000
2012-05-03,2764.000000,2774.000000,2755.000000,2756.000000,23026.000000,1209.000000
2012-05-04,2754.000000,2775.000000,2750.000000,2775.000000,18940.000000,1209.000000
2012-05-07,2768.000000,2778.000000,2753.000000,2765.000000,33844.000000,1209.000000
2012-05-08,2768.000000,2768.000000,2750.000000,2751.000000,19774.000000,1209.000000
2012-05-09,2744.000000,2751.000000,2730.000000,2737.000000,24652.000000,1209.000000
2012-05-10,2736.000000,2744.000000,2730.000000,2738.000000,16098.000000,1209.000000
2012-05-11,2736.000000,2739.000000,2701.000000,2703.000000,23182.000000,1209.000000
2012-05-14,2710.000000,2720.000000,2672.000000,2693.000000,35748.000000,1209.000000
2012-05-15,2692.000000,2705.000000,2681.000000,2702.000000,30972.000000,1209.000000
2012-05-16,2697.000000,2705.000000,2682.000000,2684.000000,15144.000000,1209.000000
2012-05-17,2707.000000,2707.000000,2658.000000,2698.000000,52446.000000,1209.000000
2012-05-18,2695.000000,2698.000000,2677.000000,2689.000000,24476.000000,1209.000000
2012-05-21,2705.000000,2727.000000,2697.000000,2724.000000,29766.000000,1209.000000
2012-05-22,2722.000000,2722.000000,2706.000000,2711.000000,11572.000000,1209.000000
2012-05-23,2698.000000,2704.000000,2688.000000,2692.000000,18186.000000,1209.000000
2012-05-24,2692.000000,2708.000000,2691.000000,2707.000000,11812.000000,1209.000000
2012-05-25,2705.000000,2710.000000,2683.000000,2699.000000,20872.000000,1209.000000
2012-05-28,2703.000000,2704.000000,2680.000000,2698.000000,24120.000000,1209.000000
2012-05-29,2694.000000,2712.000000,2688.000000,2709.000000,18914.000000,1209.000000
2012-05-30,2703.000000,2714.000000,2697.000000,2707.000000,10168.000000,1209.000000
2012-05-31,2699.000000,2713.000000,2696.000000,2703.000000,8988.000000,1209.000000
2012-06-01,2701.000000,2710.000000,2675.000000,2676.000000,16212.000000,1301.000000
2012-06-04,2673.000000,2685.000000,2665.000000,2674.000000,20214.000000,1301.000000
2012-06-05,2680.000000,2750.000000,2680.000000,2720.000000,51918.000000,1301.000000
2012-06-06,2719.000000,2732.000000,2715.000000,2721.000000,15638.000000,1301.000000
2012-06-07,2722.000000,2736.000000,2715.000000,2724.000000,20710.000000,1301.000000
2012-06-08,2730.000000,2731.000000,2715.000000,2719.000000,9748.000000,1301.000000
2012-06-11,2729.000000,2744.000000,2727.000000,2742.000000,12862.000000,1301.000000
2012-06-12,2737.000000,2742.000000,2730.000000,2739.000000,7796.000000,1301.000000
2012-06-13,2738.000000,2755.000000,2737.000000,2750.000000,10162.000000,1301.000000
2012-06-14,2753.000000,2753.000000,2731.000000,2735.000000,8630.000000,1301.000000
2012-06-15,2736.000000,2741.000000,2729.000000,2739.000000,9334.000000,1301.000000
2012-06-18,2745.000000,2760.000000,2737.000000,2759.000000,19166.000000,1301.000000
2012-06-19,2763.000000,2805.000000,2763.000000,2802.000000,43940.000000,1301.000000
2012-06-20,2812.000000,2812.000000,2772.000000,2781.000000,48424.000000,1301.000000
2012-06-21,2779.000000,2795.000000,2766.000000,2770.000000,31722.000000,1301.000000
2012-06-25,2789.000000,2795.000000,2777.000000,2787.000000,30118.000000,1301.000000
2012-06-26,2795.000000,2799.000000,2770.000000,2772.000000,27330.000000,1301.000000
2012-06-27,2774.000000,2780.000000,2736.000000,2745.000000,41552.000000,1301.000000
2012-06-28,2750.000000,2760.000000,2741.000000,2754.000000,21186.000000,1301.000000
2012-06-29,2754.000000,2773.000000,2752.000000,2772.000000,24366.000000,1301.000000
2012-07-02,2781.000000,2794.000000,2760.000000,2766.000000,17894.000000,1301.000000
2012-07-03,2769.000000,2785.000000,2766.000000,2784.000000,25420.000000,1301.000000
2012-07-04,2785.000000,2793.000000,2774.000000,2787.000000,21082.000000,1301.000000
2012-07-05,2791.000000,2798.000000,2778.000000,2787.000000,16376.000000,1301.000000
2012-07-06,2800.000000,2800.000000,2777.000000,2781.000000,12074.000000,1301.000000
2012-07-09,2782.000000,2828.000000,2771.000000,2808.000000,51528.000000,1301.000000
2012-07-10,2803.000000,2804.000000,2779.000000,2780.000000,21410.000000,1301.000000
2012-07-11,2776.000000,2784.000000,2759.000000,2765.000000,30716.000000,1301.000000
2012-07-12,2764.000000,2777.000000,2763.000000,2775.000000,10474.000000,1301.000000
2012-07-13,2779.000000,2785.000000,2772.000000,2783.000000,12234.000000,1301.000000
2012-07-16,2790.000000,2805.000000,2787.000000,2800.000000,24238.000000,1301.000000
2012-07-17,2804.000000,2805.000000,2777.000000,2780.000000,16162.000000,1301.000000
2012-07-18,2783.000000,2785.000000,2776.000000,2781.000000,8038.000000,1301.000000
2012-07-19,2788.000000,2799.000000,2783.000000,2793.000000,13782.000000,1301.000000
2012-07-20,2796.000000,2796.000000,2768.000000,2772.000000,12310.000000,1301.000000
2012-07-23,2765.000000,2815.000000,2763.000000,2792.000000,40202.000000,1301.000000
2012-07-24,2777.000000,2799.000000,2752.000000,2779.000000,23520.000000,1301.000000
2012-07-25,2770.000000,2796.000000,2770.000000,2794.000000,17316.000000,1301.000000
2012-07-26,2799.000000,2805.000000,2789.000000,2800.000000,15644.000000,1301.000000
2012-07-27,2796.000000,2868.000000,2796.000000,2839.000000,185636.000000,1301.000000
2012-07-30,2848.000000,2850.000000,2826.000000,2841.000000,73404.000000,1301.000000
2012-07-31,2841.000000,2875.000000,2838.000000,2851.000000,74106.000000,1301.000000
2012-08-01,2850.000000,2860.000000,2836.000000,2838.000000,52234.000000,1301.000000
2012-08-02,2834.000000,2868.000000,2830.000000,2857.000000,110276.000000,1301.000000
2012-08-03,2854.000000,2869.000000,2848.000000,2853.000000,51114.000000,1301.000000
2012-08-06,2849.000000,2855.000000,2838.000000,2843.000000,27632.000000,1301.000000
2012-08-07,2844.000000,2862.000000,2840.000000,2859.000000,25034.000000,1301.000000
2012-08-08,2857.000000,2867.000000,2836.000000,2842.000000,26558.000000,1301.000000
2012-08-09,2844.000000,2851.000000,2833.000000,2851.000000,24062.000000,1301.000000
2012-08-10,2856.000000,2863.000000,2847.000000,2851.000000,20260.000000,1301.000000
2012-08-13,2850.000000,2862.000000,2847.000000,2854.000000,33990.000000,1301.000000
2012-08-14,2851.000000,2895.000000,2845.000000,2874.000000,36740.000000,1301.000000
2012-08-15,2876.000000,2899.000000,2870.000000,2878.000000,68910.000000,1301.000000
2012-08-16,2879.000000,2881.000000,2850.000000,2857.000000,41422.000000,1301.000000
2012-08-17,2859.000000,2862.000000,2850.000000,2851.000000,16160.000000,1301.000000
2012-08-20,2855.000000,2864.000000,2835.000000,2863.000000,52092.000000,1301.000000
2012-08-21,2864.000000,2876.000000,2860.000000,2861.000000,24294.000000,1301.000000
2012-08-22,2867.000000,2883.000000,2857.000000,2876.000000,62352.000000,1301.000000
2012-08-23,2874.000000,2887.000000,2865.000000,2870.000000,53520.000000,1301.000000
2012-08-24,2868.000000,2871.000000,2859.000000,2867.000000,21238.000000,1301.000000
2012-08-27,2873.000000,2891.000000,2868.000000,2884.000000,63302.000000,1301.000000
2012-08-28,2882.000000,2904.000000,2879.000000,2892.000000,90866.000000,1301.000000
2012-08-29,2895.000000,2914.000000,2891.000000,2910.000000,93410.000000,1301.000000
2012-08-30,2910.000000,2914.000000,2894.000000,2905.000000,54012.000000,1301.000000
2012-08-31,2901.000000,2903.000000,2871.000000,2883.000000,127462.000000,1301.000000
2012-09-03,2880.000000,2902.000000,2868.000000,2871.000000,87980.000000,1301.000000
2012-09-04,2875.000000,2878.000000,2863.000000,2869.000000,40604.000000,1301.000000
2012-09-05,2869.000000,2880.000000,2868.000000,2874.000000,26074.000000,1301.000000
2012-09-06,2874.000000,2876.000000,2858.000000,2873.000000,30250.000000,1301.000000
2012-09-07,2874.000000,2880.000000,2765.000000,2839.000000,156050.000000,1301.000000
2012-09-10,2840.000000,2849.000000,2835.000000,2843.000000,29326.000000,1301.000000
2012-09-11,2843.000000,2845.000000,2830.000000,2831.000000,18172.000000,1301.000000
2012-09-12,2835.000000,2860.000000,2825.000000,2854.000000,78302.000000,1301.000000
2012-09-13,2851.000000,2862.000000,2849.000000,2857.000000,40304.000000,1301.000000
2012-09-14,2861.000000,2868.000000,2847.000000,2849.000000,69480.000000,1301.000000
2012-09-17,2847.000000,2852.000000,2839.000000,2845.000000,34398.000000,1301.000000
2012-09-18,2836.000000,2847.000000,2835.000000,2844.000000,22182.000000,1301.000000
2012-09-19,2847.000000,2849.000000,2831.000000,2832.000000,28332.000000,1301.000000
2012-09-20,2832.000000,2841.000000,2830.000000,2833.000000,18902.000000,1301.000000
2012-09-21,2825.000000,2832.000000,2793.000000,2797.000000,49962.000000,1301.000000
2012-09-24,2793.000000,2799.000000,2764.000000,2765.000000,30674.000000,1301.000000
2012-09-25,2766.000000,2772.000000,2741.000000,2747.000000,40142.000000,1301.000000
2012-09-26,2740.000000,2755.000000,2738.000000,2749.000000,20538.000000,1301.000000
2012-09-27,2737.000000,2763.000000,2737.000000,2746.000000,27234.000000,1301.000000
2012-09-28,2745.000000,2765.000000,2732.000000,2735.000000,22930.000000,1301.000000
2012-10-08,2740.000000,2745.000000,2726.000000,2737.000000,12450.000000,1301.000000
2012-10-09,2740.000000,2753.000000,2740.000000,2752.000000,11350.000000,1301.000000
2012-10-10,2750.000000,2750.000000,2738.000000,2741.000000,8756.000000,1301.000000
2012-10-11,2736.000000,2747.000000,2731.000000,2733.000000,15092.000000,1301.000000
2012-10-12,2736.000000,2747.000000,2718.000000,2729.000000,32670.000000,1301.000000
2012-10-15,2720.000000,2731.000000,2712.000000,2717.000000,19936.000000,1301.000000
2012-10-16,2722.000000,2725.000000,2717.000000,2724.000000,10538.000000,1301.000000
2012-10-17,2722.000000,2730.000000,2717.000000,2729.000000,8830.000000,1301.000000
2012-10-18,2731.000000,2733.000000,2722.000000,2724.000000,9880.000000,1301.000000
2012-10-19,2725.000000,2735.000000,2722.000000,2728.000000,19868.000000,1301.000000
2012-10-22,2727.000000,2729.000000,2717.000000,2724.000000,7094.000000,1301.000000
2012-10-23,2725.000000,2725.000000,2716.000000,2718.000000,7426.000000,1301.000000
2012-10-24,2719.000000,2730.000000,2707.000000,2723.000000,18906.000000,1301.000000
2012-10-25,2724.000000,2727.000000,2718.000000,2723.000000,7888.000000,1301.000000
2012-10-26,2721.000000,2723.000000,2712.000000,2717.000000,7684.000000,1301.000000
2012-10-29,2711.000000,2722.000000,2708.000000,2714.000000,5738.000000,1301.000000
2012-10-30,2710.000000,2712.000000,2694.000000,2706.000000,34980.000000,1301.000000
2012-10-31,2704.000000,2709.000000,2700.000000,2709.000000,4920.000000,1301.000000
2012-11-01,2709.000000,2714.000000,2706.000000,2711.000000,6534.000000,1301.000000
2012-11-02,2710.000000,2712.000000,2701.000000,2705.000000,4936.000000,1301.000000
2012-11-05,2701.000000,2711.000000,2697.000000,2709.000000,7580.000000,1301.000000
2012-11-06,2709.000000,2714.000000,2705.000000,2706.000000,4500.000000,1301.000000
2012-11-07,2708.000000,2709.000000,2701.000000,2702.000000,3074.000000,1301.000000
2012-11-08,2701.000000,2715.000000,2698.000000,2713.000000,7118.000000,1305.000000
2012-11-09,2710.000000,2730.000000,2709.000000,2717.000000,12770.000000,1305.000000
2012-11-12,2710.000000,2719.000000,2707.000000,2710.000000,7876.000000,1305.000000
2012-11-13,2713.000000,2721.000000,2707.000000,2711.000000,10256.000000,1305.000000
2012-11-14,2711.000000,2715.000000,2667.000000,2682.000000,44904.000000,1305.000000
2012-11-15,2675.000000,2714.000000,2675.000000,2710.000000,28912.000000,1305.000000
2012-11-16,2709.000000,2732.000000,2706.000000,2731.000000,26514.000000,1305.000000
2012-11-19,2737.000000,2759.000000,2725.000000,2753.000000,48658.000000,1305.000000
2012-11-20,2753.000000,2758.000000,2744.000000,2749.000000,35716.000000,1305.000000
2012-11-21,2749.000000,2757.000000,2742.000000,2756.000000,22180.000000,1305.000000
2012-11-22,2759.000000,2779.000000,2751.000000,2775.000000,109544.000000,1305.000000
2012-11-23,2773.000000,2778.000000,2759.000000,2774.000000,111048.000000,1305.000000
2012-11-26,2771.000000,2777.000000,2765.000000,2766.000000,23068.000000,1305.000000
2012-11-27,2766.000000,2773.000000,2763.000000,2765.000000,25666.000000,1305.000000
2012-11-28,2768.000000,2768.000000,2711.000000,2711.000000,84944.000000,1305.000000
2012-11-29,2715.000000,2719.000000,2692.000000,2701.000000,59960.000000,1305.000000
2012-11-30,2701.000000,2717.000000,2699.000000,2708.000000,24596.000000,1305.000000
2012-12-03,2710.000000,2718.000000,2692.000000,2713.000000,52130.000000,1305.000000
2012-12-04,2712.000000,2725.000000,2708.000000,2721.000000,42064.000000,1305.000000
2012-12-05,2719.000000,2725.000000,2710.000000,2721.000000,25676.000000,1305.000000
2012-12-06,2721.000000,2742.000000,2719.000000,2732.000000,75794.000000,1305.000000
2012-12-07,2733.000000,2735.000000,2717.000000,2735.000000,43890.000000,1305.000000
2012-12-10,2731.000000,2732.000000,2717.000000,2719.000000,23638.000000,1305.000000
2012-12-11,2713.000000,2721.000000,2704.000000,2708.000000,31734.000000,1305.000000
2012-12-12,2706.000000,2720.000000,2702.000000,2704.000000,19330.000000,1305.000000
2012-12-13,2704.000000,2711.000000,2696.000000,2697.000000,23602.000000,1305.000000
2012-12-14,2698.000000,2708.000000,2693.000000,2706.000000,19416.000000,1305.000000
2012-12-17,2709.000000,2721.000000,2704.000000,2721.000000,23614.000000,1305.000000
2012-12-18,2721.000000,2723.000000,2710.000000,2718.000000,23494.000000,1305.000000
2012-12-19,2714.000000,2721.000000,2711.000000,2715.000000,25748.000000,1305.000000
2012-12-20,2712.000000,2721.000000,2705.000000,2719.000000,38078.000000,1305.000000
2012-12-21,2720.000000,2724.000000,2714.000000,2715.000000,27390.000000,1305.000000
2012-12-24,2716.000000,2731.000000,2715.000000,2724.000000,38442.000000,1305.000000
2012-12-25,2725.000000,2729.000000,2719.000000,2727.000000,19448.000000,1305.000000
2012-12-26,2729.000000,2732.000000,2726.000000,2729.000000,11278.000000,1305.000000
2012-12-27,2723.000000,2741.000000,2723.000000,2738.000000,26600.000000,1305.000000
2012-12-28,2741.000000,2746.000000,2737.000000,2745.000000,13456.000000,1305.000000
2012-12-31,2745.000000,2747.000000,2697.000000,2699.000000,38270.000000,1305.000000
2013-01-04,2700.000000,2715.000000,2700.000000,2706.000000,16342.000000,1305.000000
2013-01-07,2701.000000,2722.000000,2701.000000,2718.000000,17992.000000,1305.000000
2013-01-08,2720.000000,2723.000000,2716.000000,2721.000000,14864.000000,1305.000000
2013-01-09,2721.000000,2722.000000,2701.000000,2701.000000,17732.000000,1305.000000
2013-01-10,2704.000000,2716.000000,2699.000000,2708.000000,23618.000000,1305.000000
2013-01-11,2710.000000,2712.000000,2704.000000,2707.000000,6638.000000,1305.000000
2013-01-14,2711.000000,2713.000000,2684.000000,2687.000000,38618.000000,1305.000000
2013-01-15,2690.000000,2694.000000,2678.000000,2683.000000,38168.000000,1305.000000
2013-01-16,2684.000000,2689.000000,2680.000000,2685.000000,19086.000000,1305.000000
2013-01-17,2686.000000,2688.000000,2674.000000,2682.000000,11468.000000,1305.000000
2013-01-18,2680.000000,2755.000000,2680.000000,2715.000000,41628.000000,1305.000000
2013-01-21,2715.000000,2715.000000,2699.000000,2704.000000,16502.000000,1305.000000
2013-01-22,2703.000000,2709.000000,2702.000000,2706.000000,9820.000000,1305.000000
2013-01-23,2708.000000,2716.000000,2707.000000,2714.000000,13418.000000,1305.000000
2013-01-24,2711.000000,2713.000000,2692.000000,2703.000000,29326.000000,1305.000000
2013-01-25,2706.000000,2707.000000,2701.000000,2702.000000,4276.000000,1305.000000
2013-01-28,2701.000000,2705.000000,2693.000000,2702.000000,7540.000000,1305.000000
2013-01-29,2702.000000,2706.000000,2690.000000,2690.000000,16508.000000,1305.000000
2013-01-30,2691.000000,2728.000000,2685.000000,2727.000000,48594.000000,1305.000000
2013-01-31,2731.000000,2735.000000,2718.000000,2727.000000,27104.000000,1305.000000
2013-02-01,2727.000000,2729.000000,2720.000000,2726.000000,8826.000000,1305.000000
2013-02-04,2726.000000,2727.000000,2718.000000,2723.000000,9588.000000,1305.000000
2013-02-05,2723.000000,2726.000000,2719.000000,2722.000000,4738.000000,1305.000000
2013-02-06,2724.000000,2725.000000,2703.000000,2704.000000,8574.000000,1305.000000
2013-02-07,2705.000000,2708.000000,2678.000000,2679.000000,31372.000000,1305.000000
2013-02-08,2687.000000,2704.000000,2686.000000,2704.000000,18884.000000,1305.000000
2013-02-18,2699.000000,2703.000000,2691.000000,2699.000000,5318.000000,1305.000000
2013-02-19,2699.000000,2704.000000,2691.000000,2703.000000,8322.000000,1305.000000
2013-02-20,2704.000000,2704.000000,2695.000000,2697.000000,3650.000000,1305.000000
2013-02-21,2697.000000,2697.000000,2689.000000,2692.000000,5566.000000,1305.000000
2013-02-22,2692.000000,2694.000000,2676.000000,2679.000000,12536.000000,1305.000000
2013-02-25,2678.000000,2685.000000,2670.000000,2680.000000,10612.000000,1305.000000
2013-02-26,2676.000000,2683.000000,2663.000000,2667.000000,12850.000000,1305.000000
2013-02-27,2666.000000,2680.000000,2666.000000,2675.000000,4816.000000,1305.000000
2013-02-28,2676.000000,2681.000000,2672.000000,2675.000000,3932.000000,1305.000000
2013-03-01,2673.000000,2675.000000,2666.000000,2670.000000,2942.000000,1305.000000
2013-03-04,2670.000000,2671.000000,2664.000000,2667.000000,2076.000000,1305.000000
2013-03-05,2670.000000,2683.000000,2666.000000,2667.000000,3296.000000,1305.000000
2013-03-06,2671.000000,2671.000000,2645.000000,2651.000000,13406.000000,1305.000000
2013-03-07,2651.000000,2652.000000,2641.000000,2643.000000,5242.000000,1305.000000
2013-03-08,2643.000000,2644.000000,2624.000000,2633.000000,14954.000000,1305.000000
2013-03-11,2634.000000,2638.000000,2627.000000,2631.000000,8488.000000,1305.000000
2013-03-12,2632.000000,2632.000000,2620.000000,2622.000000,5534.000000,1305.000000
2013-03-13,2625.000000,2630.000000,2615.000000,2628.000000,5876.000000,1305.000000
2013-03-14,2627.000000,2630.000000,2618.000000,2619.000000,4854.000000,1305.000000
2013-03-15,2622.000000,2626.000000,2609.000000,2615.000000,4378.000000,1305.000000
2013-03-18,2617.000000,2617.000000,2609.000000,2613.000000,3350.000000,1305.000000
2013-03-19,2612.000000,2615.000000,2611.000000,2614.000000,2748.000000,1305.000000
2013-03-20,2615.000000,2617.000000,2611.000000,2613.000000,3294.000000,1305.000000
2013-03-21,2616.000000,2617.000000,2612.000000,2612.000000,3530.000000,1305.000000
2013-03-22,2613.000000,2614.000000,2598.000000,2605.000000,7388.000000,1305.000000
2013-03-25,2603.000000,2609.000000,2602.000000,2606.000000,3946.000000,1305.000000
2013-03-26,2605.000000,2607.000000,2600.000000,2604.000000,2934.000000,1305.000000
2013-03-27,2604.000000,2607.000000,2599.000000,2606.000000,2524.000000,1305.000000
2013-03-28,2603.000000,2606.000000,2589.000000,2595.000000,2730.000000,1305.000000
2013-03-29,2587.000000,2597.000000,2587.000000,2588.000000,3784.000000,1305.000000
2013-04-01,2588.000000,2588.000000,2577.000000,2579.000000,4332.000000,1305.000000
2013-04-02,2578.000000,2584.000000,2506.000000,2569.000000,2432.000000,1305.000000
2013-04-03,2574.000000,2574.000000,2555.000000,2555.000000,2686.000000,1305.000000
2013-04-08,2555.000000,2555.000000,2535.000000,2535.000000,2216.000000,1305.000000
2013-04-09,2537.000000,2543.000000,2535.000000,2537.000000,1940.000000,1305.000000
2013-04-10,2536.000000,2548.000000,2536.000000,2536.000000,2364.000000,1305.000000
2013-04-11,2535.000000,2535.000000,2505.000000,2509.000000,7132.000000,1305.000000
2013-04-12,2505.000000,2515.000000,2495.000000,2504.000000,2796.000000,1305.000000
2013-04-15,2511.000000,2511.000000,2494.000000,2495.000000,2296.000000,1305.000000
2013-04-16,2463.000000,2493.000000,2463.000000,2483.000000,1692.000000,1305.000000
2013-04-17,2476.000000,2490.000000,2473.000000,2482.000000,1170.000000,1305.000000
2013-04-18,2489.000000,2489.000000,2474.000000,2476.000000,640.000000,1305.000000
2013-04-19,2475.000000,2491.000000,2468.000000,2480.000000,924.000000,1305.000000
2013-04-22,2467.000000,2476.000000,2403.000000,2410.000000,2644.000000,1305.000000
