2013-10-31,615.000000,617.000000,610.000000,612.000000,74672.000000,1405.000000
2013-11-01,611.000000,644.000000,611.000000,632.000000,321242.000000,1405.000000
2013-11-04,633.000000,647.000000,632.000000,640.000000,175080.000000,1405.000000
2013-11-05,638.000000,644.000000,633.000000,636.000000,108384.000000,1405.000000
2013-11-06,639.000000,641.000000,632.000000,634.000000,69362.000000,1405.000000
2013-11-07,635.000000,637.000000,629.000000,635.000000,91676.000000,1405.000000
2013-11-08,637.000000,638.000000,626.000000,629.000000,66340.000000,1405.000000
2013-11-11,630.000000,634.000000,624.000000,632.000000,57564.000000,1405.000000
2013-11-12,630.000000,634.000000,626.000000,633.000000,45594.000000,1405.000000
2013-11-13,631.000000,642.000000,630.000000,633.000000,96484.000000,1405.000000
2013-11-14,630.000000,634.000000,627.000000,627.000000,55752.000000,1405.000000
2013-11-15,629.000000,632.000000,620.000000,621.000000,76014.000000,1405.000000
2013-11-18,621.000000,625.000000,615.000000,622.000000,52704.000000,1405.000000
2013-11-19,621.000000,633.000000,620.000000,632.000000,60164.000000,1405.000000
2013-11-20,633.000000,636.000000,630.000000,632.000000,43452.000000,1405.000000
2013-11-21,632.000000,633.000000,622.000000,622.000000,41322.000000,1405.000000
2013-11-22,624.000000,625.000000,619.000000,621.000000,52592.000000,1405.000000
2013-11-25,623.000000,626.000000,618.000000,623.000000,38196.000000,1405.000000
2013-11-26,624.000000,633.000000,624.000000,631.000000,72650.000000,1405.000000
2013-11-27,630.000000,632.000000,623.000000,626.000000,30614.000000,1405.000000
2013-11-28,623.000000,630.000000,623.000000,629.000000,27220.000000,1405.000000
2013-11-29,629.000000,635.000000,629.000000,629.000000,33364.000000,1405.000000
2013-12-02,630.000000,631.000000,624.000000,626.000000,41520.000000,1405.000000
2013-12-03,628.000000,631.000000,626.000000,629.000000,35426.000000,1405.000000
2013-12-04,632.000000,645.000000,631.000000,642.000000,94420.000000,1405.000000
2013-12-05,643.000000,646.000000,634.000000,635.000000,52990.000000,1405.000000
2013-12-06,634.000000,635.000000,628.000000,631.000000,40044.000000,1405.000000
2013-12-09,631.000000,636.000000,630.000000,635.000000,19390.000000,1405.000000
2013-12-10,636.000000,637.000000,632.000000,632.000000,16900.000000,1405.000000
2013-12-11,632.000000,632.000000,624.000000,627.000000,38984.000000,1405.000000
2013-12-12,626.000000,628.000000,620.000000,620.000000,35494.000000,1405.000000
2013-12-13,617.000000,617.000000,595.000000,604.000000,91394.000000,1405.000000
2013-12-16,603.000000,613.000000,602.000000,608.000000,39670.000000,1405.000000
2013-12-17,608.000000,610.000000,598.000000,600.000000,24582.000000,1405.000000
2013-12-18,598.000000,603.000000,592.000000,596.000000,71224.000000,1405.000000
2013-12-19,599.000000,603.000000,597.000000,598.000000,30298.000000,1405.000000
2013-12-20,599.000000,603.000000,591.000000,595.000000,34754.000000,1405.000000
2013-12-23,594.000000,595.000000,575.000000,583.000000,128512.000000,1405.000000
2013-12-24,582.000000,597.000000,582.000000,590.000000,95624.000000,1405.000000
2013-12-25,593.000000,594.000000,588.000000,593.000000,48792.000000,1405.000000
2013-12-26,593.000000,594.000000,575.000000,586.000000,84590.000000,1405.000000
2013-12-27,588.000000,600.000000,586.000000,597.000000,87282.000000,1405.000000
2013-12-30,598.000000,610.000000,598.000000,601.000000,85206.000000,1405.000000
2013-12-31,598.000000,604.000000,589.000000,601.000000,72580.000000,1405.000000
2014-01-02,602.000000,602.000000,589.000000,597.000000,56510.000000,1405.000000
2014-01-03,594.000000,595.000000,577.000000,592.000000,132754.000000,1405.000000
2014-01-06,590.000000,590.000000,578.000000,583.000000,108602.000000,1405.000000
2014-01-07,582.000000,589.000000,577.000000,586.000000,86452.000000,1405.000000
2014-01-08,585.000000,587.000000,574.000000,582.000000,101252.000000,1405.000000
2014-01-09,581.000000,589.000000,574.000000,578.000000,102048.000000,1405.000000
2014-01-10,575.000000,576.000000,560.000000,571.000000,180252.000000,1405.000000
2014-01-13,569.000000,570.000000,558.000000,561.000000,108274.000000,1405.000000
2014-01-14,565.000000,571.000000,556.000000,570.000000,94136.000000,1405.000000
2014-01-15,570.000000,572.000000,565.000000,569.000000,68854.000000,1405.000000
2014-01-16,570.000000,575.000000,565.000000,569.000000,66036.000000,1405.000000
2014-01-17,566.000000,568.000000,560.000000,566.000000,84072.000000,1405.000000
2014-01-20,562.000000,566.000000,549.000000,551.000000,95418.000000,1405.000000
2014-01-21,550.000000,551.000000,533.000000,537.000000,124490.000000,1405.000000
2014-01-22,540.000000,548.000000,535.000000,542.000000,76044.000000,1405.000000
2014-01-23,547.000000,575.000000,545.000000,568.000000,217640.000000,1405.000000
2014-01-24,567.000000,570.000000,561.000000,567.000000,103512.000000,1405.000000
2014-01-27,561.000000,564.000000,551.000000,554.000000,79904.000000,1405.000000
2014-01-28,553.000000,557.000000,547.000000,547.000000,63410.000000,1405.000000
2014-01-29,547.000000,558.000000,546.000000,556.000000,52374.000000,1405.000000
2014-01-30,554.000000,561.000000,550.000000,558.000000,37122.000000,1405.000000
2014-02-07,555.000000,558.000000,543.000000,546.000000,85620.000000,1405.000000
2014-02-10,546.000000,549.000000,536.000000,544.000000,97430.000000,1405.000000
2014-02-11,542.000000,547.000000,535.000000,538.000000,71852.000000,1405.000000
2014-02-12,539.000000,545.000000,534.000000,543.000000,71244.000000,1405.000000
2014-02-13,543.000000,548.000000,540.000000,544.000000,63372.000000,1405.000000
2014-02-14,544.000000,555.000000,544.000000,551.000000,79268.000000,1405.000000
2014-02-17,552.000000,564.000000,552.000000,563.000000,139234.000000,1405.000000
2014-02-18,566.000000,568.000000,550.000000,550.000000,88882.000000,1405.000000
2014-02-19,553.000000,557.000000,550.000000,554.000000,53826.000000,1405.000000
2014-02-20,552.000000,554.000000,542.000000,542.000000,62660.000000,1405.000000
2014-02-21,542.000000,544.000000,536.000000,541.000000,59210.000000,1405.000000
2014-02-24,536.000000,536.000000,507.000000,511.000000,174568.000000,1405.000000
2014-02-25,513.000000,517.000000,502.000000,507.000000,106396.000000,1405.000000
2014-02-26,506.000000,511.000000,501.000000,510.000000,128024.000000,1405.000000
2014-02-27,507.000000,516.000000,506.000000,514.000000,87644.000000,1405.000000
2014-02-28,515.000000,518.000000,501.000000,507.000000,117188.000000,1405.000000
2014-03-03,506.000000,509.000000,494.000000,501.000000,100042.000000,1405.000000
2014-03-04,500.000000,502.000000,491.000000,501.000000,97790.000000,1409.000000
2014-03-05,503.000000,507.000000,488.000000,502.000000,216938.000000,1409.000000
2014-03-06,503.000000,504.000000,485.000000,487.000000,181182.000000,1409.000000
2014-03-07,488.000000,488.000000,464.000000,464.000000,169172.000000,1409.000000
2014-03-10,441.000000,441.000000,428.000000,428.000000,183578.000000,1409.000000
2014-03-11,420.000000,452.000000,407.000000,440.000000,531682.000000,1409.000000
2014-03-12,413.000000,442.000000,405.000000,437.000000,828368.000000,1409.000000
2014-03-13,441.000000,452.000000,428.000000,449.000000,692768.000000,1409.000000
2014-03-14,449.000000,450.000000,421.000000,440.000000,829438.000000,1409.000000
2014-03-17,444.000000,448.000000,428.000000,429.000000,672320.000000,1409.000000
2014-03-18,429.000000,438.000000,422.000000,432.000000,822796.000000,1409.000000
2014-03-19,436.000000,438.000000,429.000000,432.000000,458340.000000,1409.000000
2014-03-20,442.000000,462.000000,433.000000,433.000000,1041720.000000,1409.000000
2014-03-21,436.000000,443.000000,429.000000,433.000000,899396.000000,1409.000000
2014-03-24,430.000000,445.000000,414.000000,444.000000,1326832.000000,1409.000000
2014-03-25,444.000000,459.000000,438.000000,459.000000,1016092.000000,1409.000000
2014-03-26,463.000000,464.000000,449.000000,458.000000,645576.000000,1409.000000
2014-03-27,454.000000,470.000000,452.000000,457.000000,759536.000000,1409.000000
2014-03-28,458.000000,484.000000,457.000000,481.000000,774912.000000,1409.000000
2014-03-31,481.000000,499.000000,478.000000,494.000000,1017030.000000,1409.000000
2014-04-01,496.000000,502.000000,487.000000,500.000000,763714.000000,1409.000000
2014-04-02,501.000000,503.000000,477.000000,484.000000,930550.000000,1409.000000
2014-04-03,483.000000,500.000000,478.000000,499.000000,1216750.000000,1409.000000
2014-04-04,502.000000,510.000000,495.000000,508.000000,668208.000000,1409.000000
2014-04-08,509.000000,533.000000,508.000000,525.000000,811738.000000,1409.000000
2014-04-09,526.000000,531.000000,516.000000,519.000000,716666.000000,1409.000000
2014-04-10,522.000000,528.000000,512.000000,516.000000,676064.000000,1409.000000
2014-04-11,516.000000,517.000000,509.000000,514.000000,472292.000000,1409.000000
2014-04-14,512.000000,519.000000,495.000000,503.000000,811304.000000,1409.000000
2014-04-15,503.000000,512.000000,496.000000,512.000000,635542.000000,1409.000000
2014-04-16,512.000000,512.000000,492.000000,497.000000,673240.000000,1409.000000
2014-04-17,499.000000,502.000000,494.000000,495.000000,398184.000000,1409.000000
2014-04-18,494.000000,495.000000,474.000000,481.000000,1091198.000000,1409.000000
2014-04-21,482.000000,488.000000,476.000000,481.000000,471016.000000,1409.000000
2014-04-22,478.000000,482.000000,468.000000,479.000000,593456.000000,1409.000000
2014-04-23,480.000000,487.000000,468.000000,486.000000,493962.000000,1409.000000
2014-04-24,488.000000,502.000000,483.000000,494.000000,651388.000000,1409.000000
2014-04-25,497.000000,501.000000,492.000000,495.000000,399750.000000,1409.000000
2014-04-28,487.000000,488.000000,457.000000,460.000000,947734.000000,1409.000000
2014-04-29,459.000000,474.000000,459.000000,471.000000,624706.000000,1409.000000
2014-04-30,468.000000,471.000000,455.000000,465.000000,628926.000000,1409.000000
2014-05-05,459.000000,472.000000,455.000000,471.000000,434248.000000,1409.000000
2014-05-06,471.000000,475.000000,465.000000,468.000000,410668.000000,1409.000000
2014-05-07,467.000000,469.000000,448.000000,449.000000,728944.000000,1409.000000
2014-05-08,448.000000,451.000000,435.000000,435.000000,729292.000000,1409.000000
2014-05-09,439.000000,441.000000,432.000000,435.000000,444996.000000,1409.000000
2014-05-12,434.000000,442.000000,426.000000,441.000000,850618.000000,1409.000000
2014-05-13,441.000000,449.000000,437.000000,440.000000,597730.000000,1409.000000
2014-05-14,439.000000,444.000000,434.000000,438.000000,488750.000000,1409.000000
2014-05-15,440.000000,444.000000,435.000000,438.000000,529840.000000,1409.000000
2014-05-16,436.000000,437.000000,412.000000,417.000000,979972.000000,1409.000000
2014-05-19,413.000000,415.000000,403.000000,407.000000,1071996.000000,1409.000000
2014-05-20,405.000000,409.000000,395.000000,400.000000,808166.000000,1409.000000
2014-05-21,403.000000,412.000000,399.000000,408.000000,679674.000000,1409.000000
2014-05-22,411.000000,425.000000,410.000000,414.000000,823036.000000,1409.000000
2014-05-23,416.000000,420.000000,405.000000,407.000000,629728.000000,1409.000000
2014-05-26,406.000000,429.000000,405.000000,422.000000,1082902.000000,1409.000000
2014-05-27,422.000000,425.000000,416.000000,424.000000,440688.000000,1409.000000
2014-05-28,421.000000,422.000000,402.000000,407.000000,756804.000000,1409.000000
2014-05-29,406.000000,410.000000,398.000000,402.000000,807988.000000,1409.000000
2014-05-30,398.000000,398.000000,377.000000,380.000000,943828.000000,1409.000000
2014-06-03,385.000000,386.000000,375.000000,382.000000,595416.000000,1409.000000
2014-06-04,382.000000,392.000000,381.000000,391.000000,623462.000000,1409.000000
2014-06-05,393.000000,395.000000,381.000000,388.000000,811720.000000,1409.000000
2014-06-06,388.000000,393.000000,384.000000,389.000000,726978.000000,1409.000000
2014-06-09,388.000000,393.000000,386.000000,390.000000,534886.000000,1409.000000
2014-06-10,391.000000,392.000000,380.000000,386.000000,608216.000000,1409.000000
2014-06-11,384.000000,387.000000,380.000000,382.000000,486336.000000,1409.000000
2014-06-12,379.000000,380.000000,366.000000,366.000000,727182.000000,1409.000000
2014-06-13,361.000000,370.000000,359.000000,367.000000,731950.000000,1409.000000
2014-06-16,364.000000,366.000000,358.000000,361.000000,623432.000000,1409.000000
2014-06-17,356.000000,370.000000,356.000000,367.000000,600302.000000,1409.000000
2014-06-18,367.000000,372.000000,364.000000,365.000000,475240.000000,1409.000000
2014-06-19,366.000000,370.000000,362.000000,363.000000,603026.000000,1409.000000
2014-06-20,365.000000,383.000000,362.000000,377.000000,1075138.000000,1409.000000
2014-06-23,381.000000,399.000000,381.000000,391.000000,958484.000000,1409.000000
2014-06-24,389.000000,389.000000,381.000000,383.000000,415800.000000,1409.000000
2014-06-25,384.000000,396.000000,384.000000,393.000000,624614.000000,1409.000000
2014-06-26,395.000000,418.000000,395.000000,417.000000,1253270.000000,1409.000000
2014-06-27,415.000000,419.000000,407.000000,407.000000,686392.000000,1409.000000
2014-06-30,404.000000,405.000000,392.000000,394.000000,628336.000000,1409.000000
2014-07-01,397.000000,402.000000,391.000000,401.000000,635284.000000,1409.000000
2014-07-02,403.000000,419.000000,397.000000,416.000000,1141830.000000,1409.000000
2014-07-03,421.000000,424.000000,410.000000,412.000000,750210.000000,1409.000000
2014-07-04,414.000000,417.000000,409.000000,411.000000,639514.000000,1409.000000
2014-07-07,410.000000,414.000000,394.000000,407.000000,1011296.000000,1409.000000
2014-07-08,407.000000,422.000000,398.000000,420.000000,1208764.000000,1409.000000
2014-07-09,419.000000,420.000000,401.000000,402.000000,893376.000000,1409.000000
2014-07-10,404.000000,415.000000,402.000000,405.000000,841710.000000,1409.000000
2014-07-11,408.000000,413.000000,403.000000,412.000000,773636.000000,1409.000000
2014-07-14,414.000000,420.000000,411.000000,414.000000,627666.000000,1409.000000
2014-07-16,418.000000,422.000000,415.000000,417.000000,481620.000000,1409.000000
2014-07-17,414.000000,417.000000,408.000000,410.000000,421160.000000,1409.000000
2014-07-18,406.000000,406.000000,384.000000,384.000000,773164.000000,1409.000000
2014-07-21,384.000000,391.000000,383.000000,386.000000,391918.000000,1409.000000
2014-07-22,388.000000,393.000000,383.000000,385.000000,505954.000000,1501.000000
2014-07-23,383.000000,387.000000,379.000000,384.000000,451764.000000,1501.000000
2014-07-24,381.000000,383.000000,375.000000,376.000000,569438.000000,1501.000000
2014-07-25,377.000000,387.000000,376.000000,382.000000,612762.000000,1501.000000
2014-07-28,385.000000,398.000000,383.000000,394.000000,682386.000000,1501.000000
2014-07-29,400.000000,403.000000,395.000000,397.000000,439936.000000,1501.000000
2014-07-30,394.000000,396.000000,387.000000,389.000000,516366.000000,1501.000000
2014-07-31,392.000000,396.000000,388.000000,393.000000,450580.000000,1501.000000
2014-08-01,391.000000,393.000000,383.000000,385.000000,644806.000000,1501.000000
2014-08-04,385.000000,399.000000,382.000000,398.000000,692748.000000,1501.000000
2014-08-05,398.000000,405.000000,394.000000,397.000000,741198.000000,1501.000000
2014-08-06,395.000000,398.000000,391.000000,392.000000,638764.000000,1501.000000
2014-08-07,393.000000,400.000000,390.000000,391.000000,601422.000000,1501.000000
2014-08-08,390.000000,393.000000,382.000000,388.000000,665398.000000,1501.000000
2014-08-11,387.000000,391.000000,383.000000,384.000000,552190.000000,1501.000000
2014-08-12,381.000000,382.000000,377.000000,380.000000,472050.000000,1501.000000
2014-08-13,379.000000,385.000000,373.000000,375.000000,819828.000000,1501.000000
2014-08-14,373.000000,375.000000,364.000000,366.000000,729252.000000,1501.000000
2014-08-15,366.000000,379.000000,366.000000,379.000000,622620.000000,1501.000000
2014-08-18,380.000000,380.000000,363.000000,363.000000,877640.000000,1501.000000
2014-08-19,363.000000,370.000000,362.000000,367.000000,481694.000000,1501.000000
2014-08-20,365.000000,370.000000,358.000000,359.000000,619208.000000,1501.000000
2014-08-21,360.000000,363.000000,357.000000,360.000000,414306.000000,1501.000000
2014-08-22,359.000000,364.000000,354.000000,356.000000,519844.000000,1501.000000
2014-08-25,355.000000,360.000000,352.000000,358.000000,588780.000000,1501.000000
2014-08-26,361.000000,363.000000,355.000000,361.000000,388012.000000,1501.000000
2014-08-27,362.000000,362.000000,349.000000,350.000000,632090.000000,1501.000000
2014-08-28,349.000000,353.000000,332.000000,339.000000,1242452.000000,1501.000000
2014-08-29,339.000000,345.000000,337.000000,341.000000,680238.000000,1501.000000
2014-09-01,340.000000,341.000000,331.000000,333.000000,745550.000000,1501.000000
2014-09-02,333.000000,346.000000,331.000000,341.000000,1001174.000000,1501.000000
2014-09-03,339.000000,339.000000,316.000000,318.000000,1220966.000000,1501.000000
2014-09-04,318.000000,322.000000,307.000000,307.000000,1017648.000000,1501.000000
2014-09-05,308.000000,310.000000,297.000000,298.000000,1014828.000000,1501.000000
2014-09-09,303.000000,308.000000,297.000000,298.000000,598668.000000,1501.000000
2014-09-10,296.000000,308.000000,283.000000,303.000000,1182528.000000,1501.000000
2014-09-11,300.000000,304.000000,292.000000,298.000000,767228.000000,1501.000000
2014-09-12,300.000000,306.000000,298.000000,304.000000,582274.000000,1501.000000
2014-09-15,313.000000,318.000000,302.000000,311.000000,1115106.000000,1501.000000
2014-09-16,313.000000,317.000000,303.000000,311.000000,935218.000000,1501.000000
2014-09-17,315.000000,318.000000,305.000000,311.000000,842934.000000,1501.000000
2014-09-18,310.000000,310.000000,304.000000,305.000000,522916.000000,1501.000000
2014-09-19,301.000000,301.000000,286.000000,289.000000,799928.000000,1501.000000
2014-09-22,284.000000,285.000000,269.000000,269.000000,1086128.000000,1501.000000
2014-09-23,267.000000,277.000000,265.000000,273.000000,1112420.000000,1501.000000
2014-09-24,271.000000,280.000000,269.000000,275.000000,636604.000000,1501.000000
2014-09-25,275.000000,277.000000,262.000000,265.000000,1246084.000000,1501.000000
2014-09-26,262.000000,279.000000,261.000000,275.000000,1217898.000000,1501.000000
2014-09-29,272.000000,276.000000,250.000000,255.000000,1148582.000000,1501.000000
2014-09-30,256.000000,266.000000,256.000000,264.000000,519970.000000,1501.000000
2014-10-08,272.000000,282.000000,257.000000,260.000000,507592.000000,1501.000000
2014-10-09,261.000000,277.000000,261.000000,276.000000,924262.000000,1501.000000
2014-10-10,273.000000,284.000000,265.000000,281.000000,924488.000000,1501.000000
2014-10-13,287.000000,297.000000,287.000000,297.000000,691070.000000,1501.000000
2014-10-14,299.000000,304.000000,295.000000,302.000000,838362.000000,1501.000000
2014-10-15,303.000000,304.000000,292.000000,293.000000,1101970.000000,1501.000000
2014-10-16,287.000000,287.000000,274.000000,278.000000,1136688.000000,1501.000000
2014-10-17,280.000000,285.000000,277.000000,281.000000,717298.000000,1501.000000
2014-10-20,283.000000,295.000000,283.000000,293.000000,883974.000000,1501.000000
2014-10-21,290.000000,298.000000,287.000000,288.000000,755614.000000,1501.000000
2014-10-22,292.000000,293.000000,286.000000,287.000000,751288.000000,1501.000000
2014-10-23,285.000000,286.000000,276.000000,284.000000,977804.000000,1501.000000
2014-10-24,281.000000,287.000000,277.000000,284.000000,749816.000000,1505.000000
2014-10-27,284.000000,286.000000,278.000000,280.000000,700218.000000,1505.000000
2014-10-28,280.000000,280.000000,273.000000,276.000000,510656.000000,1505.000000
2014-10-29,277.000000,283.000000,275.000000,282.000000,586038.000000,1505.000000
2014-10-30,283.000000,297.000000,281.000000,290.000000,1161086.000000,1505.000000
2014-10-31,288.000000,291.000000,284.000000,286.000000,712266.000000,1505.000000
2014-11-03,283.000000,286.000000,275.000000,276.000000,822846.000000,1505.000000
2014-11-04,271.000000,279.000000,268.000000,274.000000,973856.000000,1505.000000
2014-11-05,273.000000,279.000000,263.000000,264.000000,1003070.000000,1505.000000
2014-11-06,265.000000,267.000000,257.000000,260.000000,829066.000000,1505.000000
2014-11-07,261.000000,268.000000,260.000000,266.000000,1004596.000000,1505.000000
2014-11-10,266.000000,272.000000,265.000000,268.000000,880060.000000,1505.000000
2014-11-11,266.000000,267.000000,261.000000,264.000000,659672.000000,1505.000000
2014-11-12,267.000000,269.000000,261.000000,262.000000,647422.000000,1505.000000
2014-11-13,261.000000,263.000000,258.000000,261.000000,661740.000000,1505.000000
2014-11-14,259.000000,263.000000,257.000000,261.000000,454258.000000,1505.000000
2014-11-17,263.000000,265.000000,259.000000,261.000000,584728.000000,1505.000000
2014-11-18,258.000000,259.000000,241.000000,241.000000,1149802.000000,1505.000000
2014-11-19,239.000000,239.000000,223.000000,227.000000,1175832.000000,1505.000000
2014-11-20,229.000000,233.000000,227.000000,230.000000,518726.000000,1505.000000
2014-11-21,227.000000,231.000000,220.000000,230.000000,1117824.000000,1505.000000
2014-11-24,234.000000,236.000000,224.000000,224.000000,906694.000000,1505.000000
2014-11-25,222.000000,222.000000,213.000000,220.000000,1152218.000000,1505.000000
2014-11-26,217.000000,223.000000,212.000000,221.000000,1436432.000000,1505.000000
2014-11-27,223.000000,235.000000,222.000000,235.000000,1313542.000000,1505.000000
2014-11-28,234.000000,245.000000,233.000000,239.000000,1441474.000000,1505.000000
2014-12-01,232.000000,237.000000,224.000000,234.000000,1308000.000000,1505.000000
2014-12-02,243.000000,245.000000,226.000000,229.000000,1215058.000000,1505.000000
2014-12-03,228.000000,238.000000,225.000000,236.000000,1093966.000000,1505.000000
2014-12-04,235.000000,250.000000,235.000000,248.000000,1787896.000000,1505.000000
2014-12-05,248.000000,248.000000,239.000000,245.000000,1193614.000000,1505.000000
2014-12-08,244.000000,251.000000,233.000000,235.000000,1379928.000000,1505.000000
2014-12-09,234.000000,243.000000,225.000000,242.000000,1652654.000000,1505.000000
2014-12-10,239.000000,242.000000,229.000000,237.000000,1159188.000000,1505.000000
2014-12-11,234.000000,245.000000,233.000000,234.000000,1145752.000000,1505.000000
2014-12-12,234.000000,244.000000,233.000000,244.000000,857742.000000,1505.000000
2014-12-15,243.000000,246.000000,237.000000,239.000000,762334.000000,1505.000000
2014-12-16,234.000000,235.000000,228.000000,233.000000,776076.000000,1505.000000
2014-12-17,232.000000,242.000000,230.000000,239.000000,975036.000000,1505.000000
2014-12-18,242.000000,244.000000,239.000000,241.000000,707642.000000,1505.000000
2014-12-19,244.000000,248.000000,242.000000,246.000000,521434.000000,1505.000000
2014-12-22,244.000000,245.000000,237.000000,239.000000,591982.000000,1505.000000
2014-12-23,236.000000,236.000000,225.000000,227.000000,733414.000000,1505.000000
2014-12-24,227.000000,232.000000,224.000000,231.000000,617724.000000,1505.000000
2014-12-25,231.000000,234.000000,227.000000,230.000000,357642.000000,1505.000000
2014-12-26,230.000000,233.000000,227.000000,228.000000,281316.000000,1505.000000
2014-12-29,229.000000,240.000000,227.000000,239.000000,598270.000000,1505.000000
2014-12-30,239.000000,253.000000,239.000000,253.000000,542088.000000,1505.000000
2014-12-31,265.000000,270.000000,257.000000,263.000000,1003734.000000,1505.000000
2015-01-05,259.000000,260.000000,251.000000,254.000000,566526.000000,1505.000000
2015-01-06,252.000000,274.000000,250.000000,274.000000,1075512.000000,1505.000000
2015-01-07,274.000000,275.000000,260.000000,267.000000,871980.000000,1505.000000
2015-01-08,268.000000,271.000000,261.000000,266.000000,595934.000000,1505.000000
2015-01-09,268.000000,268.000000,261.000000,264.000000,855016.000000,1505.000000
2015-01-12,262.000000,273.000000,252.000000,253.000000,1068026.000000,1505.000000
2015-01-13,252.000000,258.000000,249.000000,255.000000,525934.000000,1505.000000
2015-01-14,252.000000,258.000000,245.000000,251.000000,822772.000000,1505.000000
2015-01-15,252.000000,263.000000,249.000000,261.000000,674868.000000,1505.000000
2015-01-16,261.000000,267.000000,257.000000,260.000000,604532.000000,1505.000000
2015-01-19,259.000000,265.000000,251.000000,262.000000,780178.000000,1505.000000
2015-01-20,261.000000,263.000000,255.000000,256.000000,372384.000000,1505.000000
2015-01-21,256.000000,258.000000,239.000000,240.000000,785208.000000,1505.000000
2015-01-22,240.000000,247.000000,238.000000,241.000000,677688.000000,1505.000000
2015-01-23,240.000000,243.000000,228.000000,230.000000,791652.000000,1505.000000
2015-01-26,229.000000,231.000000,220.000000,224.000000,884068.000000,1505.000000
2015-01-27,223.000000,228.000000,221.000000,224.000000,356604.000000,1505.000000
2015-01-28,226.000000,228.000000,220.000000,225.000000,317326.000000,1505.000000
2015-01-29,225.000000,232.000000,225.000000,230.000000,430640.000000,1505.000000
2015-01-30,230.000000,232.000000,226.000000,228.000000,242134.000000,1505.000000
2015-02-02,229.000000,231.000000,225.000000,226.000000,270906.000000,1505.000000
2015-02-03,226.000000,236.000000,226.000000,232.000000,523782.000000,1505.000000
2015-02-04,233.000000,240.000000,223.000000,224.000000,829790.000000,1505.000000
2015-02-05,227.000000,232.000000,224.000000,228.000000,595550.000000,1505.000000
2015-02-06,228.000000,234.000000,227.000000,232.000000,361346.000000,1505.000000
2015-02-09,232.000000,234.000000,227.000000,230.000000,295178.000000,1505.000000
2015-02-10,231.000000,234.000000,230.000000,234.000000,94150.000000,1505.000000
2015-02-11,236.000000,237.000000,231.000000,235.000000,177298.000000,1505.000000
2015-02-12,234.000000,235.000000,230.000000,233.000000,149622.000000,1505.000000
2015-02-13,234.000000,247.000000,233.000000,243.000000,445164.000000,1505.000000
2015-02-16,242.000000,253.000000,241.000000,251.000000,303788.000000,1505.000000
2015-02-17,251.000000,252.000000,242.000000,247.000000,169394.000000,1505.000000
2015-02-25,244.000000,244.000000,232.000000,233.000000,528092.000000,1505.000000
2015-02-26,234.000000,244.000000,233.000000,243.000000,360636.000000,1505.000000
2015-02-27,244.000000,246.000000,237.000000,239.000000,469618.000000,1505.000000
2015-03-02,239.000000,240.000000,231.000000,237.000000,609414.000000,1505.000000
2015-03-03,237.000000,240.000000,234.000000,239.000000,238506.000000,1505.000000
2015-03-04,238.000000,239.000000,230.000000,231.000000,288990.000000,1505.000000
2015-03-05,230.000000,230.000000,214.000000,214.000000,613924.000000,1505.000000
2015-03-06,214.000000,218.000000,206.000000,210.000000,389302.000000,1505.000000
2015-03-09,210.000000,223.000000,208.000000,217.000000,638222.000000,1509.000000
2015-03-10,217.000000,218.000000,212.000000,212.000000,223680.000000,1509.000000
2015-03-11,212.000000,217.000000,209.000000,216.000000,358814.000000,1509.000000
2015-03-12,216.000000,223.000000,213.000000,221.000000,474172.000000,1509.000000
2015-03-13,221.000000,228.000000,216.000000,217.000000,479648.000000,1509.000000
2015-03-16,216.000000,221.000000,213.000000,220.000000,393104.000000,1509.000000
2015-03-17,220.000000,221.000000,216.000000,216.000000,222194.000000,1509.000000
2015-03-18,215.000000,216.000000,200.000000,200.000000,1082654.000000,1509.000000
2015-03-19,198.000000,206.000000,197.000000,200.000000,671748.000000,1509.000000
2015-03-20,200.000000,205.000000,192.000000,193.000000,670370.000000,1509.000000
2015-03-23,193.000000,200.000000,190.000000,198.000000,1521188.000000,1509.000000
2015-03-24,200.000000,208.000000,198.000000,203.000000,1171284.000000,1509.000000
2015-03-25,205.000000,206.000000,194.000000,195.000000,756960.000000,1509.000000
2015-03-26,194.000000,200.000000,189.000000,191.000000,1216974.000000,1509.000000
2015-03-27,191.000000,193.000000,177.000000,185.000000,1581210.000000,1509.000000
2015-03-30,185.000000,187.000000,171.000000,172.000000,1272198.000000,1509.000000
2015-03-31,171.000000,175.000000,163.000000,164.000000,1016594.000000,1509.000000
2015-04-01,163.000000,165.000000,153.000000,154.000000,1350728.000000,1509.000000
2015-04-02,151.000000,152.000000,143.000000,143.000000,1378874.000000,1509.000000
2015-04-03,138.000000,152.000000,133.000000,143.000000,1874760.000000,1509.000000
2015-04-07,143.000000,152.000000,142.000000,150.000000,911346.000000,1509.000000
2015-04-08,151.000000,157.000000,140.000000,155.000000,1601356.000000,1509.000000
2015-04-09,153.000000,156.000000,140.000000,141.000000,1353422.000000,1509.000000
2015-04-10,142.000000,143.000000,131.000000,133.000000,1393268.000000,1509.000000
2015-04-13,135.000000,150.000000,133.000000,150.000000,2004922.000000,1509.000000
2015-04-14,155.000000,163.000000,151.000000,159.000000,1672266.000000,1509.000000
2015-04-15,162.000000,164.000000,149.000000,150.000000,1200246.000000,1509.000000
2015-04-16,150.000000,163.000000,150.000000,158.000000,988624.000000,1509.000000
2015-04-17,159.000000,164.000000,154.000000,157.000000,1165224.000000,1509.000000
2015-04-20,156.000000,160.000000,149.000000,150.000000,1446268.000000,1509.000000
2015-04-21,149.000000,152.000000,141.000000,150.000000,1426150.000000,1509.000000
2015-04-22,151.000000,162.000000,148.000000,162.000000,1303320.000000,1509.000000
2015-04-23,166.000000,169.000000,157.000000,162.000000,1756500.000000,1509.000000
2015-04-24,166.000000,181.000000,165.000000,180.000000,2382906.000000,1509.000000
2015-04-27,183.000000,200.000000,182.000000,197.000000,2910048.000000,1509.000000
2015-04-28,196.000000,200.000000,185.500000,190.000000,2226432.000000,1509.000000
2015-04-29,190.000000,192.000000,175.500000,175.500000,1825966.000000,1509.000000
2015-04-30,172.000000,183.000000,169.500000,176.500000,2298298.000000,1509.000000
2015-05-04,180.000000,191.000000,173.000000,188.000000,1425516.000000,1509.000000
2015-05-05,190.000000,199.000000,187.000000,196.500000,2464442.000000,1509.000000
2015-05-06,198.000000,211.000000,196.000000,208.500000,2810016.000000,1509.000000
2015-05-07,207.000000,210.000000,194.000000,197.500000,2486188.000000,1509.000000
2015-05-08,198.000000,207.000000,191.500000,200.000000,3328204.000000,1509.000000
2015-05-11,202.000000,210.000000,199.500000,205.000000,2716150.000000,1509.000000
2015-05-12,205.000000,209.000000,197.000000,200.000000,2464132.000000,1509.000000
2015-05-13,202.000000,204.500000,191.500000,192.000000,2347606.000000,1509.000000
2015-05-14,193.000000,195.000000,182.000000,185.000000,2890388.000000,1509.000000
2015-05-15,186.000000,191.000000,179.000000,191.000000,2664976.000000,1509.000000
2015-05-18,190.000000,193.000000,186.000000,186.000000,1495404.000000,1509.000000
2015-05-19,185.000000,188.000000,179.000000,180.000000,1627368.000000,1509.000000
2015-05-20,179.000000,180.000000,173.500000,178.000000,1923348.000000,1509.000000
2015-05-21,180.500000,189.000000,178.000000,186.500000,2110018.000000,1509.000000
2015-05-22,187.000000,187.500000,177.500000,186.500000,1915480.000000,1509.000000
2015-05-25,186.000000,194.000000,181.000000,193.000000,2068868.000000,1509.000000
2015-05-26,194.000000,203.000000,192.500000,196.000000,2931122.000000,1509.000000
2015-05-27,196.000000,202.000000,193.000000,195.500000,1850912.000000,1509.000000
2015-05-28,195.500000,199.000000,190.500000,193.000000,1911838.000000,1509.000000
2015-05-29,191.000000,196.000000,184.000000,195.000000,2420016.000000,1509.000000
2015-06-01,195.000000,205.000000,193.500000,204.500000,2186634.000000,1509.000000
2015-06-02,205.500000,209.000000,199.000000,204.500000,2101888.000000,1509.000000
2015-06-03,205.000000,207.000000,197.000000,197.500000,1735208.000000,1509.000000
2015-06-04,197.500000,205.000000,195.500000,204.000000,1846282.000000,1509.000000
2015-06-05,204.500000,206.000000,197.000000,200.000000,1478716.000000,1509.000000
2015-06-08,201.000000,201.000000,194.500000,197.000000,856054.000000,1509.000000
2015-06-09,196.000000,203.000000,194.000000,196.500000,1411066.000000,1509.000000
2015-06-10,197.500000,214.000000,197.000000,213.500000,2267846.000000,1509.000000
2015-06-11,215.000000,221.500000,211.000000,218.000000,2707782.000000,1509.000000
2015-06-12,217.000000,218.000000,209.000000,210.000000,2341010.000000,1509.000000
2015-06-15,210.000000,216.000000,209.000000,212.500000,1385268.000000,1509.000000
2015-06-16,212.000000,212.000000,200.000000,200.500000,1980958.000000,1509.000000
2015-06-17,200.500000,202.000000,188.000000,188.000000,2522196.000000,1509.000000
2015-06-18,188.500000,196.000000,186.500000,191.500000,1677726.000000,1509.000000
2015-06-19,193.000000,196.000000,190.500000,194.500000,924180.000000,1509.000000
2015-06-23,193.500000,195.000000,189.000000,194.000000,614320.000000,1509.000000
2015-06-24,195.000000,209.000000,194.000000,208.000000,1716146.000000,1509.000000
2015-06-25,208.000000,209.000000,199.000000,199.000000,1319852.000000,1509.000000
2015-06-26,198.500000,203.000000,193.500000,200.000000,1571112.000000,1509.000000
2015-06-29,200.000000,200.000000,192.000000,192.000000,1422626.000000,1509.000000
2015-06-30,191.000000,192.000000,179.000000,179.000000,1708774.000000,1509.000000
2015-07-01,179.500000,183.000000,174.500000,176.500000,1326972.000000,1509.000000
2015-07-02,176.000000,182.000000,172.500000,180.000000,1379246.000000,1509.000000
2015-07-03,177.500000,182.000000,165.500000,171.000000,2145704.000000,1509.000000
2015-07-06,169.500000,170.000000,157.500000,157.500000,1319242.000000,1509.000000
2015-07-07,152.000000,152.000000,139.000000,139.000000,1554520.000000,1509.000000
2015-07-08,128.000000,129.000000,112.000000,112.000000,2353956.000000,1509.000000
2015-07-09,98.000000,144.000000,96.000000,130.000000,2930984.000000,1509.000000
2015-07-10,133.000000,139.000000,126.000000,128.000000,2790082.000000,1509.000000
2015-07-13,128.000000,136.000000,124.000000,129.000000,1934080.000000,1509.000000
2015-07-14,131.000000,139.000000,130.000000,133.000000,1352164.000000,1509.000000
2015-07-15,132.000000,137.000000,129.000000,131.000000,1052030.000000,1509.000000
2015-07-17,129.000000,134.000000,126.000000,131.000000,1153516.000000,1601.000000
2015-07-20,130.000000,144.000000,129.000000,144.000000,1914808.000000,1601.000000
2015-07-21,144.000000,148.000000,138.000000,139.000000,1542500.000000,1601.000000
2015-07-22,139.000000,142.000000,129.000000,129.000000,1708870.000000,1601.000000
2015-07-23,128.000000,135.000000,125.000000,131.000000,1381846.000000,1601.000000
2015-07-24,131.000000,133.000000,126.000000,128.000000,1822020.000000,1601.000000
2015-07-27,128.000000,139.000000,127.000000,132.000000,2305010.000000,1601.000000
2015-07-28,132.000000,146.000000,126.000000,139.000000,3013258.000000,1601.000000
2015-07-29,139.000000,148.000000,139.000000,148.000000,2532848.000000,1601.000000
2015-07-30,153.000000,154.000000,141.000000,143.000000,2668252.000000,1601.000000
2015-07-31,142.000000,151.000000,140.000000,146.000000,2272846.000000,1601.000000
2015-08-03,147.000000,156.000000,142.000000,142.000000,3686158.000000,1601.000000
2015-08-04,142.000000,147.000000,140.000000,146.000000,2450714.000000,1601.000000
2015-08-05,147.000000,157.000000,147.000000,156.000000,3291664.000000,1601.000000
2015-08-06,157.000000,157.000000,151.000000,152.500000,2302754.000000,1601.000000
2015-08-07,152.000000,154.000000,145.000000,151.000000,2297452.000000,1601.000000
2015-08-10,149.000000,151.000000,145.500000,149.000000,1723406.000000,1601.000000
2015-08-11,150.000000,162.000000,149.000000,152.000000,2923180.000000,1601.000000
2015-08-12,151.000000,158.000000,148.000000,157.000000,2592050.000000,1601.000000
2015-08-13,158.000000,168.000000,157.000000,167.000000,3373838.000000,1601.000000
2015-08-14,166.000000,167.000000,162.000000,164.000000,1813454.000000,1601.000000
2015-08-17,165.000000,169.000000,159.000000,160.000000,2171200.000000,1601.000000
2015-08-18,160.000000,166.000000,160.000000,163.000000,1878438.000000,1601.000000
2015-08-19,162.000000,163.000000,151.000000,157.000000,2860184.000000,1601.000000
2015-08-20,156.000000,159.000000,151.000000,155.000000,2214816.000000,1601.000000
2015-08-21,156.000000,161.000000,154.000000,159.000000,1671258.000000,1601.000000
2015-08-24,158.000000,159.000000,142.000000,142.000000,2420974.000000,1601.000000
2015-08-26,147.000000,154.000000,141.000000,142.000000,2325020.000000,1601.000000
2015-08-27,142.000000,152.000000,139.000000,152.000000,1920900.000000,1601.000000
2015-08-28,153.000000,161.000000,151.000000,161.000000,1467018.000000,1601.000000
2015-08-31,164.000000,173.000000,158.000000,168.000000,2737892.000000,1601.000000
2015-09-01,167.000000,175.000000,163.000000,168.000000,2702830.000000,1601.000000
2015-09-02,167.000000,172.000000,165.000000,170.000000,1734406.000000,1601.000000
2015-09-07,171.500000,173.000000,161.000000,162.500000,1695828.000000,1601.000000
2015-09-08,164.000000,168.000000,158.000000,168.000000,2308300.000000,1601.000000
2015-09-09,170.000000,181.000000,168.000000,177.000000,4562704.000000,1601.000000
2015-09-10,176.000000,193.000000,175.000000,189.000000,4700520.000000,1601.000000
2015-09-11,188.000000,196.000000,185.000000,187.000000,3890678.000000,1601.000000
2015-09-14,186.000000,190.000000,180.000000,181.000000,2757890.000000,1601.000000
2015-09-15,180.000000,183.000000,171.000000,172.000000,2723490.000000,1601.000000
2015-09-16,172.000000,178.000000,170.000000,176.000000,3257648.000000,1601.000000
2015-09-17,176.000000,178.000000,171.000000,173.000000,3256174.000000,1601.000000
2015-09-18,173.000000,176.000000,166.000000,167.000000,2336514.000000,1601.000000
2015-09-21,166.000000,173.000000,165.500000,169.500000,2267996.000000,1601.000000
2015-09-22,170.000000,171.000000,159.500000,162.500000,2660820.000000,1601.000000
2015-09-23,161.000000,163.000000,151.500000,158.000000,3453260.000000,1601.000000
2015-09-24,158.000000,160.000000,155.000000,157.000000,1417776.000000,1601.000000
2015-09-25,155.500000,166.000000,153.500000,161.000000,3184868.000000,1601.000000
2015-09-28,160.000000,161.000000,146.000000,147.000000,2136412.000000,1601.000000
2015-09-29,144.000000,150.000000,140.000000,146.000000,2314532.000000,1601.000000
2015-09-30,148.000000,148.000000,144.000000,145.000000,970662.000000,1601.000000
2015-10-08,150.000000,158.000000,147.000000,153.000000,1404532.000000,1601.000000
2015-10-09,153.000000,171.000000,152.000000,170.000000,2463276.000000,1601.000000
2015-10-12,170.000000,171.000000,157.000000,160.000000,2844158.000000,1601.000000
2015-10-13,159.000000,159.000000,151.000000,156.000000,2213054.000000,1601.000000
2015-10-14,155.000000,160.000000,153.000000,154.000000,2126390.000000,1601.000000
2015-10-15,155.000000,158.000000,152.000000,154.000000,1991328.000000,1601.000000
2015-10-16,152.000000,153.000000,146.000000,147.000000,2650632.000000,1601.000000
2015-10-19,147.000000,152.000000,147.000000,150.000000,2219216.000000,1601.000000
2015-10-20,148.000000,155.000000,148.000000,151.000000,2156630.000000,1601.000000
2015-10-21,151.000000,153.000000,144.000000,144.000000,2711396.000000,1601.000000
2015-10-22,143.000000,150.000000,141.000000,146.000000,2070958.000000,1601.000000
2015-10-23,146.000000,149.000000,143.000000,149.000000,1843098.000000,1601.000000
2015-10-26,150.000000,151.000000,144.000000,145.000000,1820196.000000,1601.000000
2015-10-27,145.000000,148.000000,141.000000,146.000000,2261900.000000,1601.000000
2015-10-28,146.000000,147.000000,136.000000,137.000000,2220834.000000,1601.000000
2015-10-29,137.000000,139.000000,134.000000,137.000000,2301244.000000,1601.000000
2015-10-30,138.000000,144.000000,137.000000,141.500000,2856246.000000,1601.000000
2015-11-02,142.000000,144.000000,137.000000,138.000000,1940910.000000,1601.000000
2015-11-03,137.000000,138.000000,124.000000,128.000000,3600156.000000,1601.000000
2015-11-04,128.000000,131.000000,126.000000,130.000000,2061224.000000,1601.000000
2015-11-05,130.500000,134.000000,124.500000,124.500000,2159900.000000,1601.000000
2015-11-06,123.000000,128.000000,122.000000,127.000000,2069494.000000,1601.000000
2015-11-09,126.000000,131.000000,122.000000,128.000000,2141534.000000,1601.000000
2015-11-10,128.000000,130.000000,125.000000,127.000000,1353044.000000,1601.000000
2015-11-11,127.000000,128.000000,124.000000,124.000000,1101646.000000,1601.000000
2015-11-12,124.000000,128.000000,124.000000,126.000000,1296068.000000,1601.000000
2015-11-13,126.000000,133.000000,125.000000,130.000000,1388348.000000,1601.000000
2015-11-16,129.000000,134.000000,126.000000,128.000000,1493632.000000,1601.000000
2015-11-17,129.000000,129.000000,117.000000,119.000000,2250434.000000,1601.000000
2015-11-18,118.000000,120.000000,112.000000,117.000000,1506406.000000,1601.000000
2015-11-19,116.000000,117.000000,106.000000,110.000000,1968958.000000,1601.000000
2015-11-20,109.000000,116.000000,108.000000,113.000000,1543760.000000,1601.000000
2015-11-23,113.000000,117.000000,112.000000,114.000000,1103732.000000,1601.000000
2015-11-24,115.000000,118.000000,111.000000,115.000000,2282848.000000,1605.000000
2015-11-25,114.000000,122.000000,113.000000,120.000000,1914788.000000,1605.000000
2015-11-26,119.000000,133.000000,117.000000,121.000000,3152688.000000,1605.000000
2015-11-27,121.000000,122.000000,116.000000,117.000000,1463406.000000,1605.000000
2015-11-30,117.000000,118.000000,107.000000,108.000000,1985512.000000,1605.000000
2015-12-01,107.000000,109.000000,105.000000,107.000000,1644196.000000,1605.000000
2015-12-02,104.500000,111.000000,102.500000,107.500000,3243340.000000,1605.000000
2015-12-03,107.000000,111.000000,103.000000,104.000000,2123990.000000,1605.000000
2015-12-04,104.000000,107.000000,98.000000,103.000000,2806892.000000,1605.000000
2015-12-07,104.000000,110.000000,102.000000,108.000000,2066692.000000,1605.000000
2015-12-08,107.000000,108.000000,99.000000,101.000000,1673568.000000,1605.000000
2015-12-09,100.000000,103.000000,99.000000,101.000000,1245446.000000,1605.000000
2015-12-10,102.000000,104.000000,96.500000,98.000000,1702570.000000,1605.000000
2015-12-11,99.000000,102.000000,96.500000,101.000000,1581380.000000,1605.000000
2015-12-14,101.500000,107.000000,99.000000,104.500000,2379148.000000,1605.000000
2015-12-15,104.000000,112.000000,103.000000,103.000000,3132480.000000,1605.000000
2015-12-16,103.000000,108.000000,102.000000,108.000000,1661620.000000,1605.000000
2015-12-17,109.000000,111.000000,106.000000,107.000000,2425448.000000,1605.000000
2015-12-18,107.000000,116.000000,107.000000,115.000000,2535508.000000,1605.000000
2015-12-21,116.000000,125.000000,115.000000,124.000000,3889804.000000,1605.000000
2015-12-22,123.000000,125.000000,117.000000,122.000000,2791060.000000,1605.000000
2015-12-23,121.000000,122.000000,116.000000,117.000000,2135780.000000,1605.000000
2015-12-24,117.000000,122.000000,117.000000,118.000000,2219448.000000,1605.000000
2015-12-25,118.000000,120.000000,118.000000,119.000000,817564.000000,1605.000000
2015-12-28,119.000000,125.000000,118.000000,123.000000,2474344.000000,1605.000000
2015-12-29,124.000000,131.000000,122.000000,130.000000,3167262.000000,1605.000000
2015-12-30,130.000000,139.000000,130.000000,135.000000,3339010.000000,1605.000000
2015-12-31,135.000000,145.000000,133.000000,136.000000,3797834.000000,1605.000000
2016-01-04,140.000000,142.000000,134.000000,136.000000,3074556.000000,1605.000000
2016-01-05,135.000000,140.000000,133.000000,139.000000,2595252.000000,1605.000000
2016-01-06,139.000000,140.000000,130.000000,133.000000,2896700.000000,1605.000000
2016-01-07,132.000000,137.000000,131.000000,134.000000,2309246.000000,1605.000000
2016-01-08,133.000000,133.000000,124.500000,125.500000,2696070.000000,1605.000000
2016-01-11,125.000000,127.000000,119.000000,120.000000,2158016.000000,1605.000000
2016-01-12,120.000000,121.000000,114.000000,115.000000,1877010.000000,1605.000000
2016-01-13,115.000000,120.000000,113.000000,115.000000,1886946.000000,1605.000000
2016-01-14,115.500000,119.000000,112.000000,119.000000,2347948.000000,1605.000000
2016-01-15,119.000000,125.000000,118.000000,121.000000,2901278.000000,1605.000000
2016-01-18,121.000000,136.000000,118.000000,133.000000,4072852.000000,1605.000000
2016-01-19,133.000000,138.000000,131.000000,136.000000,2221098.000000,1605.000000
2016-01-20,136.000000,137.000000,128.000000,128.000000,2069658.000000,1605.000000
2016-01-21,128.000000,131.000000,125.000000,128.000000,2390498.000000,1605.000000
2016-01-22,127.000000,138.000000,127.000000,130.000000,3815600.000000,1605.000000
2016-01-25,130.000000,134.000000,127.000000,128.000000,2580336.000000,1605.000000
2016-01-26,127.000000,133.000000,124.000000,132.000000,2481576.000000,1605.000000
2016-01-27,133.000000,140.000000,132.000000,139.000000,3334204.000000,1605.000000
2016-01-28,138.000000,141.000000,132.000000,132.500000,3390130.000000,1605.000000
2016-01-29,133.000000,137.000000,132.000000,135.000000,2394332.000000,1605.000000
2016-02-01,136.000000,144.000000,136.000000,139.000000,3471628.000000,1605.000000
2016-02-02,140.000000,142.000000,137.000000,140.000000,2746908.000000,1605.000000
2016-02-03,141.000000,145.000000,138.500000,143.000000,2207182.000000,1605.000000
2016-02-04,143.500000,155.000000,143.000000,154.500000,3455524.000000,1605.000000
2016-02-05,154.500000,155.000000,146.500000,149.500000,1762468.000000,1605.000000
2016-02-15,144.000000,156.000000,144.000000,154.000000,1472868.000000,1605.000000
2016-02-16,155.000000,156.000000,151.000000,153.000000,1565680.000000,1605.000000
2016-02-17,154.000000,158.000000,152.000000,153.000000,2353820.000000,1605.000000
2016-02-18,154.000000,159.000000,151.000000,158.000000,2248624.000000,1605.000000
2016-02-19,159.000000,169.000000,158.000000,167.000000,3320340.000000,1605.000000
2016-02-22,167.000000,180.000000,166.000000,180.000000,2522512.000000,1605.000000
2016-02-23,184.000000,193.000000,179.000000,182.000000,4586054.000000,1605.000000
2016-02-24,182.000000,188.000000,181.000000,187.000000,4465316.000000,1605.000000
2016-02-25,185.500000,190.000000,180.500000,183.500000,4233326.000000,1605.000000
2016-02-26,183.500000,185.000000,174.000000,178.000000,3996254.000000,1605.000000
2016-02-29,179.000000,184.000000,175.000000,184.000000,4278676.000000,1605.000000
2016-03-01,185.000000,196.000000,181.000000,192.000000,5929332.000000,1605.000000
2016-03-02,192.000000,201.000000,192.000000,200.000000,4949434.000000,1605.000000
2016-03-03,201.000000,205.000000,195.000000,198.000000,3889162.000000,1605.000000
2016-03-04,198.000000,211.000000,194.000000,211.000000,5983866.000000,1605.000000
2016-03-07,212.000000,221.000000,209.000000,221.000000,2168918.000000,1605.000000
2016-03-08,237.000000,237.000000,231.000000,237.000000,2052664.000000,1605.000000
2016-03-09,247.000000,251.000000,221.500000,238.000000,7526732.000000,1605.000000
2016-03-10,239.000000,260.000000,239.000000,253.000000,7419534.000000,1605.000000
2016-03-11,248.000000,255.000000,237.000000,241.000000,5078358.000000,1605.000000
2016-03-14,234.000000,268.000000,232.000000,237.000000,5460268.000000,1605.000000
2016-03-15,234.000000,242.000000,225.000000,227.000000,4856536.000000,1605.000000
2016-03-16,225.000000,235.000000,224.000000,233.000000,3321042.000000,1605.000000
2016-03-17,235.000000,251.000000,230.000000,250.000000,4432586.000000,1605.000000
2016-03-18,250.000000,266.000000,248.000000,264.000000,3934660.000000,1605.000000
2016-03-21,263.000000,280.000000,259.000000,272.000000,4910998.000000,1609.000000
2016-03-22,273.000000,277.000000,262.000000,266.000000,4888216.000000,1609.000000
2016-03-23,265.000000,273.000000,257.000000,260.000000,5445940.000000,1609.000000
2016-03-24,259.000000,260.000000,239.000000,239.000000,5464724.000000,1609.000000
2016-03-25,234.000000,243.000000,233.000000,242.000000,3987468.000000,1609.000000
2016-03-28,243.000000,250.000000,227.000000,228.000000,6138376.000000,1609.000000
2016-03-29,230.000000,233.000000,221.000000,228.000000,5191040.000000,1609.000000
2016-03-30,229.000000,236.000000,223.000000,228.000000,5687258.000000,1609.000000
2016-03-31,228.000000,234.000000,221.000000,229.000000,4514060.000000,1609.000000
2016-04-01,230.000000,240.000000,230.000000,236.000000,4326750.000000,1609.000000
2016-04-05,237.000000,238.000000,221.000000,231.000000,3340606.000000,1609.000000
2016-04-06,231.000000,234.000000,218.000000,224.000000,3564168.000000,1609.000000
2016-04-07,224.000000,232.000000,223.000000,227.000000,3090202.000000,1609.000000
2016-04-08,225.000000,229.000000,222.000000,226.000000,2850484.000000,1609.000000
2016-04-11,227.000000,244.000000,226.000000,237.000000,4807386.000000,1609.000000
2016-04-12,239.000000,259.000000,239.000000,259.000000,5676184.000000,1609.000000
2016-04-13,264.000000,274.000000,261.000000,268.000000,5958176.000000,1609.000000
2016-04-14,269.000000,281.000000,264.000000,267.000000,6065708.000000,1609.000000
2016-04-15,266.000000,270.000000,254.000000,258.000000,6679926.000000,1609.000000
2016-04-18,257.000000,285.000000,253.000000,275.000000,6102854.000000,1609.000000
2016-04-19,276.000000,284.000000,272.000000,283.000000,6514756.000000,1609.000000
2016-04-20,284.000000,304.000000,284.000000,304.000000,6956864.000000,1609.000000
2016-04-21,306.000000,323.000000,298.000000,323.000000,6574304.000000,1609.000000
2016-04-22,329.000000,342.000000,307.000000,322.000000,6521128.000000,1609.000000
2016-04-25,318.000000,351.000000,309.000000,320.000000,4979666.000000,1609.000000
2016-04-26,318.000000,321.000000,300.000000,300.000000,3324424.000000,1609.000000
2016-04-27,304.000000,304.000000,281.000000,284.000000,2398386.000000,1609.000000
2016-04-28,284.000000,296.000000,273.000000,295.000000,2367684.000000,1609.000000
2016-04-29,298.000000,311.000000,296.000000,311.000000,1801490.000000,1609.000000
2016-05-03,311.000000,311.000000,280.000000,292.000000,1553820.000000,1609.000000
2016-05-04,287.000000,293.000000,276.000000,284.000000,1806846.000000,1609.000000
2016-05-05,285.000000,288.000000,259.000000,262.000000,2174048.000000,1609.000000
2016-05-06,263.000000,269.000000,254.000000,267.000000,2325240.000000,1609.000000
2016-05-09,268.000000,276.000000,237.000000,237.000000,2653924.000000,1609.000000
2016-05-10,232.000000,239.000000,229.000000,235.000000,2096148.000000,1609.000000
2016-05-12,236.000000,238.000000,222.000000,222.000000,1672878.000000,1609.000000
2016-05-13,221.000000,224.000000,210.000000,212.000000,2070096.000000,1609.000000
2016-05-16,212.000000,223.000000,211.000000,217.000000,1733688.000000,1609.000000
2016-05-18,234.000000,241.000000,217.000000,221.000000,2340962.000000,1609.000000
2016-05-19,220.000000,227.000000,213.000000,216.000000,1790058.000000,1609.000000
2016-05-20,214.000000,228.000000,212.000000,224.000000,1864422.000000,1609.000000
2016-05-23,225.000000,227.000000,199.000000,203.000000,2257890.000000,1609.000000
2016-05-24,202.000000,203.000000,193.500000,199.500000,1443328.000000,1609.000000
2016-05-25,201.500000,204.000000,189.000000,191.000000,1597254.000000,1609.000000
2016-05-26,192.000000,197.000000,187.000000,194.000000,2125382.000000,1609.000000
2016-05-27,195.000000,204.000000,184.000000,199.000000,3105418.000000,1609.000000
2016-05-30,199.000000,202.000000,182.000000,197.000000,2305026.000000,1609.000000
2016-05-31,198.000000,203.000000,193.000000,193.000000,1933378.000000,1609.000000
2016-06-01,193.000000,198.000000,190.000000,198.000000,1475408.000000,1609.000000
2016-06-02,194.000000,200.000000,192.000000,193.000000,1248374.000000,1609.000000
2016-06-03,193.000000,201.000000,192.000000,196.500000,1080834.000000,1609.000000
2016-06-06,200.000000,217.000000,197.000000,216.000000,1719884.000000,1609.000000
2016-06-07,217.000000,224.000000,213.000000,219.000000,1341262.000000,1609.000000
2016-06-08,218.000000,224.000000,211.000000,216.000000,1240906.000000,1609.000000
2016-06-13,214.000000,229.000000,212.000000,222.000000,1331250.000000,1609.000000
2016-06-14,221.000000,226.000000,204.000000,204.500000,1616036.000000,1609.000000
2016-06-15,206.000000,212.000000,204.000000,209.000000,954484.000000,1609.000000
2016-06-16,212.000000,221.000000,209.000000,215.000000,1161208.000000,1609.000000
2016-06-17,215.000000,222.000000,210.000000,222.000000,1223776.000000,1609.000000
2016-06-20,223.000000,226.000000,217.000000,219.000000,1068290.000000,1609.000000
2016-06-21,217.000000,228.000000,217.000000,223.000000,1094578.000000,1609.000000
2016-06-22,223.000000,237.000000,221.000000,235.500000,1581268.000000,1609.000000
2016-06-23,236.000000,241.000000,233.500000,236.500000,1150722.000000,1609.000000
2016-06-24,238.000000,244.000000,231.000000,234.000000,1510194.000000,1609.000000
2016-06-27,236.000000,260.000000,235.000000,260.000000,1754314.000000,1609.000000
2016-06-28,261.000000,272.000000,257.000000,268.000000,1727628.000000,1609.000000
2016-06-29,268.000000,274.000000,261.500000,267.500000,1377442.000000,1609.000000
2016-06-30,266.000000,280.000000,265.000000,277.000000,1684702.000000,1609.000000
2016-07-01,278.000000,280.000000,261.000000,270.000000,1635248.000000,1609.000000
2016-07-04,270.000000,291.000000,270.000000,287.000000,1994052.000000,1609.000000
2016-07-05,288.000000,298.000000,272.000000,290.000000,2240098.000000,1609.000000
2016-07-06,288.000000,293.000000,267.000000,277.000000,2234086.000000,1609.000000
2016-07-07,274.000000,288.000000,269.000000,276.000000,2016472.000000,1609.000000
2016-07-08,275.000000,281.000000,264.000000,279.000000,2027094.000000,1609.000000
2016-07-11,282.000000,284.000000,268.000000,278.000000,1588332.000000,1609.000000
2016-07-12,281.000000,302.000000,277.000000,302.000000,1919426.000000,1609.000000
2016-07-13,305.000000,315.000000,300.000000,307.000000,1787830.000000,1609.000000
2016-07-14,309.000000,315.000000,302.000000,314.000000,1401482.000000,1609.000000
2016-07-15,310.000000,314.000000,304.000000,311.000000,1226978.000000,1609.000000
2016-07-18,310.000000,313.000000,280.000000,280.000000,1798578.000000,1609.000000
2016-07-19,280.000000,284.000000,269.500000,272.500000,1314910.000000,1609.000000
2016-07-20,272.000000,278.000000,268.000000,272.000000,1005608.000000,1609.000000
2016-07-21,272.000000,297.000000,267.000000,296.000000,1552884.000000,1609.000000
2016-07-22,295.000000,298.000000,275.000000,278.000000,1665746.000000,1609.000000
2016-07-25,278.000000,295.000000,274.000000,292.000000,1512910.000000,1609.000000
2016-07-26,292.000000,296.000000,284.000000,295.000000,1215810.000000,1609.000000
2016-07-27,297.000000,315.000000,296.000000,315.000000,1866402.000000,1609.000000
2016-07-28,318.000000,324.000000,312.000000,322.000000,1549110.000000,1609.000000
2016-07-29,323.000000,326.000000,307.000000,310.000000,1387630.000000,1609.000000
2016-08-01,310.000000,337.000000,305.000000,336.000000,1677124.000000,1609.000000
2016-08-02,334.000000,338.000000,328.000000,335.000000,1088440.000000,1609.000000
2016-08-03,335.000000,337.000000,328.000000,333.000000,895536.000000,1609.000000
2016-08-04,333.000000,334.000000,314.000000,323.000000,1238198.000000,1609.000000
2016-08-05,322.000000,345.000000,322.000000,342.000000,1460684.000000,1609.000000
2016-08-08,342.000000,354.000000,337.000000,352.000000,1040648.000000,1609.000000
2016-08-09,353.000000,360.000000,343.000000,351.000000,1093406.000000,1609.000000
2016-08-10,349.000000,353.000000,337.000000,343.000000,1133006.000000,1609.000000
2016-08-11,340.000000,343.000000,324.000000,329.000000,1218974.000000,1701.000000
2016-08-12,328.000000,333.000000,323.000000,330.000000,1192520.000000,1701.000000
2016-08-15,327.000000,330.000000,311.000000,320.000000,1776054.000000,1701.000000
2016-08-16,319.500000,340.000000,316.000000,336.000000,1729678.000000,1701.000000
2016-08-17,335.000000,343.000000,324.000000,325.000000,1694440.000000,1701.000000
2016-08-18,324.000000,339.000000,321.000000,335.000000,1958742.000000,1701.000000
2016-08-19,335.000000,345.000000,328.000000,343.000000,1789538.000000,1701.000000
2016-08-22,342.000000,348.000000,339.000000,342.000000,1475386.000000,1701.000000
2016-08-23,341.000000,356.000000,339.000000,355.000000,1501770.000000,1701.000000
2016-08-24,355.000000,359.000000,350.000000,354.000000,1281924.000000,1701.000000
2016-08-25,354.000000,356.000000,327.000000,340.000000,2491990.000000,1701.000000
2016-08-26,341.000000,341.000000,329.000000,329.000000,1917014.000000,1701.000000
2016-08-29,329.000000,329.000000,313.000000,319.000000,2126304.000000,1701.000000
2016-08-30,321.000000,324.000000,313.000000,316.000000,1806796.000000,1701.000000
2016-08-31,318.000000,320.000000,308.000000,311.000000,1916274.000000,1701.000000
2016-09-01,310.000000,318.000000,306.000000,316.000000,1670666.000000,1701.000000
2016-09-02,316.000000,330.000000,314.000000,318.000000,2094906.000000,1701.000000
2016-09-05,319.000000,327.000000,315.000000,317.000000,1942870.000000,1701.000000
2016-09-06,318.000000,328.000000,316.000000,322.000000,1842424.000000,1701.000000
2016-09-07,322.000000,324.000000,305.000000,306.000000,2312948.000000,1701.000000
2016-09-08,305.000000,311.000000,301.000000,307.000000,1673558.000000,1701.000000
2016-09-09,306.000000,308.000000,300.000000,307.000000,1359606.000000,1701.000000
2016-09-12,307.000000,313.000000,294.500000,296.000000,1827818.000000,1701.000000
2016-09-13,296.000000,299.000000,287.000000,292.000000,1552348.000000,1701.000000
2016-09-14,292.000000,294.000000,289.000000,292.000000,1103364.000000,1701.000000
2016-09-19,283.000000,293.000000,281.000000,292.000000,958178.000000,1701.000000
2016-09-20,291.000000,301.000000,290.500000,295.500000,1390814.000000,1701.000000
2016-09-21,296.000000,299.000000,293.000000,297.000000,1050670.000000,1701.000000
2016-09-22,297.000000,318.000000,296.000000,306.000000,2100624.000000,1701.000000
2016-09-23,309.000000,313.000000,306.000000,312.000000,1232140.000000,1701.000000
2016-09-26,312.000000,318.000000,306.000000,310.000000,1492492.000000,1701.000000
2016-09-27,310.000000,311.000000,300.000000,304.000000,1284496.000000,1701.000000
2016-09-28,304.000000,311.000000,302.000000,311.000000,1123266.000000,1701.000000
2016-09-29,312.000000,325.000000,310.000000,312.000000,1661572.000000,1701.000000
2016-09-30,311.000000,313.000000,300.500000,302.500000,1021520.000000,1701.000000
2016-10-10,303.000000,312.000000,296.000000,310.500000,1192052.000000,1701.000000
2016-10-11,313.000000,320.000000,311.000000,320.000000,1448140.000000,1701.000000
2016-10-12,320.000000,328.000000,317.000000,326.000000,1524762.000000,1701.000000
2016-10-13,326.000000,328.000000,321.000000,325.000000,1195244.000000,1701.000000
2016-10-14,325.000000,344.000000,322.000000,336.500000,1673500.000000,1701.000000
2016-10-17,334.500000,345.000000,334.000000,340.000000,1325610.000000,1701.000000
2016-10-18,339.000000,340.000000,329.500000,335.500000,1284730.000000,1701.000000
2016-10-19,337.000000,348.000000,331.000000,334.000000,2013328.000000,1701.000000
2016-10-20,337.000000,346.000000,334.000000,342.000000,1489972.000000,1701.000000
2016-10-21,343.000000,346.000000,333.500000,342.500000,1309110.000000,1701.000000
2016-10-24,342.000000,353.000000,336.500000,352.000000,1563092.000000,1701.000000
2016-10-25,353.000000,370.000000,352.000000,370.000000,1442662.000000,1701.000000
2016-10-26,374.000000,386.000000,363.000000,372.000000,2019988.000000,1701.000000
2016-10-27,373.000000,383.000000,364.000000,377.000000,1875822.000000,1701.000000
2016-10-28,377.000000,396.000000,373.000000,392.000000,1871222.000000,1701.000000
2016-10-31,391.000000,401.000000,386.000000,400.000000,1658838.000000,1701.000000
2016-11-01,401.000000,406.000000,392.000000,400.000000,1530806.000000,1701.000000
2016-11-02,401.000000,407.000000,387.000000,390.000000,1709470.000000,1701.000000
2016-11-03,390.000000,399.000000,386.000000,399.000000,1347444.000000,1701.000000
2016-11-04,397.000000,408.000000,394.000000,398.000000,1843994.000000,1701.000000
2016-11-07,398.000000,429.000000,390.000000,418.000000,2702140.000000,1701.000000
2016-11-08,420.000000,428.000000,407.000000,417.000000,2365916.000000,1701.000000
2016-11-09,417.000000,450.000000,416.000000,450.000000,1556734.000000,1701.000000
2016-11-10,462.000000,486.000000,460.000000,486.000000,1998866.000000,1701.000000
2016-11-11,488.000000,513.000000,486.000000,513.000000,1249418.000000,1701.000000
2016-11-14,528.000000,555.000000,494.000000,525.000000,2975784.000000,1701.000000
2016-11-15,524.000000,530.000000,489.000000,489.000000,1489902.000000,1701.000000
2016-11-16,474.000000,483.000000,459.500000,475.000000,1624096.000000,1701.000000
2016-11-17,474.500000,480.000000,444.000000,475.000000,1831146.000000,1701.000000
2016-11-18,478.000000,482.000000,444.000000,449.000000,1812182.000000,1701.000000
2016-11-21,449.000000,463.000000,431.000000,451.000000,1870738.000000,1701.000000
2016-11-22,451.000000,479.000000,451.000000,478.500000,1044548.000000,1701.000000
2016-11-23,496.000000,515.000000,492.000000,515.000000,1650100.000000,1701.000000
2016-11-24,518.000000,557.000000,500.000000,520.000000,1626888.000000,1701.000000
2016-11-25,520.000000,555.000000,517.000000,551.500000,1294974.000000,1701.000000
2016-11-28,549.000000,564.000000,528.000000,554.000000,1637100.000000,1705.000000
2016-11-29,553.000000,562.000000,507.000000,508.000000,2138828.000000,1705.000000
2016-11-30,507.000000,510.000000,487.000000,487.000000,1241054.000000,1705.000000
2016-12-01,487.000000,535.000000,480.000000,526.000000,2249718.000000,1705.000000
2016-12-02,530.000000,534.000000,480.000000,505.000000,2876146.000000,1705.000000
2016-12-05,507.000000,543.000000,494.000000,536.000000,2373924.000000,1705.000000
2016-12-06,537.000000,550.000000,525.000000,536.000000,1898254.000000,1705.000000
2016-12-07,536.000000,580.000000,533.000000,576.000000,2058256.000000,1705.000000
2016-12-08,575.000000,585.000000,549.000000,566.000000,2016898.000000,1705.000000
2016-12-09,566.000000,567.000000,525.000000,549.000000,2462416.000000,1705.000000
2016-12-12,550.000000,588.000000,537.000000,567.000000,1954478.000000,1705.000000
2016-12-13,567.000000,577.000000,557.500000,576.500000,1615000.000000,1705.000000
2016-12-14,574.000000,575.000000,529.000000,536.000000,2632632.000000,1705.000000
2016-12-15,535.000000,553.000000,523.000000,540.000000,2068708.000000,1705.000000
2016-12-16,537.000000,545.000000,522.000000,523.000000,1641702.000000,1705.000000
2016-12-19,518.000000,521.000000,490.000000,491.000000,1789406.000000,1705.000000
2016-12-20,492.000000,507.000000,490.000000,499.000000,1552190.000000,1705.000000
2016-12-21,501.000000,507.000000,485.000000,504.000000,1548574.000000,1705.000000
2016-12-22,504.000000,504.000000,473.000000,474.000000,1590678.000000,1705.000000
2016-12-23,474.000000,486.000000,472.000000,480.000000,1415314.000000,1705.000000
2016-12-26,478.000000,490.000000,460.000000,486.000000,2131098.000000,1705.000000
2016-12-27,486.000000,495.000000,469.000000,492.000000,1861506.000000,1705.000000
2016-12-28,491.000000,507.000000,485.000000,496.000000,1734938.000000,1705.000000
2016-12-29,496.000000,504.000000,486.000000,500.000000,1513976.000000,1705.000000
2016-12-30,498.000000,502.000000,477.000000,479.000000,1424872.000000,1705.000000
2017-01-03,482.000000,499.000000,462.000000,465.000000,969588.000000,1705.000000
2017-01-04,467.000000,480.000000,463.000000,473.000000,1313922.000000,1705.000000
2017-01-05,474.000000,491.000000,471.000000,482.000000,1160088.000000,1705.000000
2017-01-06,481.000000,489.000000,469.000000,470.000000,1283084.000000,1705.000000
2017-01-09,470.000000,504.000000,468.000000,503.000000,1248210.000000,1705.000000
2017-01-10,502.000000,525.000000,496.000000,525.000000,1412502.000000,1705.000000
2017-01-11,530.000000,536.000000,523.000000,532.000000,1081264.000000,1705.000000
2017-01-12,530.000000,548.000000,523.000000,539.000000,1318150.000000,1705.000000
2017-01-13,539.000000,550.000000,530.000000,538.000000,1201408.000000,1705.000000
2017-01-16,537.500000,589.000000,535.000000,584.000000,1664016.000000,1705.000000
2017-01-17,581.000000,596.000000,553.000000,569.000000,1739144.000000,1705.000000
2017-01-18,570.000000,597.000000,560.000000,569.000000,1870808.000000,1705.000000
2017-01-19,566.000000,574.000000,554.000000,568.000000,1503022.000000,1705.000000
2017-01-20,566.000000,572.000000,538.000000,544.000000,1633878.000000,1705.000000
2017-01-23,542.000000,549.000000,536.000000,539.000000,1094454.000000,1705.000000
2017-01-24,541.000000,586.000000,538.000000,580.000000,1599504.000000,1705.000000
2017-01-25,581.000000,582.000000,561.000000,573.000000,1005000.000000,1705.000000
2017-01-26,572.000000,594.000000,567.000000,591.000000,867136.000000,1705.000000
2017-02-03,593.000000,594.000000,537.000000,543.000000,992122.000000,1705.000000
2017-02-06,543.000000,547.000000,530.000000,534.000000,1051750.000000,1705.000000
2017-02-07,533.000000,561.000000,529.000000,556.000000,1258816.000000,1705.000000
2017-02-08,556.000000,579.000000,554.000000,572.000000,1294094.000000,1705.000000
2017-02-09,573.000000,581.000000,567.000000,572.000000,1078064.000000,1705.000000
2017-02-10,569.000000,625.000000,567.000000,619.000000,2216864.000000,1705.000000
2017-02-13,616.000000,644.000000,616.000000,644.000000,1578374.000000,1705.000000
2017-02-14,644.000000,647.000000,628.000000,643.000000,1174080.000000,1705.000000
2017-02-15,643.000000,649.000000,622.000000,629.000000,1963814.000000,1705.000000
2017-02-16,629.000000,652.000000,613.000000,617.000000,2327328.000000,1705.000000
2017-02-17,616.000000,639.000000,616.000000,633.000000,1604950.000000,1705.000000
2017-02-20,636.000000,647.000000,626.000000,645.000000,1552170.000000,1705.000000
2017-02-21,647.000000,673.000000,642.000000,663.000000,1648782.000000,1705.000000
2017-02-22,663.000000,665.000000,642.000000,654.000000,1456298.000000,1705.000000
2017-02-23,649.000000,659.000000,631.000000,639.000000,1661424.000000,1705.000000
2017-02-24,641.000000,645.000000,605.000000,630.000000,2107860.000000,1705.000000
2017-02-27,630.000000,664.000000,621.000000,645.000000,2145806.000000,1705.000000
2017-02-28,642.000000,649.000000,620.000000,622.000000,2064688.000000,1705.000000
2017-03-01,623.000000,637.000000,619.000000,629.000000,1756032.000000,1705.000000
2017-03-02,629.000000,640.000000,623.000000,626.000000,1553148.000000,1705.000000
2017-03-03,626.000000,627.000000,595.500000,619.000000,2145714.000000,1705.000000
2017-03-06,620.500000,626.000000,586.000000,592.000000,2198622.000000,1705.000000
2017-03-07,591.000000,600.000000,584.500000,592.500000,1414676.000000,1705.000000
2017-03-08,591.500000,605.000000,586.000000,592.500000,2021882.000000,1705.000000
2017-03-09,595.000000,598.000000,574.000000,589.000000,1845624.000000,1705.000000
2017-03-10,587.000000,595.000000,584.000000,587.000000,1279028.000000,1705.000000
2017-03-13,587.000000,617.000000,570.000000,616.000000,2193194.000000,1705.000000
2017-03-14,617.000000,629.000000,612.000000,618.000000,1411802.000000,1705.000000
2017-03-15,616.000000,662.000000,614.000000,656.000000,1852128.000000,1705.000000
2017-03-16,655.000000,666.000000,641.000000,658.000000,1282780.000000,1705.000000
2017-03-17,653.000000,655.000000,638.000000,647.000000,1079270.000000,1705.000000
2017-03-20,644.000000,656.000000,639.000000,643.000000,928334.000000,1705.000000
2017-03-21,643.000000,644.000000,612.000000,619.000000,954818.000000,1705.000000
2017-03-22,614.000000,622.000000,589.000000,590.000000,1291176.000000,1709.000000
2017-03-23,593.000000,604.000000,590.000000,594.000000,1084938.000000,1709.000000
2017-03-24,587.000000,603.000000,581.000000,594.000000,1632096.000000,1709.000000
2017-03-27,591.000000,593.000000,554.000000,563.000000,1709572.000000,1709.000000
2017-03-28,563.000000,574.000000,555.000000,556.000000,1622064.000000,1709.000000
2017-03-29,562.000000,587.000000,560.000000,584.000000,2105400.000000,1709.000000
2017-03-30,584.000000,595.000000,569.000000,572.000000,1887040.000000,1709.000000
2017-03-31,585.000000,589.000000,554.000000,565.000000,1551734.000000,1709.000000
2017-04-05,569.000000,592.000000,566.000000,573.000000,1544052.000000,1709.000000
2017-04-06,575.000000,587.000000,569.000000,573.000000,1887382.000000,1709.000000
2017-04-07,567.000000,569.000000,533.000000,539.000000,2222870.000000,1709.000000
2017-04-10,539.000000,545.000000,530.000000,533.000000,1517786.000000,1709.000000
2017-04-11,529.000000,544.000000,527.000000,538.000000,1620696.000000,1709.000000
2017-04-12,534.000000,536.000000,516.000000,519.000000,1916024.000000,1709.000000
2017-04-13,513.000000,528.000000,509.000000,519.000000,1756206.000000,1709.000000
2017-04-14,519.000000,532.000000,515.000000,521.000000,1920014.000000,1709.000000
2017-04-17,523.000000,527.000000,503.000000,506.000000,2075408.000000,1709.000000
2017-04-18,507.000000,509.000000,477.000000,481.000000,1936476.000000,1709.000000
2017-04-19,483.000000,496.000000,480.000000,493.000000,1743428.000000,1709.000000
2017-04-20,495.000000,503.000000,474.000000,502.000000,2596254.000000,1709.000000
2017-04-21,508.000000,528.000000,499.000000,519.000000,3179714.000000,1709.000000
2017-04-24,519.000000,522.000000,500.000000,516.000000,2770070.000000,1709.000000
2017-04-25,518.000000,519.000000,503.000000,511.000000,2549756.000000,1709.000000
2017-04-26,512.000000,527.000000,506.000000,510.000000,2622798.000000,1709.000000
2017-04-27,509.000000,520.000000,505.000000,519.000000,2345734.000000,1709.000000
2017-04-28,521.000000,534.000000,514.000000,534.000000,2760974.000000,1709.000000
2017-05-02,544.000000,552.000000,540.000000,547.000000,1667068.000000,1709.000000
2017-05-03,544.500000,549.000000,535.000000,536.000000,1889918.000000,1709.000000
2017-05-04,533.000000,533.000000,498.000000,498.000000,2631000.000000,1709.000000
2017-05-05,489.000000,492.000000,470.000000,475.000000,2663104.000000,1709.000000
2017-05-08,480.000000,498.000000,471.000000,480.000000,3477684.000000,1709.000000
2017-05-09,475.000000,482.000000,471.000000,479.000000,2304996.000000,1709.000000
2017-05-10,478.000000,492.000000,477.000000,488.000000,2967848.000000,1709.000000
2017-05-11,489.000000,496.000000,458.000000,478.000000,3973568.000000,1709.000000
2017-05-12,478.000000,480.000000,461.000000,464.000000,3034738.000000,1709.000000
2017-05-15,464.500000,476.000000,455.500000,470.000000,2433496.000000,1709.000000
2017-05-16,470.000000,475.000000,464.500000,474.000000,2018620.000000,1709.000000
2017-05-17,474.000000,494.000000,473.000000,491.000000,2899252.000000,1709.000000
2017-05-18,491.000000,494.000000,480.000000,481.500000,2650142.000000,1709.000000
2017-05-19,474.000000,504.000000,467.000000,502.000000,3937166.000000,1709.000000
2017-05-22,504.000000,514.000000,500.000000,507.000000,3294400.000000,1709.000000
2017-05-23,508.000000,511.000000,491.000000,492.000000,2386300.000000,1709.000000
2017-05-24,493.000000,495.000000,465.000000,469.000000,3214800.000000,1709.000000
2017-05-25,471.000000,479.000000,460.000000,461.000000,3170000.000000,1709.000000
2017-05-26,462.000000,469.000000,459.000000,467.000000,2363976.000000,1709.000000
2017-05-31,466.500000,468.000000,436.500000,437.500000,2226242.000000,1709.000000
2017-06-01,438.000000,441.000000,428.000000,433.000000,2249800.000000,1709.000000
2017-06-02,437.000000,448.000000,432.000000,443.000000,2719994.000000,1709.000000
2017-06-05,440.000000,456.000000,436.000000,448.000000,3248512.000000,1709.000000
2017-06-06,443.500000,451.000000,436.500000,445.000000,2834492.000000,1709.000000
2017-06-07,444.000000,451.000000,440.000000,446.000000,2084592.000000,1709.000000
2017-06-08,445.000000,450.000000,435.000000,436.000000,2845264.000000,1709.000000
2017-06-09,436.000000,441.000000,432.000000,437.000000,2071446.000000,1709.000000
2017-06-12,436.000000,451.000000,435.000000,447.000000,2503858.000000,1709.000000
2017-06-13,448.000000,449.000000,431.000000,432.000000,2203790.000000,1709.000000
2017-06-14,430.000000,445.000000,426.000000,445.000000,2694020.000000,1709.000000
2017-06-15,443.000000,445.000000,430.000000,436.000000,2641944.000000,1709.000000
2017-06-16,438.000000,449.000000,435.000000,440.000000,2911200.000000,1709.000000
2017-06-19,441.000000,453.000000,439.000000,446.000000,2370300.000000,1709.000000
2017-06-20,446.000000,451.000000,441.000000,444.000000,2003558.000000,1709.000000
2017-06-21,442.000000,447.000000,433.000000,447.000000,2135430.000000,1709.000000
2017-06-22,448.000000,452.000000,438.000000,439.000000,2221854.000000,1709.000000
2017-06-26,447.000000,448.000000,441.000000,446.000000,1646854.000000,1709.000000
2017-06-27,448.000000,471.000000,445.000000,470.000000,2833952.000000,1709.000000
2017-06-28,470.000000,474.000000,467.000000,471.000000,2114730.000000,1709.000000
2017-06-29,473.000000,498.000000,472.000000,490.000000,3448740.000000,1709.000000
2017-06-30,488.000000,490.000000,478.000000,487.000000,2055140.000000,1709.000000
2017-07-03,484.000000,501.000000,483.000000,500.000000,2282410.000000,1709.000000
2017-07-04,502.000000,506.000000,475.000000,478.000000,2872450.000000,1709.000000
2017-07-05,481.000000,493.000000,479.000000,483.000000,2675890.000000,1709.000000
2017-07-06,478.000000,486.000000,470.000000,484.000000,2371124.000000,1709.000000
2017-07-07,483.000000,497.000000,478.000000,495.000000,2380090.000000,1709.000000
2017-07-10,494.000000,499.000000,488.000000,493.000000,2278746.000000,1709.000000
2017-07-11,492.000000,511.000000,491.000000,502.000000,2490700.000000,1709.000000
2017-07-12,502.000000,512.000000,497.000000,502.000000,2388802.000000,1709.000000
2017-07-13,503.000000,507.000000,494.000000,504.000000,2009448.000000,1709.000000
2017-07-14,502.000000,504.000000,485.000000,494.000000,2368892.000000,1709.000000
2017-07-17,495.000000,514.000000,494.000000,508.000000,2309482.000000,1709.000000
2017-07-18,510.000000,537.000000,509.000000,530.000000,2832810.000000,1709.000000
2017-07-19,531.000000,548.000000,530.000000,545.000000,2185908.000000,1709.000000
2017-07-20,548.000000,550.000000,529.000000,530.000000,2434782.000000,1709.000000
2017-07-21,531.000000,536.000000,522.000000,534.000000,2168174.000000,1709.000000
2017-07-24,536.000000,538.000000,515.000000,525.000000,2139696.000000,1709.000000
2017-07-25,526.000000,544.000000,526.000000,540.000000,2525632.000000,1709.000000
2017-07-26,544.000000,548.000000,527.000000,531.000000,2179768.000000,1709.000000
2017-07-27,532.000000,541.000000,528.000000,540.000000,1825322.000000,1709.000000
2017-07-28,539.000000,547.000000,536.000000,543.000000,1663260.000000,1709.000000
2017-07-31,543.000000,584.000000,542.500000,583.500000,2145374.000000,1709.000000
2017-08-01,588.000000,594.000000,582.000000,586.000000,1355682.000000,1801.000000
2017-08-02,585.000000,587.000000,571.000000,583.000000,2000100.000000,1801.000000
2017-08-03,581.000000,596.000000,574.500000,582.500000,2534086.000000,1801.000000
2017-08-04,584.000000,595.000000,578.000000,588.000000,2259962.000000,1801.000000
2017-08-07,588.000000,627.000000,581.000000,603.000000,3670562.000000,1801.000000
2017-08-08,603.500000,613.000000,582.000000,588.000000,2942900.000000,1801.000000
2017-08-09,590.000000,608.000000,586.000000,606.000000,3084558.000000,1801.000000
2017-08-10,603.000000,611.000000,592.000000,603.000000,3010998.000000,1801.000000
2017-08-11,599.000000,610.000000,567.000000,575.000000,3675534.000000,1801.000000
2017-08-14,575.000000,582.000000,563.500000,566.000000,2492266.000000,1801.000000
2017-08-15,567.000000,573.000000,558.000000,569.000000,2429130.000000,1801.000000
2017-08-16,569.000000,572.000000,557.000000,563.000000,2356192.000000,1801.000000
2017-08-17,564.000000,601.000000,563.000000,594.000000,3966858.000000,1801.000000
2017-08-18,591.000000,623.000000,586.000000,620.000000,3216212.000000,1801.000000
2017-08-21,611.500000,640.000000,600.000000,635.000000,4259458.000000,1801.000000
2017-08-22,638.500000,649.000000,633.000000,645.000000,2784600.000000,1801.000000
2017-08-23,642.000000,642.000000,604.000000,618.000000,3691470.000000,1801.000000
2017-08-24,617.000000,637.000000,608.000000,622.000000,3464054.000000,1801.000000
2017-08-25,622.000000,640.000000,616.000000,625.000000,3192300.000000,1801.000000
2017-08-28,622.000000,628.000000,593.000000,612.000000,3388816.000000,1801.000000
2017-08-29,612.000000,617.000000,589.500000,593.000000,3260358.000000,1801.000000
2017-08-30,594.000000,598.000000,582.000000,595.000000,2741232.000000,1801.000000
2017-08-31,594.000000,614.000000,586.000000,612.000000,3320300.000000,1801.000000
2017-09-01,609.000000,628.000000,608.000000,622.000000,3081276.000000,1801.000000
2017-09-04,621.000000,637.000000,604.000000,604.500000,3528408.000000,1801.000000
2017-09-05,606.000000,619.000000,602.000000,615.000000,2819660.000000,1801.000000
2017-09-06,616.000000,626.000000,588.000000,589.000000,3613032.000000,1801.000000
2017-09-07,590.000000,596.000000,580.000000,585.000000,3291534.000000,1801.000000
2017-09-08,585.000000,601.000000,570.000000,574.000000,3640130.000000,1801.000000
2017-09-11,574.000000,577.000000,558.000000,573.000000,3225912.000000,1801.000000
2017-09-12,574.000000,588.000000,567.000000,587.000000,3412948.000000,1801.000000
2017-09-13,586.000000,592.000000,568.000000,573.000000,3077162.000000,1801.000000
2017-09-14,571.000000,574.000000,547.000000,549.000000,3510428.000000,1801.000000
2017-09-15,550.000000,554.000000,542.000000,547.000000,2447232.000000,1801.000000
2017-09-18,546.000000,553.000000,533.000000,551.000000,3118512.000000,1801.000000
2017-09-19,551.000000,554.000000,537.000000,537.000000,2421080.000000,1801.000000
2017-09-20,534.000000,542.000000,527.000000,532.000000,2650204.000000,1801.000000
2017-09-21,533.000000,538.000000,510.000000,511.000000,3334156.000000,1801.000000
2017-09-22,511.000000,514.000000,503.000000,506.000000,2355756.000000,1801.000000
2017-09-25,508.000000,513.000000,497.000000,507.000000,2557130.000000,1801.000000
2017-09-26,508.000000,512.000000,501.000000,504.000000,2260414.000000,1801.000000
2017-09-27,504.000000,515.000000,499.000000,512.000000,2859694.000000,1801.000000
2017-09-28,515.000000,517.000000,483.000000,490.000000,3306600.000000,1801.000000
2017-10-09,501.000000,504.000000,476.000000,482.000000,1771252.000000,1801.000000
2017-10-10,481.000000,487.000000,474.000000,479.000000,2195960.000000,1801.000000
2017-10-11,478.000000,484.000000,475.000000,475.000000,1988876.000000,1801.000000
2017-10-12,475.000000,489.000000,465.000000,481.000000,3120394.000000,1801.000000
2017-10-13,480.000000,496.000000,477.000000,495.000000,3110316.000000,1801.000000
2017-10-16,495.000000,510.000000,491.000000,502.000000,3547454.000000,1801.000000
2017-10-17,502.000000,507.000000,485.000000,492.000000,3541900.000000,1801.000000
2017-10-18,493.000000,504.000000,491.000000,498.000000,2909700.000000,1801.000000
2017-10-19,496.000000,497.000000,476.000000,483.000000,3518520.000000,1801.000000
2017-10-20,482.000000,509.000000,480.000000,508.000000,3314666.000000,1801.000000
2017-10-23,506.000000,511.000000,487.000000,498.000000,3844928.000000,1801.000000
2017-10-24,498.000000,507.000000,493.000000,497.000000,2773262.000000,1801.000000
2017-10-25,497.000000,505.000000,489.000000,494.000000,2924034.000000,1801.000000
2017-10-26,494.000000,496.000000,489.000000,493.000000,1907358.000000,1801.000000
2017-10-27,490.000000,492.000000,466.000000,467.000000,3088966.000000,1801.000000
2017-10-30,465.000000,472.000000,460.000000,464.000000,2271780.000000,1801.000000
2017-10-31,464.000000,472.000000,461.000000,467.000000,2071056.000000,1801.000000
2017-11-01,468.000000,478.000000,465.000000,469.000000,2236238.000000,1801.000000
2017-11-02,468.000000,486.000000,465.000000,481.000000,2644964.000000,1801.000000
2017-11-03,481.000000,485.000000,475.000000,479.000000,2013624.000000,1801.000000
2017-11-06,480.000000,508.000000,479.000000,507.000000,2956588.000000,1801.000000
2017-11-07,507.000000,514.000000,501.000000,508.000000,2516836.000000,1801.000000
2017-11-08,508.000000,511.500000,500.500000,505.000000,2296626.000000,1801.000000
2017-11-09,505.000000,518.500000,495.000000,499.500000,3464306.000000,1801.000000
2017-11-10,500.000000,505.500000,492.000000,501.500000,2244006.000000,1801.000000
2017-11-13,502.000000,507.000000,493.000000,504.000000,2413384.000000,1801.000000
2017-11-14,504.000000,510.000000,500.500000,503.500000,1902728.000000,1801.000000
2017-11-15,504.500000,508.500000,482.000000,485.000000,2484966.000000,1801.000000
2017-11-16,485.500000,499.500000,484.500000,497.000000,1965000.000000,1801.000000
2017-11-17,497.500000,508.500000,496.500000,501.500000,2269146.000000,1801.000000
2017-11-20,503.000000,514.000000,497.000000,509.000000,1988754.000000,1801.000000
2017-11-21,510.000000,513.500000,505.500000,509.000000,1395710.000000,1801.000000
2017-11-22,510.000000,517.500000,505.500000,513.500000,1492042.000000,1801.000000
2017-11-23,515.500000,529.500000,514.500000,523.500000,2297878.000000,1805.000000
2017-11-24,524.000000,531.500000,517.000000,529.500000,1999448.000000,1805.000000
2017-11-27,529.500000,532.500000,518.500000,521.000000,2208348.000000,1805.000000
2017-11-28,521.500000,523.000000,511.500000,520.500000,2025496.000000,1805.000000
2017-11-29,520.000000,529.500000,514.000000,528.500000,2221018.000000,1805.000000
2017-11-30,528.500000,542.500000,522.500000,536.000000,2839380.000000,1805.000000
2017-12-01,537.500000,545.000000,534.000000,542.000000,2304320.000000,1805.000000
2017-12-04,543.000000,571.000000,541.500000,564.000000,2891074.000000,1805.000000
2017-12-05,563.500000,569.000000,553.500000,555.500000,2427642.000000,1805.000000
2017-12-06,556.000000,560.000000,537.000000,539.000000,2761820.000000,1805.000000
2017-12-07,539.500000,540.500000,508.000000,510.500000,3266458.000000,1805.000000
2017-12-08,512.000000,524.500000,506.000000,522.500000,2763314.000000,1805.000000
2017-12-11,522.000000,536.000000,511.000000,511.500000,3375408.000000,1805.000000
2017-12-12,514.000000,530.500000,511.000000,519.000000,3390808.000000,1805.000000
2017-12-13,518.500000,526.500000,507.000000,522.000000,3598430.000000,1805.000000
2017-12-14,522.500000,525.000000,511.000000,514.000000,2910392.000000,1805.000000
2017-12-15,515.000000,526.500000,509.000000,524.000000,2740774.000000,1805.000000
2017-12-18,525.000000,556.000000,523.500000,552.000000,4086158.000000,1805.000000
2017-12-19,551.000000,556.000000,541.500000,544.500000,2871544.000000,1805.000000
2017-12-20,543.500000,547.500000,538.500000,545.000000,2298192.000000,1805.000000
2017-12-21,546.000000,565.500000,541.500000,548.000000,3882170.000000,1805.000000
2017-12-22,548.500000,563.000000,544.000000,562.000000,3143190.000000,1805.000000
2017-12-25,562.000000,567.500000,539.500000,541.500000,3289194.000000,1805.000000
2017-12-26,541.000000,541.000000,527.500000,537.500000,2973036.000000,1805.000000
2017-12-27,537.000000,540.500000,530.000000,531.500000,2790868.000000,1805.000000
2017-12-28,532.000000,539.000000,526.500000,534.500000,2254444.000000,1805.000000
2017-12-29,534.000000,554.500000,533.000000,547.500000,3406882.000000,1805.000000
2018-01-02,547.500000,562.500000,547.000000,559.500000,2036976.000000,1805.000000
2018-01-03,560.000000,563.000000,551.000000,552.000000,2252858.000000,1805.000000
2018-01-04,552.500000,562.000000,549.500000,559.500000,2512456.000000,1805.000000
2018-01-05,559.000000,567.000000,544.000000,554.500000,3211498.000000,1805.000000
2018-01-08,554.000000,572.000000,550.000000,571.500000,2877200.000000,1805.000000
2018-01-09,571.000000,578.500000,570.500000,576.500000,2155746.000000,1805.000000
2018-01-10,577.000000,581.000000,568.000000,573.500000,2205660.000000,1805.000000
2018-01-11,574.500000,576.500000,565.000000,572.000000,2108254.000000,1805.000000
2018-01-12,572.000000,574.000000,555.500000,560.000000,2613724.000000,1805.000000
2018-01-15,558.000000,560.000000,547.000000,552.500000,2278106.000000,1805.000000
2018-01-16,554.000000,558.500000,543.000000,545.500000,2299402.000000,1805.000000
2018-01-17,543.000000,550.500000,541.500000,547.500000,2142242.000000,1805.000000
2018-01-18,547.000000,555.500000,545.500000,553.000000,1856046.000000,1805.000000
2018-01-19,554.000000,560.500000,547.000000,559.500000,2322114.000000,1805.000000
2018-01-22,560.500000,563.500000,554.000000,556.500000,2007030.000000,1805.000000
2018-01-23,556.500000,557.000000,533.000000,537.500000,2972356.000000,1805.000000
2018-01-24,534.500000,541.500000,534.000000,538.000000,1478578.000000,1805.000000
2018-01-25,539.000000,552.000000,534.500000,545.500000,2313198.000000,1805.000000
2018-01-26,545.500000,546.500000,531.000000,535.000000,2300262.000000,1805.000000
2018-01-29,535.500000,538.000000,527.000000,530.500000,1829528.000000,1805.000000
2018-01-30,530.000000,537.500000,529.500000,533.500000,1670784.000000,1805.000000
2018-01-31,533.000000,536.000000,520.500000,526.000000,2106122.000000,1805.000000
2018-02-01,526.500000,528.000000,519.500000,522.500000,1659682.000000,1805.000000
2018-02-02,524.000000,534.500000,523.000000,529.500000,1937546.000000,1805.000000
2018-02-05,530.000000,543.500000,529.500000,542.500000,2311538.000000,1805.000000
2018-02-06,543.500000,545.000000,532.000000,537.000000,1954422.000000,1805.000000
2018-02-07,537.500000,543.500000,534.000000,542.500000,1690794.000000,1805.000000
2018-02-08,543.000000,544.500000,537.000000,540.000000,1540810.000000,1805.000000
2018-02-09,540.500000,551.500000,535.000000,539.500000,2646280.000000,1805.000000
2018-02-12,539.000000,542.000000,534.000000,539.000000,1374556.000000,1805.000000
2018-02-13,539.000000,547.000000,537.500000,545.000000,1180578.000000,1805.000000
2018-02-14,546.000000,557.000000,545.000000,555.500000,1211876.000000,1805.000000
2018-02-22,555.500000,561.000000,548.500000,554.500000,1044934.000000,1805.000000
2018-02-23,552.000000,565.000000,552.000000,564.500000,1565246.000000,1805.000000
2018-02-26,564.000000,572.500000,561.000000,565.000000,1483200.000000,1805.000000
2018-02-27,565.000000,568.000000,556.000000,562.500000,1564520.000000,1805.000000
2018-02-28,562.000000,562.500000,556.500000,559.000000,1279690.000000,1805.000000
2018-03-01,558.500000,564.000000,556.500000,560.500000,1554214.000000,1805.000000
2018-03-02,558.500000,562.000000,550.500000,555.000000,1753878.000000,1805.000000
2018-03-05,554.000000,555.500000,535.000000,536.000000,2067414.000000,1805.000000
2018-03-06,536.000000,540.500000,532.500000,536.500000,1562240.000000,1805.000000
2018-03-07,537.500000,541.000000,531.500000,533.500000,1708384.000000,1805.000000
2018-03-08,531.000000,531.500000,516.500000,516.500000,1930252.000000,1805.000000
2018-03-09,514.500000,518.000000,495.500000,499.500000,2810186.000000,1805.000000
2018-03-12,502.500000,506.000000,491.500000,495.000000,2326494.000000,1805.000000
2018-03-13,494.000000,500.000000,492.500000,495.000000,1684550.000000,1805.000000
2018-03-14,496.000000,510.000000,494.500000,506.000000,2379184.000000,1805.000000
2018-03-15,506.000000,511.000000,502.500000,506.000000,1857810.000000,1805.000000
2018-03-16,506.000000,506.000000,497.000000,500.000000,1939940.000000,1805.000000
2018-03-19,498.000000,499.000000,478.000000,479.000000,2744416.000000,1805.000000
2018-03-20,479.000000,482.000000,470.000000,475.000000,2165438.000000,1805.000000
2018-03-21,477.000000,484.000000,474.000000,479.000000,2381300.000000,1805.000000
2018-03-22,480.500000,490.000000,478.500000,482.500000,2638230.000000,1805.000000
2018-03-23,482.000000,484.000000,447.000000,454.000000,3724726.000000,1805.000000
2018-03-26,454.000000,460.000000,451.000000,455.000000,2081784.000000,1805.000000
2018-03-27,454.000000,465.000000,454.000000,460.000000,1889482.000000,1805.000000
2018-03-28,460.000000,462.000000,444.000000,455.000000,2533648.000000,1805.000000
2018-03-29,455.000000,458.000000,447.000000,457.000000,1838078.000000,1805.000000
2018-03-30,457.000000,460.000000,447.000000,460.000000,2152332.000000,1805.000000
2018-04-02,459.000000,479.000000,457.000000,463.000000,2516146.000000,1805.000000
2018-04-03,463.000000,469.000000,455.000000,459.000000,1922600.000000,1809.000000
2018-04-04,459.000000,460.000000,438.000000,442.000000,2739746.000000,1809.000000
2018-04-09,441.000000,449.000000,436.000000,447.000000,2200544.000000,1809.000000
2018-04-10,447.000000,460.000000,447.000000,454.000000,3090932.000000,1809.000000
2018-04-11,456.000000,464.000000,449.000000,451.000000,3074554.000000,1809.000000
2018-04-12,452.000000,460.000000,445.000000,453.000000,3560780.000000,1809.000000
2018-04-13,451.000000,460.000000,447.000000,457.000000,3159766.000000,1809.000000
2018-04-16,457.000000,461.000000,438.500000,441.500000,3725240.000000,1809.000000
2018-04-17,442.000000,449.000000,437.000000,442.000000,3451174.000000,1809.000000
2018-04-18,444.000000,455.000000,443.500000,452.000000,4024454.000000,1809.000000
2018-04-19,457.000000,479.000000,457.000000,478.000000,4719180.000000,1809.000000
2018-04-20,478.000000,479.000000,462.000000,464.000000,3863604.000000,1809.000000
2018-04-23,465.000000,486.000000,462.500000,480.000000,4285054.000000,1809.000000
2018-04-24,476.500000,482.000000,472.000000,473.000000,2779440.000000,1809.000000
2018-04-25,473.000000,480.000000,468.500000,470.500000,3191744.000000,1809.000000
2018-04-26,470.500000,476.000000,466.000000,468.500000,2312858.000000,1809.000000
2018-04-27,468.000000,474.000000,458.000000,463.500000,2991624.000000,1809.000000
2018-05-02,467.000000,479.000000,464.500000,477.000000,2342678.000000,1809.000000
2018-05-03,478.000000,485.000000,474.500000,477.000000,2590440.000000,1809.000000
2018-05-04,476.500000,477.000000,466.500000,474.500000,2858102.000000,1809.000000
2018-05-07,473.000000,479.000000,463.000000,473.000000,3231888.000000,1809.000000
2018-05-08,473.000000,481.000000,471.000000,479.000000,2758820.000000,1809.000000
2018-05-09,477.000000,479.000000,471.000000,473.000000,2655926.000000,1809.000000
2018-05-10,471.000000,478.000000,468.000000,473.000000,2409616.000000,1809.000000
2018-05-11,475.000000,490.000000,472.000000,485.500000,3327274.000000,1809.000000
2018-05-14,485.500000,493.000000,484.000000,491.000000,2675144.000000,1809.000000
2018-05-15,490.000000,497.000000,482.500000,488.500000,3225736.000000,1809.000000
2018-05-16,488.000000,495.000000,482.000000,485.500000,2866710.000000,1809.000000
2018-05-17,485.000000,488.000000,480.500000,486.000000,1908430.000000,1809.000000
2018-05-18,487.000000,490.000000,478.500000,481.000000,2555216.000000,1809.000000
2018-05-21,480.500000,481.000000,465.000000,468.000000,2736232.000000,1809.000000
2018-05-22,467.000000,471.000000,456.000000,459.000000,2035778.000000,1809.000000
2018-05-23,461.500000,462.000000,452.500000,459.500000,2242814.000000,1809.000000
2018-05-24,459.000000,464.000000,457.500000,462.500000,1568618.000000,1809.000000
2018-05-25,463.000000,467.000000,453.000000,457.500000,2148368.000000,1809.000000
2018-05-28,456.500000,464.000000,451.500000,456.500000,2119808.000000,1809.000000
2018-05-29,456.000000,471.000000,454.000000,467.500000,2443562.000000,1809.000000
2018-05-30,466.500000,472.000000,457.500000,458.500000,2373012.000000,1809.000000
2018-05-31,459.000000,470.000000,458.500000,465.500000,1887024.000000,1809.000000
2018-06-01,466.000000,475.000000,460.500000,463.000000,2257014.000000,1809.000000
2018-06-04,463.000000,467.000000,458.000000,460.000000,1713714.000000,1809.000000
2018-06-05,460.000000,471.000000,459.000000,470.000000,1952192.000000,1809.000000
2018-06-06,471.500000,479.000000,469.500000,473.500000,2141570.000000,1809.000000
2018-06-07,474.000000,482.000000,471.000000,472.000000,2020990.000000,1809.000000
2018-06-08,472.500000,474.000000,466.000000,470.000000,1740300.000000,1809.000000
2018-06-11,471.000000,477.000000,468.000000,473.000000,1400384.000000,1809.000000
2018-06-12,473.000000,478.000000,467.000000,476.500000,1930484.000000,1809.000000
2018-06-13,475.000000,478.000000,469.000000,474.500000,1809214.000000,1809.000000
2018-06-14,475.000000,479.000000,473.000000,476.500000,1529028.000000,1809.000000
2018-06-15,476.000000,481.000000,471.000000,477.000000,1526266.000000,1809.000000
2018-06-19,472.000000,474.000000,446.500000,453.500000,2310920.000000,1809.000000
2018-06-20,453.000000,459.000000,452.000000,456.000000,1232422.000000,1809.000000
2018-06-21,457.000000,464.000000,455.000000,456.000000,1525938.000000,1809.000000
2018-06-22,457.000000,462.000000,454.000000,460.500000,1343140.000000,1809.000000
2018-06-25,462.000000,474.000000,460.500000,467.000000,2125132.000000,1809.000000
2018-06-26,467.000000,470.000000,461.500000,465.500000,1747550.000000,1809.000000
2018-06-27,466.000000,471.000000,464.000000,464.000000,1251860.000000,1809.000000
2018-06-28,466.000000,473.000000,465.000000,470.500000,1441320.000000,1809.000000
2018-06-29,470.000000,479.000000,470.000000,477.000000,1780086.000000,1809.000000
2018-07-02,477.000000,478.000000,462.000000,466.000000,1783228.000000,1809.000000
2018-07-03,467.000000,470.000000,464.500000,466.000000,1032406.000000,1809.000000
2018-07-04,466.000000,470.000000,462.500000,465.000000,1180474.000000,1809.000000
2018-07-05,463.000000,465.000000,455.000000,459.500000,2009670.000000,1809.000000
2018-07-06,460.000000,465.000000,457.500000,462.000000,1380318.000000,1809.000000
2018-07-09,463.000000,466.000000,455.000000,464.500000,1390152.000000,1809.000000
2018-07-10,465.000000,467.000000,461.000000,462.000000,1075360.000000,1809.000000
2018-07-11,463.000000,469.000000,453.000000,466.500000,1515964.000000,1809.000000
2018-07-12,466.000000,471.000000,463.500000,469.000000,1288100.000000,1809.000000
2018-07-13,470.000000,470.000000,464.500000,466.000000,793814.000000,1809.000000
2018-07-16,466.000000,471.000000,463.000000,469.000000,828044.000000,1809.000000
2018-07-17,469.000000,470.000000,465.000000,468.000000,809714.000000,1809.000000
2018-07-18,468.000000,472.000000,466.500000,469.000000,849464.000000,1809.000000
2018-07-19,470.000000,477.000000,468.500000,470.500000,1141408.000000,1809.000000
2018-07-20,470.000000,476.000000,469.500000,476.000000,562238.000000,1809.000000
2018-07-23,476.000000,480.000000,473.000000,478.000000,850444.000000,1809.000000
2018-07-24,479.000000,481.000000,475.500000,478.000000,743640.000000,1809.000000
2018-07-25,479.000000,483.000000,477.000000,480.000000,648832.000000,1809.000000
2018-07-26,480.000000,481.000000,476.000000,479.000000,592468.000000,1809.000000
2018-07-27,478.500000,496.000000,478.000000,494.500000,1423896.000000,1809.000000
2018-07-30,496.000000,497.000000,486.000000,491.500000,1399360.000000,1809.000000
2018-07-31,492.000000,493.000000,488.500000,491.000000,713768.000000,1809.000000
2018-08-01,492.000000,492.000000,474.500000,478.000000,1040448.000000,1809.000000
2018-08-02,478.000000,480.000000,473.000000,479.000000,857800.000000,1809.000000
2018-08-03,480.000000,491.000000,479.000000,487.500000,1007872.000000,1809.000000
2018-08-06,488.500000,516.000000,486.000000,505.500000,1427936.000000,1809.000000
2018-08-07,507.000000,518.000000,504.000000,515.000000,1182208.000000,1901.000000
2018-08-08,515.000000,517.000000,505.000000,509.000000,1097664.000000,1901.000000
2018-08-09,509.000000,514.000000,506.000000,514.000000,834450.000000,1901.000000
2018-08-10,515.000000,518.000000,505.000000,507.000000,995714.000000,1901.000000
2018-08-13,506.000000,518.000000,505.500000,517.000000,1152806.000000,1901.000000
2018-08-14,517.000000,520.000000,501.000000,506.500000,1254384.000000,1901.000000
2018-08-15,508.000000,508.000000,498.000000,502.500000,1164088.000000,1901.000000
2018-08-16,502.000000,511.000000,482.500000,493.500000,1788272.000000,1901.000000
2018-08-17,493.500000,507.000000,488.500000,504.500000,1539578.000000,1901.000000
2018-08-20,506.500000,513.000000,497.500000,506.500000,1661684.000000,1901.000000
2018-08-21,507.000000,509.000000,489.500000,494.000000,1608096.000000,1901.000000
2018-08-22,493.000000,499.000000,485.000000,485.000000,1114650.000000,1901.000000
2018-08-23,485.000000,494.000000,484.500000,487.000000,1023604.000000,1901.000000
2018-08-24,488.000000,494.000000,485.500000,491.000000,625338.000000,1901.000000
2018-08-27,491.000000,495.000000,476.500000,479.000000,996142.000000,1901.000000
2018-08-28,479.000000,485.000000,479.000000,482.000000,485630.000000,1901.000000
2018-08-29,483.000000,488.000000,478.000000,480.000000,614506.000000,1901.000000
2018-08-30,481.000000,487.000000,476.000000,484.500000,1117326.000000,1901.000000
2018-08-31,486.000000,491.000000,484.500000,485.000000,1143590.000000,1901.000000
2018-09-03,485.000000,488.000000,478.000000,485.000000,926262.000000,1901.000000
2018-09-04,485.000000,489.000000,481.500000,489.000000,670930.000000,1901.000000
2018-09-05,488.000000,490.000000,484.000000,487.000000,838324.000000,1901.000000
2018-09-06,487.000000,503.000000,487.000000,502.500000,1584356.000000,1901.000000
2018-09-07,502.000000,506.000000,494.000000,498.000000,1577288.000000,1901.000000
2018-09-10,499.000000,505.000000,494.500000,497.500000,1111558.000000,1901.000000
2018-09-11,498.000000,501.000000,491.000000,492.500000,1176556.000000,1901.000000
2018-09-12,493.000000,495.000000,483.500000,492.000000,1113152.000000,1901.000000
2018-09-13,493.000000,505.000000,492.500000,503.500000,1310474.000000,1901.000000
2018-09-14,504.000000,507.000000,499.000000,501.500000,1026114.000000,1901.000000
2018-09-17,502.000000,507.000000,497.000000,500.000000,1268956.000000,1901.000000
2018-09-18,500.000000,508.000000,498.500000,507.000000,865384.000000,1901.000000
2018-09-19,508.000000,514.000000,504.000000,505.000000,841568.000000,1901.000000
2018-09-20,505.000000,508.000000,499.500000,502.000000,552480.000000,1901.000000
