2010/4/16,2252.6,2290.6,2215.8,2218.2,48988,1408
2010/4/19,2198.6,2200.6,1968.8,2000,109733,1408
2010/4/20,2011.8,2042.6,1971.4,2017.2,141862,1408
2010/4/21,2017.6,2083.8,2010.6,2069.8,114531,1408
2010/4/22,2062.8,2077,2013.6,2038.8,133247,1408
2010/4/23,2043.6,2068.6,2023.6,2023.8,116981,1408
2010/4/26,2045.6,2054.6,2014.4,2022.2,112229,1408
2010/4/27,2003.8,2007.6,1910.2,1941.4,139961,1408
2010/4/28,1904.2,1945.2,1896.8,1931.6,128530,1408
2010/4/29,1943.6,1960.2,1884.8,1886.4,116254,1408
2010/4/30,1905.6,1922.2,1845.6,1909.6,184157,1408
2010/5/4,1882.4,1897,1863.4,1879,150123,1408
2010/5/5,1849,1889.6,1833.6,1879,145542,1408
2010/5/6,1881.2,1886,1756.2,1770,170221,1408
2010/5/7,1730.6,1762.4,1664.8,1700.2,240106,1408
2010/5/10,1712.6,1733.6,1672.6,1720.6,201919,1408
2010/5/11,1751.6,1760.4,1599.8,1604.2,224626,1408
2010/5/12,1611.6,1657.6,1584.6,1638.8,273131,1408
2010/5/13,1650.4,1718.2,1625.6,1697.2,217422,1408
2010/5/14,1682.6,1697.4,1653,1665.2,185453,1408
2010/5/17,1642.6,1642.8,1510.6,1521.6,117625,1408
2010/5/18,1514.4,1650.6,1511,1613,261582,1408
2010/5/19,1581.8,1661.6,1536.8,1587.4,340531,1408
2010/5/20,1603.6,1647.4,1544.8,1565.8,293133,1408
2010/5/21,1504.6,1605.4,1479.6,1603.6,307325,1408
2010/5/24,1616.6,1736,1610.6,1704.6,300512,1408
2010/5/25,1682.6,1691.8,1613.6,1615.8,288927,1408
2010/5/26,1648.8,1681.4,1620.2,1642.2,326246,1408
2010/5/27,1627.6,1712.4,1592.6,1704,325500,1408
2010/5/28,1732.6,1744.6,1655.6,1667.8,306690,1408
2010/5/31,1652.6,1701.4,1588.8,1594.6,337678,1408
2010/6/1,1582.6,1623.2,1534.6,1564.6,420130,1408
2010/6/2,1560.6,1584,1520.8,1579,343923,1408
2010/6/3,1602.4,1609.6,1543.6,1550.6,342961,1408
2010/6/4,1542.6,1570.4,1524.8,1563.6,324387,1408
2010/6/7,1502.6,1520.6,1482.6,1508.8,289681,1408
2010/6/8,1512.4,1528.6,1485.6,1527,225087,1408
2010/6/9,1523,1610.6,1503,1591.4,314559,1408
2010/6/10,1578.6,1593.6,1565.6,1572.2,232630,1408
2010/6/11,1590.6,1599.4,1567.6,1568.4,169575,1408
2010/6/17,1581.6,1587,1545.6,1546.8,29949,1408
2010/6/18,1565,1581.6,1508.4,1520.8,249981,1408
2010/6/21,1551.8,1619.2,1520.6,1607.4,277989,1408
2010/6/22,1598.2,1617.6,1595.8,1600.2,220831,1408
2010/6/23,1587.6,1604.2,1545.6,1567.8,238316,1408
2010/6/24,1573.6,1612.6,1552.6,1573.6,297949,1408
2010/6/25,1561.6,1575.4,1538.6,1556.4,249654,1408
2010/6/28,1554.2,1566.4,1534,1544.2,210541,1408
2010/6/29,1544.2,1549.4,1401,1403,298585,1408
2010/6/30,1382.6,1395.6,1365.6,1381.6,247753,1408
2010/7/1,1380.4,1387.2,1338.2,1347.8,243857,1408
2010/7/2,1352.6,1367.6,1281.4,1348.6,367858,1408
2010/7/5,1337.6,1352.2,1282.2,1333.2,359351,1408
2010/7/6,1324,1387.6,1313.8,1367.2,365680,1408
2010/7/7,1360.6,1384.6,1348.8,1371,318135,1408
2010/7/8,1393.6,1402,1364.6,1371.6,254951,1408
2010/7/9,1375.8,1470.6,1365.6,1452.6,327713,1408
2010/7/12,1454.6,1495.6,1449.8,1463.2,289268,1408
2010/7/13,1453.6,1455.6,1421.2,1428.6,269627,1408
2010/7/14,1442.6,1481.8,1432.6,1449.6,209930,1408
2010/7/15,1452.6,1540.6,1410.6,1413.4,392898,1408
2010/7/16,1415.6,1432.4,1390.6,1423.2,360667,1408
2010/7/19,1402.8,1517.8,1396.2,1500.2,379966,1408
2010/7/20,1504.6,1563.6,1503,1548.6,390979,1408
2010/7/21,1551.6,1561,1536.4,1547,308125,1408
2010/7/22,1542.6,1588.2,1538.8,1587,385991,1408
2010/7/23,1592.6,1603.4,1567.8,1586.2,326508,1408
2010/7/26,1594.6,1605.8,1571.8,1599.4,295351,1408
2010/7/27,1600.4,1602.4,1576.2,1580.6,298118,1408
2010/7/28,1582.8,1691.2,1577.8,1690,354307,1408
2010/7/29,1690.6,1698.6,1665.4,1679.4,274230,1408
2010/7/30,1675.6,1683.2,1657.8,1674,241645,1408
2010/8/2,1690.8,1753.4,1682.8,1729,288420,1408
2010/8/3,1730.6,1737.6,1651.6,1659.4,322000,1408
2010/8/4,1662.4,1694.6,1637.6,1676.4,382739,1408
2010/8/5,1675.4,1683.2,1624.4,1649,168283,1408
2010/8/6,1652.6,1726.2,1634.6,1722.6,322329,1408
2010/8/9,1719.6,1734.6,1694,1715.6,288638,1408
2010/8/10,1715.8,1723.2,1630.4,1639.6,324580,1408
2010/8/11,1641.6,1675.6,1627.6,1642,359463,1408
2010/8/12,1624.6,1671.4,1612.6,1629.4,337014,1408
2010/8/13,1628.6,1665.4,1612.8,1657.6,299186,1408
2010/8/16,1651.6,1745.6,1646.2,1730.2,269722,1408
2010/8/17,1735.6,1764.4,1731.4,1749.6,176759,1408
2010/8/18,1752.2,1770.8,1735.6,1748.4,54738,1408
2010/8/19,1750.4,1800.4,1737.6,1767.4,24560,1408
2010/8/20,1762.4,1762.4,1707.8,1714.2,12736,1408
2010/8/23,1723.2,1740.6,1699,1708.2,252178,1408
2010/8/24,1701.2,1761.4,1678,1716.6,340393,1408
2010/8/25,1713.6,1724.6,1655.4,1659,328356,1408
2010/8/26,1692.4,1696.6,1650.6,1668.4,273128,1408
2010/8/27,1664.6,1677.6,1650.8,1675.2,271393,1408
2010/8/30,1687.6,1751.4,1687.6,1732.8,258909,1408
2010/8/31,1720.6,1724.6,1705.6,1713,198508,1408
2010/9/1,1727.6,1758.8,1674.2,1692.8,310156,1408
2010/9/2,1722.6,1751.8,1714.8,1731.8,292539,1408
2010/9/3,1735.6,1742.2,1704,1735.6,265581,1408
2010/9/6,1750.6,1796.2,1750.6,1794.8,250197,1408
2010/9/7,1792.6,1800.6,1771.4,1799.2,206604,1408
2010/9/8,1789.6,1801.2,1774.6,1797.8,193194,1408
2010/9/9,1806.6,1809.4,1738.2,1750.2,244478,1408
2010/9/10,1757.6,1758.6,1716.6,1743.2,217296,1408
2010/9/13,1754.6,1786.4,1738.2,1770,206588,1408
2010/9/14,1772.4,1797.6,1758.6,1769.4,216894,1408
2010/9/15,1771.4,1775.2,1719,1722.6,171429,1408
2010/9/16,1722.6,1729.4,1639,1670.2,62516,1408
2010/9/17,1670.2,1678.2,1660.6,1668.8,16907,1408
2010/9/20,1683.6,1694.6,1650.6,1675.6,209602,1408
2010/9/21,1683.6,1689.4,1662.8,1674,163975,1408
2010/9/27,1684.8,1717.4,1682.4,1706.6,157948,1408
2010/9/28,1702.6,1708,1692,1694,120672,1408
2010/9/29,1696,1714.6,1684,1696.8,136850,1408
2010/9/30,1682.6,1757.6,1674.2,1756,189288,1408
2010/10/8,1775.2,1876.4,1769,1856.8,150243,1408
2010/10/11,1877.6,1965,1877.6,1940.2,208814,1408
2010/10/12,1927,1966.8,1925.6,1957.2,172451,1408
2010/10/13,1970.6,2011.4,1963.6,2009.4,182960,1408
2010/10/14,2024,2056.2,2018.4,2033.4,57606,1408
2010/10/15,2029.6,2125.6,2018.4,2113.2,24387,1408
2010/10/18,2192.6,2224.4,2126.8,2132,302110,1408
2010/10/19,2159.2,2237,2130.2,2226.4,158221,1408
2010/10/20,2195.2,2315.8,2179.6,2260.8,378770,1408
2010/10/21,2271.4,2295.4,2209.4,2251.4,325384,1408
2010/10/22,2258.2,2301.6,2229.4,2268,293741,1408
2010/10/25,2287.6,2410.6,2262.6,2408.6,256963,1408
2010/10/26,2410.8,2420.6,2323.6,2360.8,235559,1408
2010/10/27,2365.4,2408.8,2276,2290.6,303622,1408
2010/10/28,2298.6,2340.4,2288.8,2316.4,248247,1408
2010/10/29,2295,2300.6,2204.2,2222.6,266654,1408
2010/11/1,2252.4,2378.6,2245.8,2357.8,227693,1408
2010/11/2,2362,2390.4,2300.8,2303,260699,1408
2010/11/3,2335.6,2337,2253.6,2274.8,286579,1408
2010/11/4,2290.2,2340.6,2275.2,2327.4,236016,1408
2010/11/5,2371.6,2432.6,2366,2380.6,202498,1408
2010/11/8,2397.6,2398.4,2359.6,2382.2,141259,1408
2010/11/9,2384.2,2384.2,2330.8,2348,137677,1408
2010/11/10,2344.6,2344.6,2291.6,2328.4,132284,1408
2010/11/11,2323.4,2391.4,2294,2304.6,119295,1408
2010/11/12,2331.6,2366.2,2110.2,2145,233801,1408
2010/11/15,2168.6,2187.6,2126,2155.4,207228,1408
2010/11/16,2151.6,2160.4,1993.6,2013.8,246564,1408
2010/11/17,1976.2,2032.6,1945,1958.6,306002,1408
2010/11/18,1983.8,2017.2,1958.2,1993,236016,1408
2010/11/19,2012.6,2054.8,1886,2046.6,181997,1408
2010/11/22,2022.4,2041.2,1967.6,1991.6,248086,1408
2010/11/23,1982.6,1984.2,1867.6,1924,285775,1408
2010/11/24,1913,2023,1907.8,2000,292230,1408
2010/11/25,2014.6,2047.6,1988.6,2030.2,189336,1408
2010/11/26,2032.4,2044.6,1977.6,2015.6,209016,1408
2010/11/29,2010.2,2040.6,1972.8,2014.6,170248,1408
2010/11/30,2013,2024.6,1880.4,1955.8,253848,1408
2010/12/1,1956,1969.2,1929.2,1948.2,178326,1408
2010/12/2,1987.6,2022.6,1970.4,1970.4,160005,1408
2010/12/3,1982.4,1993,1940.8,1977.6,178485,1408
2010/12/6,1991.6,2009.8,1953.6,1973.6,168030,1408
2010/12/7,1958.8,2045.6,1917.8,2024.4,225376,1408
2010/12/8,2002.6,2031.4,1959.8,1962.2,167505,1408
2010/12/9,1975.6,1986.6,1928.8,1942.4,191446,1408
2010/12/10,1932.8,2001.6,1921,1974.2,197612,1408
2010/12/13,2022.6,2086.2,1993.6,2078.2,191913,1408
2010/12/14,2075.6,2094.6,2071.6,2080.4,41417,1408
2010/12/15,2082.2,2087.6,2053.6,2055.4,50325,1408
2010/12/16,2082.6,2110.6,2063.8,2066.8,130281,1408
2010/12/17,2081.6,2087.6,2057.6,2083.6,142994,1408
2010/12/20,2095.6,2112.6,1937.6,2011.8,222228,1408
2010/12/21,2022.6,2108.6,2010,2106,205960,1408
2010/12/22,2105.6,2109.6,2014,2046.2,176758,1408
2010/12/23,2047.2,2076.6,2007,2020.8,218391,1408
2010/12/24,2013.8,2026.6,1969.4,1999,248186,1408
2010/12/27,2013.6,2067.6,1915.6,1921.2,262972,1408
2010/12/28,1921.2,1930.2,1876,1876.8,206947,1408
2010/12/29,1872.6,1897.8,1867,1894.2,149470,1408
2010/12/30,1885.6,1917.6,1852.8,1896.4,188796,1408
2010/12/31,1900.4,1963.6,1897,1959.6,233054,1408
2011/1/4,1974.4,2017.6,1961.8,1994.6,190256,1408
2011/1/5,1990.6,2006.4,1979,1989.4,146115,1408
2011/1/6,2000.2,2026.8,1968.6,1975.6,186234,1408
2011/1/7,1964.6,2032.6,1947.6,1973.6,217547,1408
2011/1/10,1985.6,2000.6,1918,1924.6,186662,1408
2011/1/11,1932.6,1943.6,1908.6,1942.6,171964,1408
2011/1/12,1953.6,1968,1909.6,1956.2,206573,1408
2011/1/13,1969.6,1977.4,1931,1949.6,201842,1408
2011/1/14,1945.6,1947.4,1891.6,1900,207938,1408
2011/1/17,1892.8,1898.6,1770.2,1774.4,202138,1408
2011/1/18,1774.2,1789.4,1762.8,1776.6,143426,1408
2011/1/19,1780.4,1855.4,1770.6,1847.2,157936,1408
2011/1/20,1868.2,1868.2,1756.2,1759.8,193701,1408
2011/1/21,1753.2,1864.6,1750.6,1793.4,310304,1408
2011/1/24,1808,1821,1756.8,1772.8,245416,1408
2011/1/25,1781.6,1785.4,1737.8,1762.6,225117,1408
2011/1/26,1758,1802.2,1754,1789.8,211212,1408
2011/1/27,1786.2,1852.2,1745.6,1833,264338,1408
2011/1/28,1829,1860,1822.8,1848.4,164248,1408
2011/1/31,1837.6,1894.4,1833.6,1882.4,152443,1408
2011/2/1,1891.4,1900.6,1872.8,1888,104520,1408
2011/2/9,1880.2,1897.6,1835.6,1841,72511,1408
2011/2/10,1842.6,1921.4,1833.6,1907.2,177171,1408
2011/2/11,1912.4,1933.6,1899.8,1919.8,164256,1408
2011/2/14,1924.6,2045.4,1917.8,2031.2,64866,1408
2011/2/15,2062.6,2081.6,2036.6,2044.6,136569,1408
2011/2/16,2040.6,2076.4,2027.6,2075.2,177034,1408
2011/2/17,2079.6,2092.2,2035.6,2064.6,185330,1408
2011/2/18,2064.6,2071.2,2023.6,2034,193928,1408
2011/2/21,2025.6,2091.2,2014.8,2086.8,207321,1408
2011/2/22,2090.6,2097,1977.6,1982,244202,1408
2011/2/23,1976.6,2001.8,1967.6,1977.8,177419,1408
2011/2/24,1977.6,2011.6,1969.8,1995.8,208424,1408
2011/2/25,2004.6,2038.6,1977.6,2017.2,219808,1408
2011/2/28,2016.6,2063.2,1987.8,2057.8,208090,1408
2011/3/1,2063,2084.6,2047.6,2057,176603,1408
2011/3/2,2044.6,2065.4,2015.8,2048,202275,1408
2011/3/3,2052.4,2086.6,2023.8,2026.2,229396,1408
2011/3/4,2034.4,2095.4,2030.8,2091.2,188349,1408
2011/3/7,2092.6,2155.8,2090.4,2144.8,199756,1408
2011/3/8,2140.4,2167.6,2120.6,2166,152733,1408
2011/3/9,2171.6,2174.6,2138.6,2148,180314,1408
2011/3/10,2141.6,2143.4,2084.8,2092.6,182138,1408
2011/3/11,2086.8,2107.4,2038,2052.8,172330,1408
2011/3/14,2061,2077,2038,2061,159236,1408
2011/3/15,2053.8,2058.2,1940,2002.2,217685,1408
2011/3/16,2020.2,2052.2,2007.8,2045.4,80032,1408
2011/3/17,2048,2057,1998.4,2027.6,191484,1408
2011/3/18,2045.2,2066.2,2027.6,2034.8,159810,1408
2011/3/21,2033.6,2090.6,2004.6,2032.6,185625,1408
2011/3/22,2043.8,2050.2,1983.8,2034.2,211735,1408
2011/3/23,2033.6,2087.2,2023.6,2071.8,186721,1408
2011/3/24,2077.6,2081.6,2063.2,2069.6,127958,1408
2011/3/25,2074.2,2127,2071.6,2101,171197,1408
2011/3/28,2111.2,2139.6,2097.6,2099.2,172326,1408
2011/3/29,2094.2,2124.6,2065.4,2076.4,193055,1408
2011/3/30,2082.4,2087.2,2050.6,2066.2,182887,1408
2011/3/31,2068.2,2076.4,2023.6,2046.6,181792,1408
2011/4/1,2046.2,2083.2,2035.4,2079,156137,1408
2011/4/6,2078.4,2123.4,2067.8,2110.6,178965,1408
2011/4/7,2114.8,2130.4,2105.8,2126.4,128424,1408
2011/4/8,2128.2,2169,2119.2,2168.6,159841,1408
2011/4/11,2170.6,2184.6,2139.4,2147.2,137974,1408
2011/4/12,2143.8,2154.4,2113,2128.6,149352,1408
2011/4/13,2121,2180.4,2106.8,2177.4,131950,1408
2011/4/14,2199,2199,2162.6,2166.6,123848,1408
2011/4/15,2168.4,2198.4,2134.4,2175.4,196648,1408
2011/4/18,2170.6,2186.6,2145,2158,171516,1408
2011/4/19,2146,2147.2,2104.8,2114,169120,1408
2011/4/20,2121.4,2130.2,2098.8,2118.6,131575,1408
2011/4/21,2131.2,2148,2115.6,2122.6,143692,1408
2011/4/22,2125.6,2138.4,2100.6,2110.4,132043,1408
2011/4/25,2104.6,2107,2056.6,2063.8,147000,1408
2011/4/26,2058.6,2070,2035.4,2055.4,134902,1408
2011/4/27,2060.8,2065.6,2004.6,2032.8,132562,1408
2011/4/28,2040.6,2054,1988.4,1997.8,201579,1408
2011/4/29,1993.8,2018,1989,1995.8,145652,1408
2011/5/3,2006,2020.4,1977.6,2013,130928,1408
2011/5/4,2008.4,2008.4,1924.2,1931.6,163238,1408
2011/5/5,1922.6,1942,1917.8,1923,127061,1408
2011/5/6,1912.6,1946.6,1893.6,1935.6,168603,1408
2011/5/9,1938.2,1955.8,1917,1939.8,142312,1408
2011/5/10,1934.8,1960.2,1926.8,1952,154453,1408
2011/5/11,1957.6,1967.6,1928.6,1942.4,162088,1408
2011/5/12,1927.2,1944.6,1892.8,1892.8,145812,1408
2011/5/13,1907.4,1939.2,1889.8,1929.6,157456,1408
2011/5/16,1922.6,1937.6,1895.8,1906.4,115773,1408
2011/5/17,1902.6,1937.2,1879.6,1918,89458,1408
2011/5/18,1928.4,1962.4,1925.8,1950.8,131666,1408
2011/5/19,1954.6,1964.4,1930.8,1931.6,131879,1408
2011/5/20,1932.6,1945.2,1926,1928.8,127500,1408
2011/5/23,1921.2,1926,1823.2,1825,165275,1408
2011/5/24,1822.8,1836.2,1817.2,1826.4,124258,1408
2011/5/25,1823.4,1839.8,1793.6,1817.8,159561,1408
2011/5/26,1821.2,1829.4,1786.8,1795.2,157229,1408
2011/5/27,1797.6,1816.4,1781.8,1783.6,198093,1408
2011/5/30,1779.2,1792.4,1762.8,1774.4,155057,1408
2011/5/31,1775.6,1812.2,1764.8,1798.6,155048,1408
2011/6/1,1800.8,1807.4,1792.2,1805,116853,1408
2011/6/2,1783.6,1792,1731.4,1765.6,186120,1408
2011/6/3,1766.6,1801.2,1762,1789.2,147279,1408
2011/6/7,1787,1804.2,1774,1797.6,129804,1408
2011/6/8,1792.6,1818,1758.8,1809.4,166932,1408
2011/6/9,1811.8,1812.2,1753.6,1760.8,171985,1408
2011/6/10,1762.6,1770.6,1734,1750.2,170100,1408
2011/6/13,1742.6,1760.4,1720.6,1757.8,161648,1408
2011/6/14,1754.8,1798.4,1751.2,1786.6,152014,1408
2011/6/15,1788.4,1794.6,1761.8,1763.4,103534,1408
2011/6/16,1753.2,1753.2,1723.6,1723.6,37652,1408
2011/6/17,1734.2,1742.4,1689.8,1690.6,140071,1408
2011/6/20,1690.6,1700.6,1665.8,1686.2,149261,1408
2011/6/21,1692.6,1709.8,1683.6,1704.4,151767,1408
2011/6/22,1710.8,1720.4,1690.4,1700.2,149993,1408
2011/6/23,1693.8,1779.2,1686.8,1764,212256,1408
2011/6/24,1764.6,1864.6,1757.2,1842.4,237657,1408
2011/6/27,1835.6,1859.6,1824.8,1841,180870,1408
2011/6/28,1844.4,1855.2,1821.6,1843.6,175782,1408
2011/6/29,1852.6,1854.4,1811.2,1820.2,182134,1408
2011/6/30,1819.4,1883.6,1816.4,1837.6,204473,1408
2011/7/1,1842.8,1879.6,1837.6,1852.2,193487,1408
2011/7/4,1861.2,1932.6,1861.2,1924.6,72720,1408
2011/7/5,1924.8,1930.6,1912.4,1921.6,126429,1408
2011/7/6,1922.6,1927.6,1893.8,1916.6,152941,1408
2011/7/7,1922.2,1952.6,1900.6,1916.2,214542,1408
2011/7/8,1924.6,1937.4,1901.8,1923.2,197890,1408
2011/7/11,1916.4,1924.4,1893.8,1906.8,159537,1408
2011/7/12,1887.6,1893.4,1856,1857.2,151414,1408
2011/7/13,1865.6,1917.4,1865.6,1910.6,139557,1408
2011/7/14,1910.2,1925.6,1897.6,1916.6,48626,1408
2011/7/15,1924.6,1950.6,1911.6,1941.6,158300,1408
2011/7/18,1951.6,1959.6,1924.4,1925.4,135361,1408
2011/7/19,1921.6,1921.6,1900.8,1919.4,129604,1408
2011/7/20,1932,1933.4,1882.2,1897.8,149582,1408
2011/7/21,1893.6,1916.2,1872.6,1877.4,165943,1408
2011/7/22,1886.6,1899.6,1874.6,1877.6,130681,1408
2011/7/25,1864.6,1865.6,1768.6,1779.8,147344,1408
2011/7/26,1781.2,1788.2,1775.6,1785.8,95538,1408
2011/7/27,1777.6,1807.2,1757.8,1796.8,167471,1408
2011/7/28,1780.8,1795.4,1767.6,1792.8,138644,1408
2011/7/29,1789.4,1807.4,1759.4,1774.2,176889,1408
2011/8/1,1787.6,1799.6,1768.6,1790.4,126197,1408
2011/8/2,1772.6,1773.6,1726.8,1766.6,163985,1408
2011/8/3,1737.6,1775.8,1735,1762.6,151494,1408
2011/8/4,1768.6,1787.4,1758.4,1765.2,118500,1408
2011/8/5,1704.8,1722,1673,1698.8,150080,1408
2011/8/8,1692.6,1699.2,1554.4,1598.8,225170,1408
2011/8/9,1521.6,1624.6,1505.2,1622.8,255517,1408
2011/8/10,1641.2,1652.4,1607.6,1610.4,171607,1408
2011/8/11,1592.6,1683.6,1587.8,1682.2,241459,1408
2011/8/12,1687.6,1690.6,1659.6,1663,156995,1408
2011/8/15,1681.6,1708.8,1663.4,1698.6,131681,1408
2011/8/16,1710,1722,1681.8,1682.6,97530,1408
2011/8/17,1688.2,1718.6,1687.8,1693.2,154412,1408
2011/8/18,1688.6,1697.2,1634.8,1649,165849,1408
2011/8/19,1619.2,1626.8,1589.4,1608.4,182229,1408
2011/8/22,1613.4,1637.6,1567.8,1588.8,204489,1408
2011/8/23,1594.6,1637.6,1584.2,1634.8,211257,1408
2011/8/24,1640.6,1647.4,1597.2,1603,187948,1408
2011/8/25,1615.4,1718.6,1613.8,1715.4,267514,1408
2011/8/26,1708.2,1717,1675.6,1697.2,209822,1408
2011/8/29,1682.2,1682.6,1644.2,1658,207234,1408
2011/8/30,1672.6,1713.2,1631.6,1634.4,240543,1408
2011/8/31,1638.2,1660.2,1628.4,1649.4,216290,1408
2011/9/1,1657.6,1679.4,1620.6,1630.6,235944,1408
2011/9/2,1623.6,1644.6,1593.6,1611,222157,1408
2011/9/5,1595.4,1597.6,1546,1551,184469,1408
2011/9/6,1542.6,1549.8,1514.8,1539.8,199381,1408
2011/9/7,1542.8,1588.2,1530.6,1578.6,224467,1408
2011/9/8,1582.6,1591.4,1558.6,1565,173979,1408
2011/9/9,1578.8,1608.6,1540,1552.6,243189,1408
2011/9/13,1516.4,1530.6,1501.6,1525.4,165873,1408
2011/9/14,1530.6,1545.2,1475.8,1533.2,205074,1408
2011/9/15,1540.8,1558.4,1525.6,1528.4,67646,1408
2011/9/16,1553,1564.4,1532.2,1537.8,189374,1408
2011/9/19,1512.6,1515.4,1470.8,1471.2,149785,1408
2011/9/20,1476.2,1509.2,1470.2,1507.2,197071,1408
2011/9/21,1500.6,1587.8,1478.6,1568,278252,1408
2011/9/22,1542.6,1562.4,1483.2,1487,225960,1408
2011/9/23,1444.2,1497.4,1426.6,1470.8,306868,1408
2011/9/26,1451.6,1488.2,1404.2,1408,271018,1408
2011/9/27,1437.4,1464.6,1420.6,1450.8,251326,1408
2011/9/28,1450.6,1464,1404.8,1421.2,227194,1408
2011/9/29,1402.4,1428.6,1385.2,1409.4,257025,1408
2011/9/30,1411.4,1417.2,1373,1374.4,194766,1408
2011/10/10,1402.6,1406.6,1364.6,1370.6,158979,1408
2011/10/11,1446.6,1452.6,1339.6,1356.2,237122,1408
2011/10/12,1345,1453.2,1336,1437.8,333517,1408
2011/10/13,1444.6,1472.4,1432.8,1457.2,249558,1408
2011/10/14,1462,1471.8,1435.8,1459.2,215399,1408
2011/10/17,1469.4,1492.8,1453,1466,197569,1408
2011/10/18,1442.4,1450.4,1388.8,1396.8,148901,1408
2011/10/19,1406.6,1430.4,1383,1388.6,203958,1408
2011/10/20,1370.6,1372.2,1306.6,1327,228747,1408
2011/10/21,1333.8,1348.6,1317.6,1323.8,229761,1408
2011/10/24,1337.6,1401,1313.8,1379,295585,1408
2011/10/25,1383,1449.2,1367,1424.6,296248,1408
2011/10/26,1430.8,1486.2,1425.2,1465.4,282652,1408
2011/10/27,1471.4,1482.2,1456.6,1478.4,210728,1408
2011/10/28,1500.6,1547.8,1491,1505.6,256011,1408
2011/10/31,1505.6,1513.4,1482,1496.4,177245,1408
2011/11/1,1487.6,1537.2,1479.6,1489.2,262698,1408
2011/11/2,1472.6,1581.6,1458.6,1579.6,291665,1408
2011/11/3,1573.6,1588.6,1543.6,1550,261952,1408
2011/11/4,1582.8,1597.6,1556.2,1575.8,263555,1408
2011/11/7,1562.8,1576.2,1541,1558.2,193648,1408
2011/11/8,1554.6,1571.6,1534.8,1543.6,226254,1408
2011/11/9,1557.8,1570.6,1516.6,1550.6,248857,1408
2011/11/10,1517.6,1536.2,1502.6,1503.6,226598,1408
2011/11/11,1510.2,1527.6,1494.4,1497.2,163246,1408
2011/11/14,1522.6,1568.8,1520.6,1554.8,195176,1408
2011/11/15,1547.8,1559.6,1536.6,1543.2,124836,1408
2011/11/16,1556.2,1560.4,1465.8,1485.4,169425,1408
2011/11/17,1484.6,1498.8,1472,1479,164991,1408
2011/11/18,1463.6,1464.6,1412.2,1420.4,214826,1408
2011/11/21,1418.4,1423.8,1400.4,1416.2,140749,1408
2011/11/22,1404.8,1426.6,1387.8,1413.8,227806,1408
2011/11/23,1418.4,1423.6,1381,1389,215269,1408
2011/11/24,1373.8,1416.4,1370,1400.8,238460,1408
2011/11/25,1394.6,1405.6,1368.4,1375.6,172556,1408
2011/11/28,1390.8,1402.4,1370.8,1387.6,189742,1408
2011/11/29,1397.2,1415.6,1384.2,1404.6,203599,1408
2011/11/30,1405.4,1406.6,1317.8,1330.6,218865,1408
2011/12/1,1390.6,1444.8,1380.6,1385.6,305898,1408
2011/12/2,1380.6,1385.6,1351.6,1367.4,254399,1408
2011/12/5,1362.8,1373.8,1332.2,1338.6,265789,1408
2011/12/6,1330,1339.4,1313.4,1322,203999,1408
2011/12/7,1326,1341.8,1315.8,1339.8,222221,1408
2011/12/8,1333.8,1364.4,1301,1333.6,287505,1408
2011/12/9,1320.6,1334.6,1309.6,1313.4,208587,1408
2011/12/12,1314.6,1316.2,1288.4,1292.8,172458,1408
2011/12/13,1283.2,1288.8,1237.4,1241.4,198441,1408
2011/12/14,1235.8,1244.6,1212.6,1221.6,156695,1408
2011/12/15,1210.4,1210.6,1144,1146.2,111623,1408
2011/12/16,1157.6,1206.8,1153.6,1194,262638,1408
2011/12/19,1180.6,1207.6,1124.8,1205.6,344331,1408
2011/12/20,1194.6,1225.6,1178.2,1182.8,297708,1408
2011/12/21,1202,1218.6,1149.2,1161.2,296250,1408
2011/12/22,1147.4,1181,1109,1160.4,411787,1408
2011/12/23,1160.6,1204.4,1146,1162.8,360047,1408
2011/12/26,1153.8,1185.6,1139.8,1146.6,306802,1408
2011/12/27,1143,1166.8,1121.8,1124.2,305020,1408
2011/12/28,1121.8,1133.6,1095.8,1123.8,312405,1408
2011/12/29,1109.6,1141.8,1108.6,1124.6,268843,1408
2011/12/30,1133.6,1164.6,1130.6,1159.6,266983,1408
2012/1/4,1183.6,1186.4,1107.6,1108.2,226925,1408
2012/1/5,1106,1130,1088.8,1093.6,322378,1408
2012/1/6,1091.6,1103.4,1075.6,1100.2,277087,1408
2012/1/9,1088,1180.8,1079.4,1179.4,392489,1408
2012/1/10,1187.4,1267.4,1174.6,1265.2,377048,1408
2012/1/11,1265.6,1271.4,1239,1248.2,297306,1408
2012/1/12,1245,1277.6,1236,1248.2,323934,1408
2012/1/13,1250.2,1259.6,1190.2,1212.8,333668,1408
2012/1/16,1202.6,1207.4,1150.2,1154.6,286805,1408
2012/1/17,1163.6,1296.6,1142.4,1290,355602,1408
2012/1/18,1307.6,1320.4,1231.4,1244,312558,1408
2012/1/19,1252.6,1318.4,1240.6,1291,469912,1408
2012/1/20,1301,1333.4,1279.6,1318.4,355368,1408
2012/1/30,1316,1319.8,1267.6,1271.8,306141,1408
2012/1/31,1275,1288.2,1259.4,1278.6,306606,1408
2012/2/1,1273.2,1297.4,1231,1242.4,325756,1408
2012/2/2,1247.6,1300,1237,1289.8,397322,1408
2012/2/3,1290.6,1330.2,1276.6,1311.6,346500,1408
2012/2/6,1325,1335.6,1295.2,1307,311996,1408
2012/2/7,1304.6,1306,1245.2,1266.8,327100,1408
2012/2/8,1269.4,1356.6,1259.6,1339,388623,1408
2012/2/9,1332.6,1355.8,1320.6,1335.2,376190,1408
2012/2/10,1333.6,1375,1322.4,1334.8,407415,1408
2012/2/13,1320.4,1367.6,1303.6,1333.6,361959,1408
2012/2/14,1331.6,1340.2,1308.2,1322.2,292593,1408
2012/2/15,1332.8,1382.2,1328.6,1361.2,318552,1408
2012/2/16,1349.6,1367.6,1322.6,1346.6,326007,1408
2012/2/17,1362,1375.8,1334.4,1352.4,368700,1408
2012/2/20,1381.6,1388.6,1352,1355,299808,1408
2012/2/21,1359.6,1372.2,1328.2,1371.4,366212,1408
2012/2/22,1373.6,1408.6,1365.4,1398.4,367881,1408
2012/2/23,1397.6,1417.6,1392.8,1408.6,330608,1408
2012/2/24,1419,1461.2,1401.6,1461,370520,1408
2012/2/27,1467.2,1504.6,1462.8,1471.6,343970,1408
2012/2/28,1473.8,1487.6,1458.4,1470.6,330073,1408
2012/2/29,1462,1475.6,1448.6,1453.4,330380,1408
2012/3/1,1441.6,1464.6,1439.6,1441.6,278974,1408
2012/3/2,1448,1491.2,1448,1487.2,352776,1408
2012/3/5,1489.2,1499.2,1467.8,1471.4,260414,1408
2012/3/6,1467.8,1471.4,1426.6,1435.6,313051,1408
2012/3/7,1417.4,1439.6,1412,1415.6,291731,1408
2012/3/8,1423.4,1455.6,1421.4,1440.4,341684,1408
2012/3/9,1450.6,1470.4,1441.6,1467.6,329139,1408
2012/3/12,1467.8,1470,1443.4,1450.2,260531,1408
2012/3/13,1457.6,1483.8,1453.8,1479.4,277049,1408
2012/3/14,1493.6,1505.4,1400.6,1416.4,190387,1408
2012/3/15,1422.6,1434,1400.8,1403,323390,1408
2012/3/16,1407.8,1435.4,1388.6,1429.6,365726,1408
2012/3/19,1427.6,1437.2,1410.6,1432,282149,1408
2012/3/20,1436.2,1436.4,1397.6,1398.8,321056,1408
2012/3/21,1410.8,1422.6,1382.8,1404.2,360190,1408
2012/3/22,1401.6,1412.2,1383.2,1399,309414,1408
2012/3/23,1392.6,1393.8,1363.4,1373.6,290760,1408
2012/3/26,1370.8,1377.6,1360.8,1371.4,193913,1408
2012/3/27,1382.2,1383.2,1362.6,1367.4,209970,1408
2012/3/28,1361.2,1361.6,1287.2,1295.6,294714,1408
2012/3/29,1284.6,1288.6,1246.6,1266.6,318736,1408
2012/3/30,1269.8,1274.2,1253.2,1256.2,259901,1408
2012/4/5,1242.6,1321.6,1241.4,1314,361987,1408
2012/4/6,1316.4,1328.6,1306.6,1323.2,283250,1408
2012/4/9,1313.6,1327.4,1291.6,1303.6,326355,1408
2012/4/10,1300.6,1325.8,1263.4,1319.6,395486,1408
2012/4/11,1302.6,1347.6,1296.6,1324,411222,1408
2012/4/12,1327.6,1379.6,1319.8,1374.8,371592,1408
2012/4/13,1384.2,1401.4,1371.4,1388.8,311243,1408
2012/4/16,1373.8,1391.4,1362.8,1376.8,269399,1408
2012/4/17,1380.8,1381.6,1348.8,1352.2,243627,1408
2012/4/18,1371,1421.4,1363.6,1410.6,288568,1408
2012/4/19,1411.6,1420.4,1399,1413.2,262237,1408
2012/4/20,1409.4,1444.6,1404.6,1439,333180,1408
2012/4/23,1438.2,1440.8,1414.6,1422,251039,1408
2012/4/24,1417.8,1458.2,1374.2,1408,431519,1408
2012/4/25,1412,1437.2,1405.2,1431.4,367986,1408
2012/4/26,1437.8,1452.2,1423.6,1441.4,305538,1408
2012/4/27,1444.8,1449.6,1434.6,1441.2,248923,1408
2012/5/2,1458.4,1504.8,1452.6,1489.4,296578,1408
2012/5/3,1487.6,1499.8,1486.8,1497.4,199784,1408
2012/5/4,1495.6,1519.8,1481.4,1519.8,322228,1408
2012/5/7,1507.6,1519.4,1501.6,1516.8,245549,1408
2012/5/8,1522.6,1528.6,1489.2,1504.8,348561,1408
2012/5/9,1497.6,1497.6,1462.6,1466.2,289065,1408
2012/5/10,1467.4,1477.4,1460.6,1466,236523,1408
2012/5/11,1462.8,1479,1430.6,1433.8,303477,1408
2012/5/14,1447.2,1453,1384.6,1406.4,321732,1408
2012/5/15,1392.6,1416.8,1388.8,1406.8,179511,1408
2012/5/16,1410.6,1416.2,1366,1371.6,264863,1408
2012/5/17,1385.6,1422.6,1377,1410.2,278374,1408
2012/5/18,1397.2,1399,1358.2,1370.8,319530,1408
2012/5/21,1377.6,1406,1364,1385.6,369565,1408
2012/5/22,1395.6,1414.4,1391,1410.2,308016,1408
2012/5/23,1399.6,1417.6,1377.6,1390.4,352343,1408
2012/5/24,1397.6,1410.6,1367.2,1384.8,370230,1408
2012/5/25,1381.8,1387.6,1360.4,1368,302870,1408
2012/5/28,1366.6,1405.2,1350.6,1401.4,317790,1408
2012/5/29,1399.6,1458.6,1399.2,1447.6,347247,1408
2012/5/30,1437.6,1446.6,1431.4,1435,252462,1408
2012/5/31,1423.8,1446,1414.6,1438.2,305805,1408
2012/6/1,1432.6,1462.4,1417.8,1431.8,385689,1408
2012/6/4,1402.6,1402.6,1347.6,1348,312799,1408
2012/6/5,1358.2,1369,1348.8,1355,281713,1408
2012/6/6,1352.4,1372.2,1342.8,1351.6,359605,1408
2012/6/7,1372.6,1378.2,1323.6,1336.4,314243,1408
2012/6/8,1347.8,1351.4,1313.6,1315.6,401260,1408
2012/6/11,1337.6,1371.2,1323.4,1354.8,342023,1408
2012/6/12,1337,1355.2,1324.2,1343.4,273907,1408
2012/6/13,1336,1371.4,1327.4,1363,292325,1408
2012/6/14,1358.6,1378.6,1345.6,1350,295965,1408
2012/6/15,1358.4,1375.6,1334.4,1363.2,414309,1408
2012/6/18,1381.6,1392.8,1367.6,1375,363196,1408
2012/6/19,1374.8,1375.6,1352.8,1360.6,292607,1408
2012/6/20,1366,1372.4,1350.6,1351.6,305212,1408
2012/6/21,1347.4,1347.8,1295.8,1313.4,341378,1408
2012/6/25,1302.8,1309.4,1261.8,1270.2,271087,1408
2012/6/26,1265.8,1271.6,1251.4,1263.6,317299,1408
2012/6/27,1258.6,1277.6,1252.4,1257.4,290944,1408
2012/6/28,1263.8,1270.6,1238,1242,324209,1408
2012/6/29,1233.8,1274.6,1233.6,1271.6,364747,1408
2012/7/2,1279.6,1280.4,1257.8,1266.6,324752,1408
2012/7/3,1269.2,1301.8,1263.8,1271.6,400439,1408
2012/7/4,1275.6,1288.6,1266,1272.2,399476,1408
2012/7/5,1272.2,1272.4,1234.2,1247.4,377809,1408
2012/7/6,1245.4,1297.6,1231.6,1282.2,475826,1408
2012/7/9,1270.4,1281.4,1227.8,1233.4,361963,1408
2012/7/10,1230,1238.2,1220.8,1225.2,334547,1408
2012/7/11,1217.6,1242.6,1213.6,1231.2,392345,1408
2012/7/12,1229.6,1267.4,1215,1249,528147,1408
2012/7/13,1251.2,1279.6,1248.8,1259.6,417636,1408
2012/7/16,1264.6,1267.4,1216.2,1219.6,347330,1408
2012/7/17,1214.6,1231.6,1212.2,1225,269322,1408
2012/7/18,1221,1232.6,1183.2,1221.8,168683,1408
2012/7/19,1232.4,1266,1225.6,1236.2,442827,1408
2012/7/20,1237.4,1239,1212.6,1221.6,362308,1408
2012/7/23,1204.2,1205.2,1176,1180.8,313452,1408
2012/7/24,1177.4,1209.2,1173.6,1185,372651,1408
2012/7/25,1177.6,1199.6,1171.8,1176.6,351569,1408
2012/7/26,1175,1193.2,1164.2,1167.6,385129,1408
2012/7/27,1173.4,1183.4,1166.2,1174.8,325456,1408
2012/7/30,1175.6,1190.6,1162,1166.4,336922,1408
2012/7/31,1163.6,1179,1163.6,1165.8,273521,1408
2012/8/1,1161,1187.6,1160.6,1172.2,341239,1408
2012/8/2,1172.2,1174.6,1140.2,1153.8,308900,1408
2012/8/3,1157.4,1171.4,1148.2,1170.4,303837,1408
2012/8/6,1163.2,1195.8,1162.8,1187,389607,1408
2012/8/7,1188,1197.4,1187.8,1194.8,243930,1408
2012/8/8,1198.6,1211.6,1191.8,1193.8,279984,1408
2012/8/9,1196.2,1224,1187.8,1220.8,397185,1408
2012/8/10,1222.2,1224.8,1208,1214.2,246736,1408
2012/8/13,1209.8,1211.4,1167.8,1170.4,261209,1408
2012/8/14,1167.4,1173.2,1134.2,1160.2,334001,1408
2012/8/15,1158,1159.2,1138.2,1142.2,175935,1408
2012/8/16,1153.4,1160.2,1144,1148,242421,1408
2012/8/17,1148.2,1149.6,1124.4,1136.6,303042,1408
2012/8/20,1123.4,1131.4,1098.4,1119,299462,1408
2012/8/21,1118.8,1153.2,1116.6,1125.6,418647,1408
2012/8/22,1124.2,1133.8,1105,1112.4,298293,1408
2012/8/23,1115,1134.4,1106.8,1126.2,440746,1408
2012/8/24,1118.8,1119.6,1095.8,1097.6,307985,1408
2012/8/27,1098.4,1099.6,1050.8,1052,317408,1408
2012/8/28,1050.6,1071.6,1045.8,1050.6,331909,1408
2012/8/29,1049.2,1060.2,1032.6,1034.8,370404,1408
2012/8/30,1031.2,1040.8,1011,1024.4,421206,1408
2012/8/31,1017.6,1035.6,1017,1018.6,356770,1408
2012/9/3,1018.2,1047.2,1004.8,1037,441490,1408
2012/9/4,1035.4,1043.2,1008.8,1013.4,325284,1408
2012/9/5,1010.8,1020.4,1001.4,1012.6,359867,1408
2012/9/6,1012.6,1046.4,1008,1043.8,454892,1408
2012/9/7,1050.8,1165.4,1044.6,1143.8,726823,1408
2012/9/10,1142.8,1150.4,1128.8,1140.4,407601,1408
2012/9/11,1134.2,1134.6,1104.8,1126.2,474765,1408
2012/9/12,1131.6,1156.4,1106.8,1133,522774,1408
2012/9/13,1131.2,1139,1098.2,1103.4,518900,1408
2012/9/14,1137.6,1156.6,1106.8,1131.6,593678,1408
2012/9/17,1122.6,1126.4,1067.8,1072,399679,1408
2012/9/18,1064.2,1066,1033.6,1035,270270,1408
2012/9/19,1052,1074.2,1050,1065,369607,1408
2012/9/20,1060.8,1062.4,1008.6,1014,442196,1408
2012/9/21,1010.8,1036.4,1004.2,1019,553935,1408
2012/9/24,1002.6,1045.4,987.8,1024,638028,1408
2012/9/25,1015.6,1039.6,1010.6,1021.2,500095,1408
2012/9/26,1012.8,1031.8,995.2,1002.8,470419,1408
2012/9/27,1000.6,1122.6,1000.4,1059.8,732595,1408
2012/9/28,1052.6,1119,1043.2,1118.2,726322,1408
2012/10/8,1109,1116.2,1064.6,1079.2,449036,1408
2012/10/9,1085.8,1147.6,1083.2,1126.4,687674,1408
2012/10/10,1116,1136.2,1112.8,1124,502021,1408
2012/10/11,1123,1130.6,1108,1122.6,504115,1408
2012/10/12,1120.8,1146.2,1091.2,1109.8,616579,1408
2012/10/15,1102.6,1127.4,1085.6,1105,450914,1408
2012/10/16,1107.6,1125.6,1092.8,1101.4,540958,1408
2012/10/17,1112.2,1121.6,1084.8,1112,478407,1408
2012/10/18,1133.6,1163.4,1127.6,1153.2,503270,1408
2012/10/19,1152.6,1158.4,1145.4,1149.4,308183,1408
2012/10/22,1137.4,1167.6,1130.8,1153.6,419077,1408
2012/10/23,1157.6,1160.4,1125.8,1127,451252,1408
2012/10/24,1120.6,1140.4,1118,1124.6,454605,1408
2012/10/25,1124.6,1137,1106.6,1110,454627,1408
2012/10/26,1108.4,1112,1048,1054.6,511301,1408
2012/10/29,1052.6,1058.4,1036,1046.6,335842,1408
2012/10/30,1047.6,1072.4,1039.6,1048,484871,1408
2012/10/31,1054.6,1063.6,1041,1057.8,484962,1408
2012/11/1,1060,1120.8,1058,1108.8,588816,1408
2012/11/2,1113.8,1118.6,1091.8,1109.8,442903,1408
2012/11/5,1108,1132.6,1095.6,1109.6,500112,1408
2012/11/6,1111.6,1117.2,1063.8,1093.4,557390,1408
2012/11/7,1099.4,1112.6,1081.6,1094.6,592125,1408
2012/11/8,1077.6,1085.4,1046.4,1047.6,531773,1408
2012/11/9,1050.2,1057.2,1038.8,1047.2,397937,1408
2012/11/12,1047.6,1060,1033.6,1051.6,476242,1408
2012/11/13,1052.6,1053.6,1009.8,1017,448451,1408
2012/11/14,1017.8,1026.8,1013,1020,279330,1408
2012/11/15,1024,1034.6,999,1002.8,496173,1408
2012/11/16,1002.4,1003.8,971.2,986.4,504519,1408
2012/11/19,986,987,958.8,978.8,499293,1408
2012/11/20,984.6,991,968.8,983.6,473298,1408
2012/11/21,979.6,1003.6,960.8,995,718404,1408
2012/11/22,992.8,993.6,974.8,990.2,524239,1408
2012/11/23,995.6,1012.2,987.8,997,622046,1408
2012/11/26,999.8,1000.2,976.4,982.8,475868,1408
2012/11/27,979.8,980.2,959.2,960.6,439195,1408
2012/11/28,956.6,956.6,939.6,944.4,388935,1408
2012/11/29,943,952.4,928,928.2,384646,1408
2012/11/30,926.4,950.4,923.6,941,580780,1408
2012/12/3,942.2,958.8,918.2,920,565400,1408
2012/12/4,914.6,942,914.4,934,577421,1408
2012/12/5,936.2,1028.6,934,1018.4,814910,1408
2012/12/6,1020.6,1024.8,1002.8,1007,536211,1408
2012/12/7,1011.2,1061.4,1008.2,1057.4,763753,1408
2012/12/10,1064.6,1079.6,1058.4,1071,634588,1408
2012/12/11,1069.6,1075.2,1059.8,1064,498505,1408
2012/12/12,1066.6,1078.2,1057.6,1071,594351,1408
2012/12/13,1070.6,1071.2,1049.6,1055.2,538086,1408
2012/12/14,1055.6,1178.2,1054,1176.8,823839,1408
2012/12/17,1175.4,1181.6,1164.6,1175.6,436666,1408
2012/12/18,1191.2,1226.6,1163.8,1182.8,600606,1408
2012/12/19,1174.6,1206.6,1174.6,1186.2,601248,1408
2012/12/20,1177.6,1219.8,1165.6,1210.8,703775,1408
2012/12/21,1217.6,1239.2,1182.8,1194.8,835617,1408
2012/12/24,1191.6,1220.2,1190.6,1193.4,677618,1408
2012/12/25,1189,1281.4,1184,1255.6,871318,1408
2012/12/26,1256.2,1268.8,1255.8,1264.4,418392,1408
2012/12/27,1274.6,1299.6,1256.2,1269.2,613278,1408
2012/12/28,1268.4,1304.6,1265.4,1301.6,662844,1408
2012/12/31,1304.2,1346.6,1303.6,1340.6,601829,1408
2013/1/4,1367.6,1370,1305.8,1335.8,572312,1408
2013/1/7,1340.4,1357,1325.8,1335.8,615196,1408
2013/1/8,1339.6,1351.4,1309.2,1333.8,729477,1408
2013/1/9,1334.2,1346.4,1311.6,1328,629921,1408
2013/1/10,1332,1364.8,1315.2,1340.4,724539,1408
2013/1/11,1344.6,1350.4,1284.4,1301.2,784689,1408
2013/1/14,1299.8,1400.8,1292.4,1389.2,744878,1408
2013/1/15,1390.4,1411.2,1385.6,1399,445268,1408
2013/1/16,1400,1405.4,1330.6,1372.6,381661,1408
2013/1/17,1386.4,1395.6,1351.2,1379.4,692567,1408
2013/1/18,1383,1430.6,1367.8,1413,822573,1408
2013/1/21,1416.6,1423.6,1389.6,1410.8,646027,1408
2013/1/22,1413.4,1419.4,1381.8,1405.2,774966,1408
2013/1/23,1406.6,1418.8,1385,1418.2,694347,1408
2013/1/24,1417.4,1476.2,1375.4,1393.2,955841,1408
2013/1/25,1400.6,1403.8,1384.2,1395.4,511247,1408
2013/1/28,1395.6,1463.2,1393,1457,757860,1408
2013/1/29,1458.6,1490,1456.2,1473.6,583643,1408
2013/1/30,1483.6,1503,1463.8,1501.6,608180,1408
2013/1/31,1501.6,1506.2,1479.2,1502.4,613606,1408
2013/2/1,1497.8,1556.4,1477.8,1549,802633,1408
2013/2/4,1553.6,1571,1541.8,1552,573541,1408
2013/2/5,1555.8,1611.8,1554.8,1590.8,207361,1408
2013/2/6,1598.6,1617,1594.4,1605,284877,1408
2013/2/7,1600.6,1611,1559.4,1603,605910,1408
2013/2/8,1603.6,1632.8,1581.4,1586.8,621985,1408
2013/2/18,1594.6,1603.4,1540.6,1555,612964,1408
2013/2/19,1555.8,1559.4,1499.4,1511.8,646104,1408
2013/2/20,1515.8,1520,1498.6,1513,546146,1408
2013/2/21,1499.6,1500.4,1393,1417.8,771496,1408
2013/2/22,1417.8,1428,1395.8,1395.8,450508,1408
2013/2/25,1390.4,1444.6,1386.6,1407.6,724593,1408
2013/2/26,1393.8,1441.4,1362.6,1367.2,822719,1408
2013/2/27,1383.6,1424.6,1374.8,1390.2,875982,1408
2013/2/28,1407.6,1487.6,1400,1481,875442,1408
2013/3/1,1474,1485.6,1425,1469.2,735902,1408
2013/3/4,1454,1455.6,1340,1350.6,854502,1408
2013/3/5,1355.6,1430.6,1352.2,1418.6,911314,1408
2013/3/6,1430.4,1466.6,1423.6,1450.6,841192,1408
2013/3/7,1455.6,1462,1390.8,1418.2,913853,1408
2013/3/8,1425.6,1440.4,1404.6,1414.2,759730,1408
2013/3/11,1418,1421.8,1371.6,1395.2,720874,1408
2013/3/12,1398.6,1426.6,1328.8,1355.4,856038,1408
2013/3/13,1352.6,1358,1312.6,1331.6,617195,1408
2013/3/14,1322.6,1350.4,1307.8,1326.6,250020,1408
2013/3/15,1337.2,1418.4,1306,1336,1064394,1408
2013/3/18,1307.8,1357.6,1303.6,1313.4,786031,1408
2013/3/19,1322.6,1346.6,1299.6,1332.4,808569,1408
2013/3/20,1331.6,1415.8,1328.4,1412.6,1027964,1408
2013/3/21,1423.6,1435.6,1406.6,1419.6,646577,1408
2013/3/22,1415.8,1437.4,1410.2,1428.4,702983,1408
2013/3/25,1432.8,1455.4,1411.6,1425.2,735213,1408
2013/3/26,1419.6,1420,1355.6,1375,813445,1408
2013/3/27,1381.4,1420.4,1364.6,1376.2,854050,1408
2013/3/28,1368.6,1369.4,1295.2,1309.4,733851,1408
2013/3/29,1304,1318,1284.6,1286.4,604019,1408
2013/4/1,1283.8,1314.8,1273.8,1285.8,686779,1408
2013/4/2,1292.6,1331.6,1269.6,1308.4,897398,1408
2013/4/3,1304.8,1317.6,1277,1281.2,779825,1408
2013/4/8,1252.6,1280.6,1237.8,1266.4,657765,1408
2013/4/9,1275.6,1314.2,1273.6,1283.2,823777,1408
2013/4/10,1288.2,1293.8,1266.6,1283.6,659770,1408
2013/4/11,1296.4,1314.6,1268,1275,662650,1408
2013/4/12,1277,1284.6,1256.6,1264.4,578596,1408
2013/4/15,1245.4,1266.4,1225.2,1243.8,611821,1408
2013/4/16,1229,1260.2,1219.8,1252.6,675784,1408
2013/4/17,1259.6,1262.2,1230.8,1256.6,539176,1408
2013/4/18,1235.6,1275,1218.6,1253,62830,1408
2013/4/19,1264.6,1350,1263.6,1337.8,860653,1408
2013/4/22,1329.4,1345.6,1323.6,1334.4,470977,1408
2013/4/23,1337.4,1343.4,1243.4,1251,683054,1408
2013/4/24,1262.2,1317,1246.2,1295.2,815775,1408
2013/4/25,1290.8,1310.4,1253,1263.4,948447,1408
2013/4/26,1272.4,1292.6,1233.2,1242.4,723431,1408
2013/5/2,1228.6,1249.2,1217.6,1242,548723,1408
2013/5/3,1254.2,1323.8,1249.8,1289.2,817425,1408
2013/5/6,1306.4,1330.4,1295,1311.8,704012,1408
2013/5/7,1311.6,1334.2,1297.6,1327.6,664753,1408
2013/5/8,1336.2,1365.6,1328.2,1345.4,705759,1408
2013/5/9,1340.6,1344.6,1304.8,1323.4,645378,1408
2013/5/10,1314.4,1348.2,1310.6,1344,725644,1408
2013/5/13,1335.6,1341.2,1304.6,1310,189022,1408
2013/5/14,1312.6,1318.2,1258.2,1274.8,314353,1408
2013/5/15,1282.6,1290.6,1269.2,1273.6,463073,1408
2013/5/16,1277,1331.6,1255.6,1327.6,863420,1408
2013/5/17,1327.6,1388.2,1321.8,1375.2,756828,1408
2013/5/20,1381.8,1419.6,1377,1396.4,696900,1408
2013/5/21,1396.2,1409.6,1385,1402.2,582493,1408
2013/5/22,1404.6,1419.4,1393.2,1404.6,720708,1408
2013/5/23,1392.2,1416.4,1364.6,1373.4,809119,1408
2013/5/24,1386.4,1407.6,1361.4,1390.6,849492,1408
2013/5/27,1380.6,1404.6,1374.6,1376.2,635012,1408
2013/5/28,1376.2,1437.4,1368.4,1435.8,812248,1408
2013/5/29,1440.6,1458.6,1425.6,1429.8,600387,1408
2013/5/30,1428.2,1439.8,1414.6,1427.6,590059,1408
2013/5/31,1436.2,1442,1390.6,1402.6,662696,1408
2013/6/3,1407,1422.6,1391.6,1399.6,579487,1408
2013/6/4,1399.6,1402.4,1352.8,1365.2,670940,1408
2013/6/5,1367.2,1370,1346.8,1356.4,470589,1408
2013/6/6,1350.6,1361.6,1333,1337.4,579967,1408
2013/6/7,1338.8,1342.2,1269.6,1279,603987,1408
2013/6/13,1262,1262.4,1167.8,1186.2,569989,1408
2013/6/14,1196.6,1211.6,1188.8,1198.2,448656,1408
2013/6/17,1209,1223.6,1188.4,1198.8,513790,1408
2013/6/18,1208.6,1216.8,1167.8,1207.8,525066,1408
2013/6/19,1195,1195.4,1139.2,1180.4,451346,1408
2013/6/20,1167.6,1170.6,1109.4,1119.4,619261,1408
2013/6/21,1093.6,1117.6,1065.8,1099,768198,1408
2013/6/24,1092.8,1094,933.6,935.6,891789,1408
2013/6/25,932.4,950.4,798.6,915.4,1264711,1408
2013/6/26,927.6,953.6,896.2,925,954148,1408
2013/6/27,937.2,982.6,897.6,921.6,1050165,1408
2013/6/28,918.6,1020.4,900.6,971.2,1253068,1408
2013/7/1,960.6,976.4,909.4,966,932091,1408
2013/7/2,972.6,976,935.6,964,889217,1408
2013/7/3,953,965.2,912.2,948.6,936496,1408
2013/7/4,943.2,1005.6,924.8,973.6,1118878,1408
2013/7/5,982.6,1007.6,972.8,976.2,881296,1408
2013/7/8,947.6,967.6,906.6,931.4,872452,1408
2013/7/9,937.6,946.6,925.4,929.8,640361,1408
2013/7/10,919.6,1009.6,914.6,1006.6,1026508,1408
2013/7/11,1017.6,1163.4,1013.6,1123.6,1176960,1408
2013/7/12,1120.6,1128.2,1057.6,1079.6,776084,1408
2013/7/15,1100.2,1144.6,1068.6,1094,934391,1408
2013/7/16,1090.2,1114.4,1063.8,1107.6,833735,1408
2013/7/17,1098,1128.4,1078.2,1085,712757,1408
2013/7/18,1067.8,1071.4,1015.6,1032.2,746212,1408
2013/7/19,1038.8,1047,951.4,957.6,922230,1408
2013/7/22,942.6,984,926.6,970.6,852452,1408
2013/7/23,974.2,1071.8,974.2,1045.6,1123777,1408
2013/7/24,1031.2,1045.4,973.8,1035,980054,1408
2013/7/25,1030.4,1062.4,993.6,1012.4,1113890,1408
2013/7/26,1003.4,1020.8,974.2,994.6,879735,1408
2013/7/29,971.6,972.4,929,966.2,761328,1408
2013/7/30,960.6,1014.6,946.8,970.8,940386,1408
2013/7/31,982.4,1026.6,964.6,967.6,887075,1408
2013/8/1,976.6,1048.6,976.2,1046.8,1118932,1408
2013/8/2,1057.4,1074.2,1031.8,1042.6,859756,1408
2013/8/5,1047.4,1077,1031.4,1068.4,833863,1408
2013/8/6,1064.2,1101.6,1044.4,1081.4,887686,1408
2013/8/7,1075,1112.6,1058.8,1061,970873,1408
2013/8/8,1072.6,1098.6,1057.4,1068,844524,1408
2013/8/9,1074.6,1100.4,1038,1090.8,985805,1408
2013/8/12,1097.2,1161.4,1092,1151,923594,1408
2013/8/13,1162.2,1164.6,1141,1157.2,607564,1408
2013/8/14,1165.6,1197.4,1145.2,1156,583797,1408
2013/8/15,1162.6,1172,1120.6,1132.2,1072540,1408
2013/8/16,1122.4,1210.6,1085.6,1088.8,1220406,1408
2013/8/19,1085.6,1150.6,1078.4,1132,893124,1408
2013/8/20,1127.6,1160.6,1101.4,1111.2,905244,1408
2013/8/21,1123.6,1132.2,1091.4,1116.6,908202,1408
2013/8/22,1102.4,1138.6,1099.6,1111.6,853021,1408
2013/8/23,1125.6,1131.2,1046.2,1081.8,884883,1408
2013/8/26,1102.8,1146.6,1087.8,1142.6,924234,1408
2013/8/27,1142.6,1149.6,1121.2,1141,667709,1408
2013/8/28,1132.4,1150.4,1091.4,1125.4,934856,1408
2013/8/29,1136.2,1146.4,1098.2,1117.4,883943,1408
2013/8/30,1112.8,1130.6,1093,1104.8,909314,1408
2013/9/2,1118.6,1131.8,1094.4,1131.8,810715,1408
2013/9/3,1136.8,1156.6,1123.4,1151.6,845034,1408
2013/9/4,1151.6,1154.6,1142,1145.2,519443,1408
2013/9/5,1151.6,1152.4,1131.8,1144.4,597405,1408
2013/9/6,1136.8,1161.6,1133.2,1157.8,691661,1408
2013/9/9,1165.6,1250.2,1164,1237.4,867771,1408
2013/9/10,1240.2,1278.4,1236,1275.2,638193,1408
2013/9/11,1281.6,1300.2,1270.2,1283.4,681874,1408
2013/9/12,1283.4,1327.6,1273.6,1306,808410,1408
2013/9/13,1301.8,1315.4,1284.6,1299.8,610236,1408
2013/9/16,1308.4,1312,1273.6,1282,600405,1408
2013/9/17,1277.6,1282,1233.8,1243,457781,1408
2013/9/18,1246.4,1250.8,1216.4,1239.8,608732,1408
2013/9/23,1240.6,1286.4,1230.6,1271.4,741907,1408
2013/9/24,1273,1276.6,1223.8,1251,771533,1408
2013/9/25,1252.6,1263.8,1231,1237.4,688034,1408
2013/9/26,1235.6,1236.8,1186,1193.6,779590,1408
2013/9/27,1187.8,1205.6,1183.4,1201,563695,1408
2013/9/30,1198.6,1227.2,1197.6,1212.2,476830,1408
2013/10/8,1203.8,1251.6,1193,1242.6,609153,1408
2013/10/9,1237.6,1260.4,1229.2,1259.6,542702,1408
2013/10/10,1262.6,1264.6,1219.6,1231.6,708396,1408
2013/10/11,1251.6,1276,1238.8,1268.6,814167,1408
2013/10/14,1269,1280.8,1263,1271.4,598659,1408
2013/10/15,1277.6,1281.8,1245.6,1264,564680,1408
2013/10/16,1260.6,1261.6,1212.8,1229,653508,1408
2013/10/17,1238.8,1242.2,1210.8,1213.6,305786,1408
2013/10/18,1208.6,1235.6,1203.8,1217.6,663579,1408
2013/10/21,1223.6,1277.2,1216.6,1269,700800,1408
2013/10/22,1272.6,1274,1236.4,1248.6,609161,1408
2013/10/23,1250.8,1278.2,1211.8,1221.4,840645,1408
2013/10/24,1215.4,1227.4,1198,1208,740692,1408
2013/10/25,1208,1215.2,1149.8,1163.2,812595,1408
2013/10/28,1167,1176.6,1151.2,1166.2,599572,1408
2013/10/29,1169.6,1208.4,1131.4,1170.8,991362,1408
2013/10/30,1177.4,1203.4,1164,1194.4,813558,1408
2013/10/31,1193.6,1193.6,1167.8,1183.6,708038,1408
2013/11/1,1180.8,1201,1168.8,1194,680253,1408
2013/11/4,1195.6,1212.4,1177.2,1186.6,597017,1408
2013/11/5,1185.6,1192.2,1146.4,1184,721087,1408
2013/11/6,1186.4,1187.2,1150.4,1153.4,660725,1408
2013/11/7,1155.6,1161.8,1135.2,1152,697393,1408
2013/11/8,1143.6,1151.4,1110,1113.8,716121,1408
2013/11/11,1115.2,1128.2,1098,1121.8,641007,1408
2013/11/12,1127.4,1148.6,1120,1135.2,667948,1408
2013/11/13,1130.8,1132,1094.4,1097,545424,1408
2013/11/14,1091.6,1107.2,1084.2,1099.2,505154,1408
2013/11/15,1102.8,1184.2,1102.8,1147,896123,1408
2013/11/18,1170.6,1225.2,1159.4,1218.2,919457,1408
2013/11/19,1221,1223.6,1205.8,1217.8,568402,1408
2013/11/20,1220.6,1244.4,1207,1232.8,717558,1408
2013/11/21,1226.4,1227.4,1188.8,1217.2,746656,1408
2013/11/22,1227.6,1236.2,1199.4,1209.8,740244,1408
2013/11/25,1202.6,1228.8,1183.8,1192.8,737849,1408
2013/11/26,1190.6,1207.6,1185,1193.6,666446,1408
2013/11/27,1187.8,1238.8,1185.6,1225,816268,1408
2013/11/28,1228.6,1279.6,1227.6,1251.2,837429,1408
2013/11/29,1254.6,1261.6,1246,1259.6,512085,1408
2013/12/2,1242.6,1280.4,1214.2,1236,925918,1408
2013/12/3,1230.4,1266.4,1225.8,1254.2,683700,1408
2013/12/4,1251.4,1303.4,1249,1284.8,844487,1408
2013/12/5,1288.2,1291.8,1274.8,1286.4,548688,1408
2013/12/6,1284.8,1285.4,1259.8,1269.6,595838,1408
2013/12/9,1279.4,1291.6,1261.4,1264,537358,1408
2013/12/10,1264.8,1281.6,1259.6,1264.6,611202,1408
2013/12/11,1261.4,1261.6,1210,1223.6,587955,1408
2013/12/12,1222.6,1232.4,1215,1215.2,474825,1408
2013/12/13,1203.8,1231.2,1188.2,1216.8,629182,1408
2013/12/16,1213.2,1228.6,1166.8,1168.2,595506,1408
2013/12/17,1178.4,1178.6,1157.8,1160.4,468499,1408
2013/12/18,1157.6,1174.4,1157.6,1170.8,368545,1408
2013/12/19,1177.8,1180.6,1140,1143.6,216332,1408
2013/12/20,1152.6,1160.6,1097,1103.2,760708,1408
2013/12/23,1106.6,1116.6,1076.2,1108.6,673567,1408
2013/12/24,1111.2,1137.4,1084.4,1108,765118,1408
2013/12/25,1112.6,1130.4,1102,1121.6,722850,1408
2013/12/26,1122.6,1126.8,1081.6,1096.6,679652,1408
2013/12/27,1097.6,1148.6,1090.6,1129.4,880934,1408
2013/12/30,1144,1146.6,1117.8,1126.8,566897,1408
2013/12/31,1122.2,1158.2,1107.6,1147.6,815761,1408
2014/1/2,1142.6,1147.4,1127.6,1134.4,521979,1408
2014/1/3,1118.6,1130.4,1088.6,1105,598927,1408
2014/1/6,1096.6,1099.6,1033.4,1043.4,640223,1408
2014/1/7,1036.6,1055.6,1019,1041,626018,1408
2014/1/8,1046.2,1071.8,1031.6,1043.8,724309,1408
2014/1/9,1042.6,1067.6,1023,1026.2,715698,1408
2014/1/10,1026.6,1034,1009.2,1020.6,686705,1408
2014/1/13,1026.4,1031.4,992.8,1007,623400,1408
2014/1/14,999.6,1027.4,988.8,1020.2,666190,1408
2014/1/15,1022.8,1024.4,998.6,1014.2,515463,1408
2014/1/16,1020.2,1035.2,1006,1013.8,497659,1408
2014/1/17,1012.6,1021.2,990,1001.8,633560,1408
2014/1/20,1002.2,1002.6,975.4,987.2,570355,1408
2014/1/21,986.6,1019.8,985,1009,648824,1408
2014/1/22,1008.6,1059,1007.8,1057.2,734205,1408
2014/1/23,1057.6,1058.6,1038.6,1046.8,520148,1408
2014/1/24,1039.2,1074,1032.8,1054.4,707263,1408
2014/1/27,1037.6,1044.6,1018.8,1029.6,528237,1408
2014/1/28,1028.4,1050.6,1020.2,1033.4,569614,1408
2014/1/29,1040.6,1049.6,1034.6,1042.6,466626,1408
2014/1/30,1035.6,1039.2,998.8,1001.8,429342,1408
2014/2/7,997.6,1019,980.8,1017.2,458473,1408
2014/2/10,1024.2,1072.6,1023.8,1063,586644,1408
2014/2/11,1064.6,1091.8,1061,1080,599468,1408
2014/2/12,1087.6,1093.2,1077.8,1086.6,476456,1408
2014/2/13,1086.6,1093.6,1073.8,1076,495048,1408
2014/2/14,1079.2,1093,1075.8,1091,459567,1408
2014/2/17,1099.6,1122.6,1095.2,1108,489404,1408
2014/2/18,1117.2,1117.4,1080.6,1087.6,247922,1408
2014/2/19,1086.8,1120.2,1082.4,1111.4,515962,1408
2014/2/20,1112.8,1133.2,1083,1085.4,642851,1408
2014/2/21,1089,1094,1058.8,1068.8,556410,1408
2014/2/24,1060,1060.6,988.6,1008.8,642284,1408
2014/2/25,1017.6,1021.2,946.6,948.2,697334,1408
2014/2/26,943.2,960.4,934.4,951.6,676056,1408
2014/2/27,956.6,972.2,943,950.8,775386,1408
2014/2/28,957.6,979.4,922.2,976.6,842004,1408
2014/3/3,968.2,988.4,954.2,966.4,686707,1408
2014/3/4,963,974.8,943,972.4,738918,1408
2014/3/5,980.2,985.4,948,952.2,682315,1408
2014/3/6,945.6,976.4,919.8,970,919590,1408
2014/3/7,968.4,980.2,943.6,943.8,731009,1408
2014/3/10,923.8,931.4,862.6,865.4,708496,1408
2014/3/11,869.6,906.4,863.6,891.2,791116,1408
2014/3/12,876.4,901.2,866.2,888.4,837039,1408
2014/3/13,894.4,924.2,890.4,908,794082,1408
2014/3/14,900.4,909.2,888.4,902.6,576308,1408
2014/3/17,897.6,963,897.6,940,637263,1408
2014/3/18,944.6,946.6,915.6,917,501937,1408
2014/3/19,920.6,926.4,891.4,925.8,529158,1408
2014/3/20,906,927.6,849.2,858,684678,1408
2014/3/21,857.4,971,850.8,956.4,1023570,1408
2014/3/24,953.6,966,934.8,953.4,694899,1408
2014/3/25,957.6,979.2,944.8,955.2,712445,1408
2014/3/26,964.4,968.6,946.2,955.6,625918,1408
2014/3/27,949.4,983.6,927.2,937.4,901952,1408
2014/3/28,944.8,968.4,940.2,947.6,830598,1408
2014/3/31,952.6,970.6,930.8,946,678008,1408
2014/4/1,951,978.6,941.6,961,741374,1408
2014/4/2,963.2,980.6,960,977.6,673003,1408
2014/4/3,982.8,997.6,960.4,962.2,689044,1408
2014/4/4,959.2,992.6,953.4,990.6,693640,1408
2014/4/8,982.4,1052.4,980.8,1049.8,826752,1408
2014/4/9,1052.4,1061.2,1038.4,1038.8,554425,1408
2014/4/10,1046.6,1100.4,1035.8,1087.6,855974,1408
2014/4/11,1080.6,1087.4,1064.2,1074.6,633463,1408
2014/4/14,1074.6,1085,1063.2,1075,517711,1408
2014/4/15,1078.6,1081.2,1028.6,1039.4,627712,1408
2014/4/16,1036.2,1054.6,1025,1035.6,632172,1408
2014/4/17,1045.6,1049.2,1026,1031.6,301671,1408
2014/4/18,1017.6,1037.8,995,1028.4,717142,1408
2014/4/21,1015.6,1041.4,977,982.4,729098,1408
2014/4/22,976.8,1000.6,966,991.2,718852,1408
2014/4/23,994,999.4,978,987.6,619348,1408
2014/4/24,988.6,1007.6,976.2,985.8,680630,1408
2014/4/25,986.8,998.6,968.2,975,744456,1408
2014/4/28,961.2,976.6,941.8,946.2,625383,1408
2014/4/29,945.4,971.4,943.2,963.4,552707,1408
2014/4/30,959.6,964.4,948.6,949.6,419327,1408
2014/5/5,952.4,969.6,925.6,959.2,638183,1408
2014/5/6,959.6,980.2,944.6,947.4,632839,1408
2014/5/7,944.6,954.4,936.2,938.6,573466,1408
2014/5/8,937.6,976.6,934.4,940,772847,1408
2014/5/9,937.6,947,926,940.6,668492,1408
2014/5/12,957.6,988.6,942.8,981.4,758308,1408
2014/5/13,982.6,983.2,964.6,969.2,458026,1408
2014/5/14,961.8,973.6,952.6,958.4,226790,1408
2014/5/15,956.2,960,934.8,939.2,430906,1408
2014/5/16,934.6,946.6,926.6,933,583388,1408
2014/5/19,928.8,933.2,891.6,902.2,659420,1408
2014/5/20,919.6,922.6,899,902,547236,1408
2014/5/21,898.6,930.6,884.6,921.8,780967,1408
2014/5/22,927.4,957.6,915.8,916.8,791189,1408
2014/5/23,918.4,946.2,918.2,945.8,722236,1408
2014/5/26,950,966.4,938.2,950.8,597112,1408
2014/5/27,951.8,957.4,940.2,944.8,580418,1408
2014/5/28,944.6,977,925.6,976.4,821515,1408
2014/5/29,978,981.2,951.8,956,562944,1408
2014/5/30,955.4,968.4,945.2,950.4,651611,1408
2014/6/3,960.6,965,940.8,941.8,512440,1408
2014/6/4,941.8,945.2,914.8,927.8,560374,1408
2014/6/5,927.6,958,923.2,952.2,620330,1408
2014/6/6,955.2,956.2,915.4,928.2,703915,1408
2014/6/9,928.6,956.4,918,930.8,792366,1408
2014/6/10,932.6,962.4,928,960.2,857837,1408
2014/6/11,959.2,960,946.8,953.8,590002,1408
2014/6/12,951.2,961.2,947.8,953,491061,1408
2014/6/13,950.6,989.6,930.8,979.8,798035,1408
2014/6/16,983.6,1002.6,976.2,989.2,538040,1408
2014/6/17,990.8,991,973.2,975.6,422578,1408
2014/6/18,969.6,979,960.4,962.2,227203,1408
2014/6/19,964.8,967.6,920.2,933.2,526320,1408
2014/6/20,933.8,942.4,926.2,935.4,543607,1408
2014/6/23,937.8,951.4,924.6,925.8,585486,1408
2014/6/24,922.6,942.2,922.6,934.8,566466,1408
2014/6/25,933.4,936.4,917.6,928.6,545547,1408
2014/6/26,930.6,949.2,930.4,938.2,619285,1408
2014/6/27,938.4,958.2,930.6,945,581199,1408
2014/6/30,946.6,968.6,946.4,956.8,594740,1408
2014/7/1,960.4,972.6,948.4,958.8,517229,1408
2014/7/2,960.6,967.8,945.6,965.8,616513,1408
2014/7/3,969,982,960.2,970,645564,1408
2014/7/4,973,975.6,963.4,969.2,463522,1408
2014/7/7,969.6,977,960.6,965.8,475802,1408
2014/7/8,965.6,971.4,953.6,969.6,532650,1408
2014/7/9,968.2,970.4,934.2,934.8,561916,1408
2014/7/10,936.4,943.6,931.6,935.8,379760,1408
2014/7/11,934.2,953.6,934.2,940.6,547920,1408
2014/7/14,943.6,968.6,941,965,528418,1408
2014/7/15,967.6,971.6,960.6,965.6,416981,1408
2014/7/16,966.6,977.4,964.2,966,435423,1408
2014/7/17,965.6,967.6,946,958.4,264433,1408
2014/7/18,948.6,975.4,947.8,961.4,605189,1408
2014/7/21,962.8,968.4,953,960,442089,1408
2014/7/22,959.6,999.2,953.6,989,665843,1408
2014/7/23,991,1010,984.6,993.2,608231,1408
2014/7/24,993.4,1045.4,992.6,1043,862759,1408
2014/7/25,1046.4,1082.2,1041.4,1077.2,603892,1408
2014/7/28,1078.6,1160.2,1077.6,1139,891896,1408
2014/7/29,1143,1162.2,1131.8,1138,687886,1408
2014/7/30,1101.2,1116.6,1093.2,1097,713562,1408
2014/7/31,1098.2,1139.4,1091.2,1139,775762,1408
2014/8/1,1133.2,1160,1101.4,1110.8,929869,1408
2014/8/4,1111.4,1160.6,1111.4,1154.6,901824,1408
2014/8/5,1156.4,1162.4,1128.8,1136.2,830224,1408
2014/8/6,1131.8,1145.4,1105.6,1130.2,865135,1408
2014/8/7,1134.6,1144.4,1099,1102.6,848414,1408
2014/8/8,1102.6,1118,1094.2,1106.8,697998,1408
2014/8/11,1114.2,1144.6,1110.2,1128.2,728559,1408
2014/8/12,1130.2,1135,1113.2,1134,593424,1408
2014/8/13,1135.2,1141.6,1103.4,1127,554012,1408
2014/8/14,1133.2,1140,1102.6,1107.2,656909,1409
2014/8/15,1112.6,1147.6,1107.6,1140,805638,1409
2014/8/18,1140,1156,1129.4,1138.2,701287,1409
2014/8/19,1141.8,1146.2,1119,1136.4,698616,1409
2014/8/20,1136,1140.6,1123,1126.4,666923,1409
2014/8/21,1129,1131.4,1098.2,1116.8,685140,1409
2014/8/22,1118.2,1136.4,1113.6,1134.2,691779,1409
2014/8/25,1135.6,1139.2,1103.8,1110,676285,1409
2014/8/26,1109.8,1117.6,1089.8,1099.6,722864,1409
2014/8/27,1100.6,1109.6,1095.4,1098,517339,1409
2014/8/28,1098.6,1105.8,1083.6,1092.6,631839,1409
2014/8/29,1089.8,1114.8,1089.6,1113.6,585425,1409
2014/9/1,1115,1121,1103.8,1111.6,553454,1409
2014/9/2,1114,1157.6,1109.4,1151.4,801993,1409
2014/9/3,1155.6,1186.8,1153,1173.6,814246,1409
2014/9/4,1175.8,1208,1173.2,1207.6,771774,1409
2014/9/5,1212,1237.4,1205.2,1232.2,862928,1409
2014/9/9,1233,1235,1211,1219.6,605014,1409
2014/9/10,1213,1215.2,1189.4,1203.4,663006,1409
2014/9/11,1203.2,1240.6,1179.6,1180,1044577,1409
2014/9/12,1181,1207.8,1177.8,1201.2,779624,1409
2014/9/15,1192,1204,1183,1195,649235,1409
2014/9/16,1196.6,1214,1148.2,1156.2,892304,1409
2014/9/17,1166.6,1170.8,1148.6,1164,530455,1409
2014/9/18,1164,1181.6,1155.2,1171,655674,1410
2014/9/19,1174.2,1203.8,1168.2,1198.4,837992,1410
2014/9/22,1195.2,1195.6,1132.6,1146.2,813739,1410
2014/9/23,1144.6,1173.8,1144,1160.8,752765,1410
2014/9/24,1159.8,1226.8,1150,1225.4,1032475,1410
2014/9/25,1233,1252.8,1202,1211.6,974558,1410
2014/9/26,1203.6,1221.6,1192.2,1207.8,833638,1410
2014/9/29,1207,1219.4,1197.2,1212.2,610894,1410
2014/9/30,1217.2,1223.8,1202.2,1210.2,563308,1410
2014/10/8,1225,1243,1203.8,1240.6,684472,1410
2014/10/9,1244,1251.8,1224.2,1232,643682,1410
2014/10/10,1225.2,1240,1214,1226.8,714532,1410
2014/10/13,1222.2,1224,1182,1211.4,718714,1410
2014/10/14,1206.6,1219.4,1180.2,1195.6,719856,1410
2014/10/15,1197,1222.8,1182.4,1212,762348,1410
2014/10/16,1202,1234.2,1194,1202.6,706187,1411
2014/10/17,1204.6,1213.8,1177.2,1196.2,867840,1411
2014/10/20,1206.6,1211.4,1194,1205.6,641808,1411
2014/10/21,1205.4,1215.6,1188,1191.2,747899,1411
2014/10/22,1194.6,1205,1178,1180.4,705278,1411
2014/10/23,1178.4,1188.4,1154.4,1157.4,814216,1411
2014/10/24,1159.8,1165.4,1147.8,1148.4,616341,1411
2014/10/27,1142.8,1143.6,1120,1132.8,706590,1411
2014/10/28,1134.8,1180.2,1134.8,1177.6,737404,1411
2014/10/29,1181.2,1223.4,1175.6,1209.4,872767,1411
2014/10/30,1211.8,1225.4,1204,1221.4,843691,1411
2014/10/31,1225.8,1276.8,1222.8,1275,1110664,1411
2014/11/3,1276.6,1281.4,1260,1263,675518,1411
2014/11/4,1262,1269.8,1256.6,1262.8,632316,1411
2014/11/5,1264,1276.4,1252,1267,746368,1411
2014/11/6,1269.8,1272.8,1240.4,1269,829996,1411
2014/11/7,1271.8,1301.6,1238.4,1248.2,1180315,1411
2014/11/10,1272.4,1320.6,1260,1316.6,1079730,1411
2014/11/11,1318.6,1343.4,1283.8,1301.2,1328659,1411
2014/11/12,1302.8,1342.6,1295.4,1336,968069,1411
2014/11/13,1335.8,1340.6,1312.8,1322.6,1018479,1411
2014/11/14,1320.6,1330,1300.6,1330,868800,1411
2014/11/17,1353,1365.2,1311.4,1318.8,998777,1411
2014/11/18,1320.8,1322.2,1287.4,1296.8,675994,1411
2014/11/19,1293.6,1302.8,1283,1285.4,392169,1411
2014/11/20,1281.6,1300,1272.4,1299.4,747887,1412
2014/11/21,1298.2,1350.8,1284.6,1349,1073295,1412
2014/11/24,1367.2,1443.6,1362.8,1420.6,1312102,1412
2014/11/25,1426.2,1473.6,1416.2,1470.6,1024900,1412
2014/11/26,1470.8,1496.8,1459.6,1491.8,1244011,1412
2014/11/27,1493.6,1513.6,1474.2,1501,1123763,1412
2014/11/28,1500.2,1572.2,1488,1572.2,1230047,1412
2014/12/1,1566.2,1589.4,1543.2,1555.4,1141574,1412
2014/12/2,1553.6,1734.2,1551.8,1682.2,1843418,1412
2014/12/3,1692.2,1808.2,1688.2,1742.4,2127834,1412
2014/12/4,1748.4,1944.8,1748.2,1942,1966443,1412
2014/12/5,1956.2,2005.4,1853.2,1929.2,2183892,1412
2014/12/8,1919.2,2097.6,1880.2,2073.4,1833507,1412
2014/12/9,2054.6,2217.2,1751.2,1889.2,2555554,1412
2014/12/10,1906,2051.6,1870.2,1975.8,2140875,1412
2014/12/11,1955.2,2026,1918.4,1954,1702846,1412
2014/12/12,1960,2044.2,1936.4,1962,1441658,1412
2014/12/15,1945,2024,1917.4,1990.2,1084793,1412
2014/12/16,1982.4,2079,1981.2,2069,1287895,1412
2014/12/17,2085.2,2168.2,2060.4,2167.8,1191913,1501
2014/12/18,2186.2,2222.2,2135.4,2177.8,1441628,1501
2014/12/19,2189.2,2209,2067.4,2190.2,1549063,1501
2014/12/22,2193.2,2199.6,2083.2,2086.6,1631397,1501
2014/12/23,2092.2,2151.8,1998.8,2000.2,1596976,1501
2014/12/24,1995.2,2034.8,1882.8,1946.2,1772554,1501
2014/12/25,1962.2,2070.6,1942,2068.2,1751079,1501
2014/12/26,2067.6,2205.6,2041,2170.2,1808425,1501
2014/12/29,2207.6,2281,2098,2161.8,1704383,1501
2014/12/30,2162.2,2218.2,2128.2,2169.8,1824842,1501
2014/12/31,2175.2,2283.6,2164.2,2280.4,1354714,1501
2015/1/5,2306.2,2456,2272.4,2358.6,1303810,1501
2015/1/6,2351.2,2395,2297.2,2344,1522728,1501
2015/1/7,2343,2371.4,2302.6,2350.4,1294935,1501
2015/1/8,2363.8,2366.8,2240.2,2249.2,1565105,1501
2015/1/9,2257.2,2405.2,2198.2,2215.2,1713171,1501
2015/1/12,2254.2,2262.2,2150.8,2224.8,1268691,1501
2015/1/13,2223,2256,2188.4,2216.8,1104965,1501
2015/1/14,2223.2,2250.6,2158.8,2191.4,1026731,1501
2015/1/15,2196.2,2314.8,2170.2,2312.2,748861,1501
2015/1/16,2287.2,2309.6,2262.2,2300,630249,1502
2015/1/19,2120.2,2120.2,1916.6,1916.6,1063324,1502
2015/1/20,1903.4,2049.2,1900.4,1994.8,1734080,1502
2015/1/21,2005.4,2182.2,2005.4,2146.4,1459796,1502
2015/1/22,2155.4,2195.4,2124.6,2161.6,1192074,1502
2015/1/23,2180,2249.4,2152,2197.4,1448937,1502
2015/1/26,2205.4,2235.6,2171.8,2227.2,1064911,1502
2015/1/27,2239.8,2243.4,2108.6,2175,1322288,1502
2015/1/28,2167.6,2204,2111.4,2124,1367393,1502
2015/1/29,2078.4,2117,2051.2,2094,1232704,1502
2015/1/30,2106.8,2133.2,2020.4,2029.6,1374952,1502
2015/2/2,1957.4,2027.4,1953.4,1997.4,1094811,1502
2015/2/3,2000.4,2067.6,1981,2055.8,1224371,1502
2015/2/4,2072.4,2109,1983.4,1992.4,1228877,1502
2015/2/5,2100.2,2137.4,1946,1955.6,1513768,1502
2015/2/6,1961.8,1990.8,1887.6,1945,1318691,1502
2015/2/9,1929.6,2000.6,1916,1976.6,1240607,1502
2015/2/10,1976,2040.8,1954.4,2037.8,1263639,1502
2015/2/11,2044,2070,2033.4,2047.4,1011176,1502
2015/2/12,2050,2070.4,2019.4,2056.2,817005,1502
2015/2/13,2063.2,2131.6,2058,2066.4,870585,1502
2015/2/16,2068.4,2110.2,2061.2,2105,523184,1503
2015/2/17,2106.8,2143.6,2102.4,2118.2,665971,1503
2015/2/24,2118.2,2118.2,2118.2,2118.2,0,1503
2015/2/25,2124.2,2129,2029.2,2048,847148,1503
2015/2/26,2048.2,2177,2033.8,2172.8,1058250,1503
2015/2/27,2175,2184.2,2132.2,2147.4,960924,1503
2015/3/2,2190.2,2196.2,2138.2,2166.4,1150857,1503
2015/3/3,2160.8,2161.2,2067.8,2099.8,1131315,1503
2015/3/4,2092.6,2123,2063,2093.4,1180790,1503
2015/3/5,2090.2,2093.8,2033.4,2066.8,1189131,1503
2015/3/6,2068.8,2089.4,2040.8,2050.4,1017878,1503
2015/3/9,2031.4,2135.2,1980.6,2124.6,1210246,1503
2015/3/10,2131.4,2132,2081.4,2088,1061772,1503
2015/3/11,2078.2,2158.8,2072.2,2102.4,1232780,1503
2015/3/12,2119,2189.6,2115.2,2152.2,1320085,1503
2015/3/13,2170.2,2212,2157.6,2183,1167051,1503
2015/3/16,2178.2,2278.2,2177.6,2274,1066131,1503
2015/3/17,2285.2,2327,2279.6,2325.2,1099739,1503
2015/3/18,2329,2421,2321,2373.2,976338,1503
2015/3/19,2382.4,2390.4,2352,2369.2,817324,1504
2015/3/20,2384.2,2447.4,2356.6,2433.4,1504327,1504
2015/3/23,2464.4,2517.4,2459.6,2508.6,1304328,1504
2015/3/24,2516.4,2522.6,2435.4,2478,1386556,1504
2015/3/25,2481.2,2501.8,2429.8,2466.2,1284394,1504
2015/3/26,2455.6,2508.2,2405.6,2448.4,1604325,1504
2015/3/27,2449.8,2506.2,2438.4,2500,1296462,1504
2015/3/30,2507,2661.2,2506.2,2655,1275334,1504
2015/3/31,2689.4,2713.4,2515.4,2550.2,1596233,1504
2015/4/1,2557.4,2686.4,2556.4,2637.2,1561038,1504
2015/4/2,2668.2,2689.4,2565.8,2620.6,1532615,1504
2015/4/3,2614,2729.2,2596.4,2720.4,1613984,1504
2015/4/7,2750.4,2769.6,2696.2,2754.2,1236705,1504
2015/4/8,2759.6,2801.2,2707.4,2762,1529251,1504
2015/4/9,2764.4,2793.4,2695.4,2740.6,1586649,1504
2015/4/10,2744.6,2897,2730.4,2891.4,1466382,1504
2015/4/13,2914.2,2958,2875.6,2935.4,1229737,1504
2015/4/14,2928.6,2994,2892,2931,1406142,1504
2015/4/15,2936,2983.6,2882.4,2896.8,1427566,1504
2015/4/16,2904,3054.6,2885.8,3035.6,778193,1504
2015/4/17,3038.4,3134.6,3026.6,3074,1388871,1505
2015/4/20,3058,3152.6,2957,2986,1628754,1505
2015/4/21,3019.6,3100.2,2997.6,3088.4,1428010,1505
2015/4/22,3100.6,3233.6,3100.6,3230.6,1260977,1505
2015/4/23,3232,3257.4,3160.8,3185.6,1447784,1505
2015/4/24,3161.8,3202.6,3081.6,3191.6,1411169,1505
2015/4/27,3211.6,3294.2,3206.6,3273.6,1326364,1505
2015/4/28,3260.8,3280.6,3129.6,3190.6,1438546,1505
2015/4/29,3171.4,3275.8,3170,3240.6,1203575,1505
2015/4/30,3247.4,3296.4,3203.2,3237.4,1208777,1505
2015/5/4,3259.6,3275.8,3182.4,3227.2,1014409,1505
2015/5/5,3238.2,3241.2,3035.6,3087.6,1259363,1505
2015/5/6,3097.6,3181.6,3001.6,3051.6,1465118,1505
2015/5/7,3044.6,3059,2965.2,2972.8,1413924,1505
2015/5/8,2994.6,3042.6,2920.8,3011,1452579,1505
2015/5/11,3036.6,3142.4,3000,3127.6,1262672,1505
2015/5/12,3130,3194.2,3104.6,3173.6,1162418,1505
2015/5/13,3172.4,3202.6,3123.4,3143.8,950409,1505
2015/5/14,3145.8,3178,3119.8,3147.4,944997,1506
2015/5/15,3159,3161.2,2998.8,3046.4,1511232,1506
2015/5/18,3067.2,3083.2,3015.2,3020.2,1232678,1506
2015/5/19,3031.2,3263.8,3026.4,3257.4,1505638,1506
2015/5/20,3263.4,3390.4,3222.4,3258.4,1542579,1506
2015/5/21,3268.4,3388.2,3262,3375.2,1518782,1506
2015/5/22,3391.4,3510.6,3376.4,3506.2,1505153,1506
2015/5/25,3476.6,3673.4,3468.4,3639.8,1300551,1506
2015/5/26,3653.6,3770.8,3633.4,3757.6,1542497,1506
2015/5/27,3787.4,3853.4,3688.8,3773.4,1579474,1506
2015/5/28,3792.4,3811.4,3334.6,3426.6,1835645,1506
2015/5/29,3453,3508.4,3283.6,3380.4,1867516,1506
2015/6/1,3390.4,3743.4,3366,3732.4,1476757,1506
2015/6/2,3735,3814.8,3608.4,3747.6,1674093,1506
2015/6/3,3764.8,3790.4,3615.6,3666,1852000,1506
2015/6/4,3673.4,3758,3171.2,3733.8,1986125,1506
2015/6/5,3740.4,3806.4,3563.4,3713.8,1886262,1506
2015/6/8,3713.4,3883.4,3633.2,3818.8,1644696,1506
2015/6/9,3826.4,3848.4,3669.4,3733.8,1664665,1506
2015/6/10,3683.4,3877.8,3668.2,3736.2,1636320,1506
2015/6/11,3765.4,3815.6,3705,3783,1419761,1506
2015/6/12,3788.4,3861.2,3746.4,3845,1355496,1506
2015/6/15,3833.2,3870.4,3636.6,3683.2,1459257,1506
2015/6/16,3673.4,3681.2,3484.6,3552.6,1610772,1506
2015/6/17,3575.4,3647.2,3444.6,3597.2,1433491,1506
2015/6/18,3596.4,3614.4,3407.4,3427.4,1072676,1507
2015/6/19,3421.4,3432.4,3001.4,3085.4,1924424,1507
2015/6/23,3084.4,3299.4,2948.4,3218.2,2044492,1507
2015/6/24,3237.4,3358,3190.6,3345.6,1799960,1507
2015/6/25,3361.4,3396,3057.4,3074.6,2058502,1507
2015/6/26,3072.4,3107.4,2699.8,2699.8,2155731,1507
2015/6/29,2822.6,2896.2,2308.4,2501.6,2882235,1507
2015/6/30,2555.2,2936,2464.6,2868.8,2308094,1507
2015/7/1,2875.4,2970.4,2499.4,2546.4,2255951,1507
2015/7/2,2657.6,2803.8,2420.4,2617.4,2594682,1507
2015/7/3,2611,2692.4,2274.6,2522.6,1847746,1507
2015/7/6,2787.2,2835,2298.4,2528,2000696,1507
2015/7/7,2509.2,2511.8,2137.4,2184.2,1518689,1507
2015/7/8,2076.4,2237.4,1950.8,1950.8,414476,1507
2015/7/9,1850.4,2297.4,1850.4,2297.4,618869,1507
2015/7/10,2305.4,2678.4,2268.2,2654,1128332,1507
2015/7/13,2607.4,2757.2,2558.6,2572.8,1679624,1507
2015/7/14,2587.4,2622.4,2416.2,2489,1649752,1507
2015/7/15,2503.2,2509.6,2273.8,2345.8,1642710,1507
2015/7/16,2327.4,2624.2,2211.8,2508.2,1291414,1508
2015/7/17,2539.2,2831.2,2514.8,2739.6,1980419,1508
2015/7/20,2751.4,2765.8,2514.8,2599.2,1915253,1508
2015/7/21,2589.2,2698.8,2516.4,2618.2,2088061,1508
2015/7/22,2608.2,2641.8,2509.2,2594.4,1680058,1508
2015/7/23,2591.2,2867.2,2582.2,2833,1786621,1508
2015/7/24,2844.2,2852.8,2625.6,2661.4,1891384,1508
2015/7/27,2654.2,2663.2,2297,2297,1716828,1508
2015/7/28,2260.2,2399,2207,2303.2,2226862,1508
2015/7/29,2332.2,2477.2,2251.2,2470.6,2065706,1508
2015/7/30,2468.2,2472,2229.2,2303,2246907,1508
2015/7/31,2299.2,2431.2,2260.4,2342.6,1926320,1508
2015/8/3,2319.2,2323.2,2217.8,2287.4,1291333,1508
2015/8/4,2289.6,2523.2,2287.4,2486.8,1543420,1508
2015/8/5,2488,2496,2376.6,2411.8,1485697,1508
2015/8/6,2380.4,2499,2342.2,2416,1895077,1508
2015/8/7,2414.4,2577.2,2414.4,2503.8,1958798,1508
2015/8/10,2516.2,2738.8,2515.2,2682,1755566,1508
2015/8/11,2695.8,2705.4,2632.2,2650.4,1777406,1508
2015/8/12,2632,2698.2,2602,2616,1989198,1508
2015/8/13,2624.4,2677.2,2569.2,2664.8,1756079,1508
2015/8/14,2670.4,2713.6,2629.2,2657.8,1826601,1508
2015/8/17,2651.2,2665.6,2560.8,2653,1661291,1508
2015/8/18,2664.6,2697.2,2282.4,2404.2,2053606,1508
2015/8/19,2385.2,2499.2,2302.2,2457.4,1847063,1508
2015/8/20,2451.2,2480.8,2339.2,2377.2,1587365,1509
2015/8/21,2356.4,2394,2185,2245.4,2340449,1509
2015/8/24,2167.4,2174.2,1908.4,1908.4,1375400,1509
2015/8/25,1826.2,1882.8,1597.8,1597.8,2425793,1509
2015/8/26,1628.2,1800.2,1462.2,1525.8,1816214,1509
2015/8/27,1606.2,1826.4,1595.8,1807,1774184,1509
2015/8/28,1861.6,2004.8,1789.8,1964.6,1312380,1509
2015/8/31,1946.2,1946.2,1759.2,1846.4,560679,1509
2015/9/1,1856.2,1916.2,1663,1775.2,581134,1509
2015/9/2,1716,1976.2,1686.2,1742,594525,1509
2015/9/7,1876,2105.2,1826.2,1872.4,38054,1509
2015/9/8,1896.2,2115.2,1851.2,2114.2,28957,1509
2015/9/9,2140.2,2165,2069,2104.4,23237,1509
2015/9/10,2084.6,2113,2044.2,2072.8,15978,1509
2015/9/11,2086.2,2101.8,2086.2,2094.2,916,1509
2015/9/14,2126.2,2136.2,1877.2,1906.8,21371,1509
2015/9/15,1907.8,1985.8,1879.4,1918.4,17635,1509
2015/9/16,1938,2122.2,1887,2081,17246,1509
2015/9/17,2080.8,2123.2,2004.6,2016.8,11370,1509
2015/9/18,2061,2087.4,2015.2,2056.2,14356,1510
2015/9/21,2024.6,2152,2017.2,2149.4,16556,1510
2015/9/22,2157.4,2184,2127.4,2150,15332,1510
2015/9/23,2136,2137.2,2053.2,2078.2,14619,1510
2015/9/24,2085.2,2139.2,2074.4,2104.2,13630,1510
2015/9/25,2113,2114,1987.2,2035.2,15266,1510
2015/9/28,2023.2,2085.8,2008.2,2067.2,12950,1510
2015/9/29,2025.4,2037.2,1966,2000,13114,1510
2015/9/30,2020.6,2068.2,2010.8,2038.6,11851,1510
2015/10/8,2168.4,2218.2,2129.2,2132,13416,1510
2015/10/9,2158.6,2236.8,2149.6,2227.2,14340,1510
2015/10/12,2257.4,2394,2238.2,2338.2,16314,1510
2015/10/13,2337.2,2345.6,2313.2,2332,11664,1510
2015/10/14,2317.2,2351,2276.2,2294.2,12615,1510
2015/10/15,2304.8,2411,2300.4,2411,11481,1510
2015/10/16,2437.2,2468.4,2397.2,2440.8,12057,1511
2015/10/19,2443.8,2450.8,2345.2,2385.6,13379,1511
2015/10/20,2399.2,2474.2,2378.2,2470.8,13128,1511
2015/10/21,2454.2,2469.4,2322,2347,16232,1511
2015/10/22,2361,2440.8,2356.2,2409.2,15693,1511
2015/10/23,2432.2,2482.2,2390.2,2481,14343,1511
2015/10/26,2500.2,2507.6,2442.2,2474.4,13161,1511
2015/10/27,2464.2,2503,2386.4,2482.8,14959,1511
2015/10/28,2481,2486.4,2404.2,2417.2,14097,1511
2015/10/29,2427.2,2470.4,2395.6,2444.2,13801,1511
2015/10/30,2444,2485,2396.8,2443.4,14639,1511
2015/11/2,2394.2,2463.2,2366.6,2407.2,14270,1511
2015/11/3,2419.4,2428.2,2374.2,2380.8,13113,1511
2015/11/4,2395.4,2605.4,2393,2595.4,17523,1511
2015/11/5,2584.2,2701.6,2566.2,2642.6,17894,1511
2015/11/6,2645.2,2769.4,2641.8,2757.2,15502,1511
2015/11/9,2747.2,2837.2,2737.2,2779.6,14546,1511
2015/11/10,2763.6,2813.2,2749.2,2780.2,12597,1511
2015/11/11,2773.2,2811.8,2741.6,2810.2,12735,1511
2015/11/12,2803.8,2819.4,2716,2761,13602,1511
2015/11/13,2734.2,2762.2,2696.4,2726.4,13149,1511
2015/11/16,2670,2749,2670,2744.2,12443,1511
2015/11/17,2755.4,2833.6,2700,2703.4,13958,1511
2015/11/18,2720.4,2756.2,2693.2,2703,10060,1511
2015/11/19,2720.2,2794,2708.2,2792,13386,1512
2015/11/20,2791,2798,2738.4,2748,14914,1512
2015/11/23,2743.2,2797.6,2714.2,2722.4,14578,1512
2015/11/24,2725.4,2758.8,2679.6,2758.8,16575,1512
2015/11/25,2756,2802,2731.2,2798.2,14873,1512
2015/11/26,2804.8,2833.2,2756.2,2765.2,15111,1512
2015/11/27,2766.2,2773.2,2543.2,2590.6,18971,1512
2015/11/30,2590.4,2626.2,2526.6,2589,18161,1512
2015/12/1,2603.2,2658,2573.2,2628,15853,1512
2015/12/2,2633.4,2796.2,2608,2795.2,21374,1512
2015/12/3,2777.6,2815.6,2753.2,2802.8,15165,1512
2015/12/4,2768.2,2782.2,2704.2,2741.2,15414,1512
2015/12/7,2753.2,2767,2709,2723.2,13794,1512
2015/12/8,2709.2,2712.8,2660.4,2682.4,15427,1512
2015/12/9,2674.8,2729.8,2673.8,2696.4,14741,1512
2015/12/10,2691,2762.2,2647.2,2670.2,16540,1512
2015/12/11,2684.2,2718.4,2643.2,2696.2,15650,1512
2015/12/14,2669,2819,2661.2,2815,18771,1512
2015/12/15,2815.2,2821.2,2769.4,2773.6,14496,1512
2015/12/16,2789,2818.2,2773.8,2778.2,12459,1512
2015/12/17,2789.6,2875,2789.6,2857.6,12263,1512
2015/12/18,2844.2,2883.4,2837.4,2862,14278,1601
2015/12/21,2851.6,2977.2,2849.2,2957.4,14845,1601
2015/12/22,2962,2985,2928.4,2976.2,13209,1601
2015/12/23,2975,3015.8,2947.4,2962.2,15306,1601
2015/12/24,2968.2,2971.8,2887.6,2932.4,15078,1601
2015/12/25,2939.4,2964,2917.4,2964,12153,1601
2015/12/28,2948.8,2955.6,2800,2804.8,15233,1601
2015/12/29,2818.2,2869.2,2810.4,2853,14092,1601
2015/12/30,2864,2875.8,2822.2,2854,13244,1601
2015/12/31,2856,2891.2,2808.8,2815.4,13942,1601
2016/1/4,2797.2,2814.6,2573,2582.2,12513,1601
2016/1/5,2582.2,2643.8,2498.2,2566,18526,1601
2016/1/6,2574.4,2658.2,2574.4,2622.2,17110,1601
2016/1/7,2587.4,2596,2395.8,2402.4,4727,1601
2016/1/8,2477.6,2558.2,2372.6,2466.2,19258,1601
2016/1/11,2407.2,2470.4,2308.8,2309,20436,1601
2016/1/12,2362,2393.8,2323.4,2353.8,18644,1601
2016/1/13,2393.2,2406.4,2270.2,2310,18514,1601
2016/1/14,2255.4,2372.4,2239.2,2361.8,16415,1601
2016/1/15,2344.4,2362.4,2219.6,2262.4,16098,1602
2016/1/18,2244.6,2331.6,2244.6,2276.6,18938,1602
2016/1/19,2282.8,2390.6,2274.6,2368.6,18741,1602
2016/1/20,2350.2,2376.6,2285.8,2308.6,18141,1602
2016/1/21,2319.6,2373.6,2232.6,2245.6,20056,1602
2016/1/22,2293.4,2304.6,2219.8,2276.6,19068,1602
2016/1/25,2292.8,2321.4,2263.8,2278.8,15013,1602
2016/1/26,2260.2,2276.2,2115.6,2133.6,18918,1602
2016/1/27,2155.8,2157.4,2042.6,2102.2,21999,1602
2016/1/28,2090.6,2134.6,2046,2051.4,17931,1602
2016/1/29,2061.6,2172.6,2061.6,2138.4,20277,1602
2016/2/1,2144.6,2159.6,2077.6,2118.4,17230,1602
2016/2/2,2124.8,2197.6,2116,2183.4,18148,1602
2016/2/3,2159,2178.6,2115.8,2174,17007,1602
2016/2/4,2190.2,2232.6,2177.6,2213.4,17349,1602
2016/2/5,2204.2,2209.8,2168.6,2171.8,12402,1602
2016/2/15,2119.6,2119.6,2119.6,2119.6,74,1602
2016/2/16,2180.6,2266.2,2179.4,2251.2,15217,1602
2016/2/17,2252.2,2289.6,2246,2280.2,12780,1602
2016/2/18,2304.2,2323.2,2267.8,2276,14347,1603
2016/2/19,2270.8,2304.8,2261,2275,16554,1603
2016/2/22,2307.2,2360.2,2297.2,2336.2,18228,1603
2016/2/23,2331.4,2341.2,2282.2,2316.6,18091,1603
2016/2/24,2311.2,2340,2271.2,2334,20368,1603
2016/2/25,2334,2337.8,2116.2,2141.2,23938,1603
2016/2/26,2173.2,2199.4,2145.2,2174.2,20746,1603
2016/2/29,2162.4,2173.2,2047.4,2083.2,22702,1603
2016/3/1,2094.2,2192.8,2087.6,2158.4,23348,1603
2016/3/2,2177.8,2312,2174.2,2303.2,24454,1603
2016/3/3,2304.2,2329,2292.4,2302.8,20460,1603
2016/3/4,2300.8,2363.2,2276.2,2346.6,23353,1603
2016/3/7,2384.4,2429.8,2342.2,2378,21358,1603
2016/3/8,2366.4,2374.2,2264.4,2369.6,22774,1603
2016/3/9,2323.4,2336.4,2286.2,2310.8,19523,1603
2016/3/10,2314.8,2354.2,2276.2,2277.2,19317,1603
2016/3/11,2274.4,2306.2,2255.2,2280.8,19754,1603
2016/3/14,2314.2,2403,2314,2336.2,21773,1603
2016/3/15,2337.2,2354.8,2305.4,2340.8,18995,1603
2016/3/16,2364.2,2391,2337.2,2356.2,17534,1603
2016/3/17,2393.2,2482.8,2385.2,2451,17904,1604
2016/3/18,2477.4,2547.4,2463.4,2508.2,21475,1604
2016/3/21,2544.2,2628.2,2544.2,2593.4,20669,1604
2016/3/22,2578.2,2603.2,2570.2,2577.8,16594,1604
2016/3/23,2588.2,2610,2549.2,2579.2,17323,1604
2016/3/24,2553.2,2569.2,2513.4,2528,19095,1604
2016/3/25,2533.2,2561.2,2526.6,2546,15121,1604
2016/3/28,2558.4,2600,2503.2,2513,18261,1604
2016/3/29,2519.4,2532.8,2465.2,2487.2,18588,1604
2016/3/30,2526,2580.8,2514.2,2573.2,19986,1604
2016/3/31,2586.6,2591.8,2556,2574.2,18153,1604
2016/4/1,2568.4,2593.2,2506.8,2589.8,19905,1604
2016/4/5,2573.4,2669.8,2564,2619.4,19764,1604
2016/4/6,2611,2627.6,2605.4,2622.6,14521,1604
2016/4/7,2640.4,2645.6,2578.2,2586,18429,1604
2016/4/8,2575.2,2575.8,2528.8,2563.2,18299,1604
2016/4/11,2590.2,2638.2,2588.2,2597,19938,1604
2016/4/12,2593.2,2605.2,2573.2,2598.6,17834,1604
2016/4/13,2628.2,2689.8,2625.6,2634.8,19544,1604
2016/4/14,2654.2,2667.8,2635.2,2652.4,12552,1604
2016/4/15,2653.2,2662.2,2639,2656.4,15020,1605
2016/4/18,2638.6,2639.6,2590.2,2610.4,15722,1605
2016/4/19,2645.4,2647.8,2594,2611.4,15275,1605
2016/4/20,2624.8,2635.8,2491,2533.6,22139,1605
2016/4/21,2528.8,2588.2,2522.4,2533.8,18879,1605
2016/4/22,2520.8,2565.8,2517.2,2560,15358,1605
2016/4/25,2543.8,2553.2,2501.8,2546.4,15420,1605
2016/4/26,2549,2576.2,2524,2561.8,15821,1605
2016/4/27,2567,2571.8,2535.8,2544.6,14153,1605
2016/4/28,2558.8,2559.8,2515.8,2540,15287,1605
2016/4/29,2529.8,2564.2,2529.2,2546.8,13294,1605
2016/5/3,2549.8,2623.4,2529.6,2618.8,17112,1605
2016/5/4,2605.8,2616.8,2586,2607,13064,1605
2016/5/5,2601.6,2611.6,2587.8,2611.4,12058,1605
2016/5/6,2613.2,2613.2,2507.2,2507.2,16948,1605
2016/5/9,2472.8,2503.8,2440.8,2440.8,16087,1605
2016/5/10,2441.8,2482.6,2441.8,2454,13761,1605
2016/5/11,2474.2,2500.6,2456.8,2471.2,14667,1605
2016/5/12,2456.8,2497.8,2433.6,2485.4,15299,1605
2016/5/13,2474.8,2513.2,2470.6,2486.8,12852,1605
2016/5/16,2481.2,2506.6,2451.8,2501.2,14047,1605
2016/5/17,2501.2,2517.8,2479.8,2500.2,14128,1605
2016/5/18,2484.6,2493.8,2445.8,2477.4,13272,1605
2016/5/19,2478.8,2507.6,2469.6,2472.8,13059,1606
2016/5/20,2463.6,2503.6,2460.6,2492.8,15268,1606
2016/5/23,2495.2,2531.6,2493.2,2501.6,13310,1606
2016/5/24,2503.6,2505.6,2468.6,2487.2,13615,1606
2016/5/25,2512.2,2517.6,2473.8,2480.2,13523,1606
2016/5/26,2482.6,2506.4,2446.6,2484.6,15660,1606
2016/5/27,2486.4,2498.4,2472.8,2492.2,12231,1606
2016/5/30,2486.6,2512.2,2451.4,2495.2,13652,1606
2016/5/31,2504.8,2617.4,2191,2617.4,21142,1606
2016/6/1,2608.8,2620,2590.4,2590.4,13754,1606
2016/6/2,2590.8,2604.6,2583.6,2594,10165,1606
2016/6/3,2602.8,2641.6,2591.2,2636,14543,1606
2016/6/6,2641,2651.8,2608.6,2616,12282,1606
2016/6/7,2622.6,2627.6,2610.4,2618.6,10101,1606
2016/6/8,2616.6,2618.6,2589.8,2606.6,11858,1606
2016/6/13,2577.6,2590.4,2485.6,2487.4,15138,1606
2016/6/14,2496.8,2527.8,2492.8,2509,15262,1606
2016/6/15,2485.2,2585.8,2479.6,2558.6,14507,1606
2016/6/16,2555.6,2562.2,2536.8,2546.6,9782,1606
2016/6/17,2558.4,2591.4,2536.2,2548.6,14605,1607
2016/6/20,2567.2,2573.8,2528,2561.4,12478,1607
2016/6/21,2573.2,2621.8,2539.8,2550,14903,1607
2016/6/22,2542.6,2588.2,2542.4,2588.2,12581,1607
2016/6/23,2588.2,2593.2,2552.2,2573.8,12182,1607
2016/6/24,2569.4,2598.8,2483.2,2525.4,17436,1607
2016/6/27,2527.4,2591.6,2527.4,2590.2,13704,1607
2016/6/28,2582.2,2610.4,2561,2606.2,12662,1607
2016/6/29,2612.2,2632.2,2603.2,2623.2,11917,1607
2016/6/30,2623,2636.6,2619.4,2623.4,9920,1607
2016/7/1,2631,2646,2612.2,2613.2,10794,1607
2016/7/4,2607.8,2695.2,2607.2,2682.2,14314,1607
2016/7/5,2678.8,2697,2672.4,2685,10359,1607
2016/7/6,2677.8,2699.2,2660.2,2696.4,12261,1607
2016/7/7,2698.4,2705,2673.4,2697.8,12262,1607
2016/7/8,2689.2,2700,2675.8,2683.6,11560,1607
2016/7/11,2694.2,2740,2687.2,2688.8,15212,1607
2016/7/12,2697.2,2788.8,2694.4,2774.8,15305,1607
2016/7/13,2782.4,2811.2,2777.6,2784.6,13812,1607
2016/7/14,2781.8,2790.8,2765.4,2783,9375,1607
2016/7/15,2783,2783,2754.8,2767,11061,1608
2016/7/18,2767,2770.6,2742,2748,10930,1608
2016/7/19,2751.8,2761.6,2708.8,2729.8,12293,1608
2016/7/20,2736.4,2745.6,2719.4,2719.8,9911,1608
2016/7/21,2723.6,2766,2722.6,2744,12599,1608
2016/7/22,2736.8,2746.8,2712.4,2718,11866,1608
2016/7/25,2723.8,2743.6,2714.4,2721.8,10376,1608
2016/7/26,2723.2,2770.8,2720.6,2770.8,11772,1608
2016/7/27,2777,2779.6,2645.8,2686.8,17238,1608
2016/7/28,2688,2730.4,2686.4,2714.8,13906,1608
2016/7/29,2712.6,2725.4,2694,2705.6,10977,1608
2016/8/1,2697.8,2707.6,2659.8,2675.4,12001,1608
2016/8/2,2699.8,2699.8,2672.4,2688.6,9146,1608
2016/8/3,2682.6,2704.8,2678.4,2689.8,10500,1608
2016/8/4,2690,2701.8,2668.8,2701,10262,1608
2016/8/5,2704.8,2733.6,2690,2716.8,10937,1608
2016/8/8,2713.8,2748.2,2692,2746.8,11751,1608
2016/8/9,2744.8,2770.8,2738.8,2767.8,10838,1608
2016/8/10,2768,2776,2754.8,2758,8585,1608
2016/8/11,2755.4,2793.4,2749.8,2750,12119,1608
2016/8/12,2745.8,2817.4,2745.8,2811.8,12973,1608
2016/8/15,2823.8,2947.6,2816.6,2903.8,15851,1608
2016/8/16,2915.6,2938.6,2895.8,2897.2,13177,1608
2016/8/17,2898,2919.8,2878.8,2889.6,11012,1608
2016/8/18,2890,2914.2,2864.4,2880.4,11816,1609
2016/8/19,2885.4,2887.4,2856.4,2876.8,12783,1609
2016/8/22,2881.6,2897.4,2852.4,2861.4,11748,1609
2016/8/23,2860.8,2885,2839.4,2862.4,12959,1609
2016/8/24,2863.2,2871.8,2838.8,2846.6,11716,1609
2016/8/25,2826.8,2834.2,2794.2,2828.6,12694,1609
2016/8/26,2836.4,2856.4,2817.8,2822.8,11968,1609
2016/8/29,2824.4,2836.8,2812.4,2823.6,10526,1609
2016/8/30,2833.2,2851.4,2817.4,2837.6,11574,1609
2016/8/31,2837.6,2863.4,2825.4,2855,13164,1609
2016/9/1,2853.4,2854,2814.4,2816.2,11261,1609
2016/9/2,2820.2,2849.4,2814.4,2833.4,11612,1609
2016/9/5,2844.6,2873.2,2839,2843.8,11459,1609
2016/9/6,2843.4,2880.4,2817.2,2873.4,14441,1609
2016/9/7,2879.4,2888,2867.2,2874.6,11112,1609
2016/9/8,2874.2,2877.4,2862.4,2872.6,10597,1609
2016/9/9,2874.4,2878,2850.4,2853.4,12732,1609
2016/9/12,2805.4,2809,2769.4,2779,16786,1609
2016/9/13,2796.4,2801,2784.6,2790,12019,1609
2016/9/14,2782.6,2795.8,2775.6,2779.4,8713,1609
2016/9/19,2789.8,2818.4,2789.8,2808.8,10049,1610
2016/9/20,2810.2,2812.8,2800,2809.2,7777,1610
2016/9/21,2808.8,2832.6,2806.8,2831.4,9348,1610
2016/9/22,2840.4,2874.4,2837.8,2857.6,10550,1610
2016/9/23,2863,2866.2,2842.4,2843.2,8040,1610
2016/9/26,2835.8,2835.8,2797.8,2799.6,9949,1610
2016/9/27,2796.8,2824.6,2795.6,2819.6,10789,1610
2016/9/28,2818.4,2820.8,2808,2816.2,7502,1610
2016/9/29,2821,2847.2,2820.6,2836.6,9394,1610
2016/9/30,2826.4,2851.4,2826.4,2840.8,7931,1610
2016/10/10,2859.8,2893.6,2805.4,2884,10644,1610
2016/10/11,2884.4,2897.6,2880.2,2892.8,8410,1610
2016/10/12,2885.8,2888.8,2875,2884.6,6935,1610
2016/10/13,2884,2901.8,2875,2882,8419,1610
2016/10/14,2880.6,2897.8,2865.2,2896.6,9586,1610
2016/10/17,2896.8,2903,2857.8,2865.8,10665,1610
2016/10/18,2872.4,2917,2867.4,2911.8,12333,1610
2016/10/19,2920.8,2929.8,2903.6,2907.6,9822,1610
2016/10/20,2911.2,2920.6,2907,2912.2,7751,1610
2016/10/21,2912.6,2944.2,2904,2927,11285,1611
2016/10/24,2929.8,2997.6,2929.8,2974,10891,1611
2016/10/25,2977,2979.8,2964.8,2968.6,7215,1611
2016/10/26,2965,2976.4,2954.2,2959.6,7995,1611
2016/10/27,2960.2,2963.8,2942,2954.4,8062,1611
2016/10/28,2957,2984.6,2945.8,2953.8,10221,1611
2016/10/31,2947.8,2953.8,2920,2947.2,8789,1611
2016/11/1,2948.2,2975.6,2944.8,2971,8391,1611
2016/11/2,2962.2,2967.8,2943.2,2949,8048,1611
2016/11/3,2942.8,3004.6,2940.2,2981.6,11000,1611
2016/11/4,2987.6,2999.6,2964.8,2968.4,8896,1611
2016/11/7,2971.2,2986.6,2965.2,2973.2,7726,1611
2016/11/8,2982.4,3008.4,2978.4,2995,8667,1611
2016/11/9,2995.8,2997.8,2927,2978,11623,1611
2016/11/10,3010.8,3029.6,3002.4,3009.2,9322,1611
2016/11/11,3006.2,3051.8,2998.2,3046.6,10335,1611
2016/11/14,3036.6,3079.4,3030,3055.4,10933,1611
2016/11/15,3050.4,3060.6,3041,3053,9841,1611
2016/11/16,3059,3065.2,3046.6,3053.4,8703,1611
2016/11/17,3046.4,3058,3030.2,3056.2,9307,1612
2016/11/18,3061.6,3061.6,3034.6,3045,9630,1612
2016/11/21,3046.6,3095,3045.2,3065.4,10971,1612
2016/11/22,3070.4,3101.4,3069.6,3101.2,9954,1612
2016/11/23,3107,3119.4,3093.4,3109,10452,1612
2016/11/24,3107.2,3137.8,3098.2,3115.2,9515,1612
2016/11/25,3117.4,3167.8,3094,3167.4,10461,1612
2016/11/28,3170.4,3198,3168.4,3182.8,9956,1612
2016/11/29,3171.4,3231.8,3161.8,3212,12071,1612
2016/11/30,3207.6,3221.4,3177.4,3185,12373,1612
2016/12/1,3193.2,3233.4,3192.2,3218.8,11232,1612
2016/12/2,3216.4,3220,3167.2,3176.4,11119,1612
2016/12/5,3133,3153.8,3101.4,3103.4,12081,1612
2016/12/6,3108.4,3127,3098.8,3098.8,9722,1612
2016/12/7,3105.4,3114.4,3088.4,3109.8,9833,1612
2016/12/8,3118.8,3122.4,3105.8,3109,8869,1612
2016/12/9,3109.6,3148.2,3095.8,3129.4,10953,1612
2016/12/12,3133.2,3133.2,3035.6,3040.8,12652,1612
2016/12/13,3039.8,3057.4,3021.4,3041.4,11052,1612
2016/12/14,3040.2,3054,3020.4,3022,10019,1612
2016/12/15,3014.4,3037.2,2967,2982.4,9962,1701
2016/12/16,2988.8,3013.4,2985.8,2996.4,9490,1701
2016/12/19,2990.8,2996.4,2973,2981.8,7423,1701
2016/12/20,2982.8,2985.6,2934.6,2956.8,9340,1701
2016/12/21,2965.8,3002,2964.4,2992.8,9529,1701
2016/12/22,2989.8,2992.8,2968,2982.8,7730,1701
2016/12/23,2983.6,2985.6,2944.6,2959.8,8272,1701
2016/12/26,2949,2981.4,2916.6,2972.4,9606,1701
2016/12/27,2968.6,2988.6,2968.6,2973.2,7206,1701
2016/12/28,2971.8,2981,2950,2964.2,7355,1701
2016/12/29,2959.8,2985.8,2951.4,2965.8,8831,1701
2016/12/30,2972,2990.2,2964.8,2967.8,8283,1701
2017/1/3,2972.8,3028.8,2972.8,3008.8,9339,1701
2017/1/4,3003.4,3045.8,3003.4,3041.2,9213,1701
2017/1/5,3042.6,3048.6,3029.2,3033.6,7689,1701
2017/1/6,3036,3041.6,3017.8,3019.2,7331,1701
2017/1/9,3017.8,3043.6,3017.8,3034.8,7780,1701
2017/1/10,3032.8,3042.6,3024.2,3026.4,7408,1701
2017/1/11,3028.2,3042.8,3003,3005.8,9173,1701
2017/1/12,3006.2,3018,2980.2,2982.8,8714,1701
2017/1/13,2991.8,3017.4,2985.4,2992,9409,1701
2017/1/16,2991.8,2996.4,2874.2,2984,12079,1701
2017/1/17,2991.4,3008.8,2974.2,2998.2,10767,1701
2017/1/18,2998,3041,2993,3027.8,9632,1701
2017/1/19,3018.2,3033,3002.8,3008.8,7728,1701
2017/1/20,3008.8,3045.2,3008.8,3041.6,9525,1702
2017/1/23,3043.8,3067.8,3036.4,3040.6,7862,1702
2017/1/24,3046.6,3053,3031.2,3042,6796,1702
2017/1/25,3034.6,3058.6,3024.6,3057.8,6715,1702
2017/1/26,3059,3083.4,3058.6,3066.2,6096,1702
2017/2/3,3075.6,3076.2,3031.2,3045.6,6655,1702
2017/2/6,3046.6,3057.2,3031.6,3042.6,7671,1702
2017/2/7,3043.2,3049.2,3019.8,3037.6,7257,1702
2017/2/8,3033.4,3062.4,3017.4,3058,8905,1702
2017/2/9,3055.6,3089.4,3055.2,3069.2,8169,1702
2017/2/10,3075,3098.8,3071.2,3090.6,8802,1702
2017/2/13,3098,3114.8,3093,3107.6,8678,1702
2017/2/14,3111.8,3113.2,3099.6,3108,7010,1702
2017/2/15,3107.4,3126.4,3097.4,3098.8,7679,1702
2017/2/16,3103.4,3122.8,3103.2,3122.2,7909,1703
2017/2/17,3130.4,3150,3101.4,3102.8,11628,1703
2017/2/20,3111.4,3174.8,3110.6,3173,16250,1703
2017/2/21,3170.2,3186.2,3166,3169.6,15502,1703
2017/2/22,3172.2,3180,3163.4,3177.4,13003,1703
2017/2/23,3173.8,3179.2,3151.4,3164,14452,1703
2017/2/24,3160.4,3166.2,3148.6,3163.4,12742,1703
2017/2/27,3160.4,3163.6,3128.6,3137,13212,1703
2017/2/28,3142,3156,3131.4,3139.8,13489,1703
2017/3/1,3140.4,3172,3138.2,3145.6,15034,1703
2017/3/2,3154.8,3160.2,3122.4,3128.4,14706,1703
2017/3/3,3123.4,3125.4,3101.4,3115.4,14394,1703
2017/3/6,3115.6,3141.4,3113.2,3132.4,14571,1703
2017/3/7,3133,3143,3127.8,3143,11863,1703
2017/3/8,3140.4,3146.8,3131.8,3140.8,11551,1703
2017/3/9,3135,3136,3099.6,3114.2,15795,1703
2017/3/10,3113.4,3127.2,3112.4,3117,12514,1703
2017/3/13,3117.8,3164.4,3106,3163.2,16304,1703
2017/3/14,3163,3165.2,3151,3156.4,11545,1703
2017/3/15,3150.4,3169,3148.6,3161.8,13454,1703
2017/3/16,3187.4,3226.4,3187.4,3210.2,13703,1704
2017/3/17,3214.4,3220.4,3149.6,3160.6,16559,1704
2017/3/20,3176.6,3180,3159.2,3171,13051,1704
2017/3/21,3169,3189,3162.4,3188.4,14060,1704
2017/3/22,3168.4,3187,3152.4,3174.8,15137,1704
2017/3/23,3179.2,3203.4,3162.4,3187.2,17346,1704
2017/3/24,3191.8,3247.8,3191.4,3236.8,17054,1704
2017/3/27,3232.6,3243,3213.8,3214.4,14595,1704
2017/3/28,3225.4,3226.2,3203.4,3211.4,13020,1704
2017/3/29,3216.6,3225.2,3193,3210,15005,1704
2017/3/30,3204.6,3215.2,3175.6,3185,18073,1704
2017/3/31,3184.4,3206.2,3182.6,3203.8,13610,1704
2017/4/5,3238.4,3264.6,3225.2,3260.6,16966,1704
2017/4/6,3261.4,3262.4,3240.4,3257.4,13606,1704
2017/4/7,3255.2,3274.2,3247.6,3264,13559,1704
2017/4/10,3266.4,3267.2,3254.2,3255,10484,1704
2017/4/11,3303.4,3303.4,3213.6,3258.4,16548,1704
2017/4/12,3255.4,3265.8,3239.6,3249.4,14280,1704
2017/4/13,3249,3272.4,3244.8,3262,12549,1704
2017/4/14,3261,3265.2,3226.2,3230.4,14666,1704
2017/4/17,3224.4,3233,3208.6,3225.8,15781,1704
2017/4/18,3223.6,3239.2,3214.8,3216,13572,1704
2017/4/19,3212.6,3214.8,3179.4,3193.4,15082,1704
2017/4/20,3193.4,3217.4,3190.4,3210,12756,1705
2017/4/21,3213.4,3224.4,3200.8,3209.6,14686,1705
2017/4/24,3207.4,3210.2,3166.6,3176.6,16700,1705
2017/4/25,3181.4,3202.4,3180.8,3191,13559,1705
2017/4/26,3195.6,3217.2,3193.8,3196.2,14130,1705
2017/4/27,3190,3203.6,3159.4,3195.2,16466,1705
2017/4/28,3194.4,3199.2,3172.6,3188.8,12840,1705
2017/5/2,3182.2,3190.4,3172.4,3175.8,10671,1705
2017/5/3,3178.4,3188,3158.8,3165.2,12320,1705
2017/5/4,3159.6,3181.2,3150.4,3151.8,13859,1705
2017/5/5,3148.2,3153.2,3119.6,3128.8,14100,1705
2017/5/8,3129.4,3136.4,3099.6,3107.8,14202,1705
2017/5/9,3103.4,3120.2,3094.4,3110.6,14041,1705
2017/5/10,3115.2,3123,3091.6,3092.2,13822,1705
2017/5/11,3088.4,3121,3078.4,3109.8,15477,1705
2017/5/12,3110,3139,3106.8,3135.6,14561,1705
2017/5/15,3145,3167.4,3145,3155,12135,1705
2017/5/16,3151.4,3199.6,3138.4,3199.4,14494,1705
2017/5/17,3193.6,3199.6,3177.6,3179.4,10711,1705
2017/5/18,3163.2,3181.2,3156.2,3161,12386,1706
2017/5/19,3167.4,3174.6,3159.8,3168,12395,1706
2017/5/22,3166.2,3191.8,3157.4,3168.4,15003,1706
2017/5/23,3170.4,3207.8,3165.4,3188.2,17974,1706
2017/5/24,3185.4,3193.8,3160.2,3188.2,16750,1706
2017/5/25,3188.6,3279.8,3186.8,3272.2,19227,1706
2017/5/26,3272,3286.2,3256.4,3266.8,13469,1706
2017/5/31,3291.6,3303,3252.4,3268.2,14231,1706
2017/6/1,3265.6,3281.2,3260.4,3275.2,12816,1706
2017/6/2,3272.2,3281,3247.2,3267,13699,1706
2017/6/5,3268.2,3274.8,3242.2,3242.8,12122,1706
2017/6/6,3246.2,3271.8,3242.4,3270.8,12558,1706
2017/6/7,3270.6,3322.2,3267.8,3319.2,15078,1706
2017/6/8,3317.2,3352.4,3312.4,3346,13699,1706
2017/6/9,3349.2,3375.8,3344.6,3364.8,13058,1706
2017/6/12,3357,3384.2,3348.2,3354.2,13594,1706
2017/6/13,3351.2,3374.2,3340.8,3362.4,13392,1706
2017/6/14,3356.2,3359.2,3315,3318.2,12903,1706
2017/6/15,3316.2,3338,3300,3319.2,11991,1707
2017/6/16,3323.2,3333.2,3297.6,3302.4,12379,1707
2017/6/19,3314.2,3352.4,3309,3344.4,14329,1707
2017/6/20,3349.4,3360,3327.8,3335.4,12735,1707
2017/6/21,3354.8,3372.8,3326.6,3372.8,15813,1707
2017/6/22,3370.6,3420.4,3366.4,3375.2,17959,1707
2017/6/23,3378.4,3415.2,3357,3411.8,17224,1707
2017/6/26,3414.2,3464.4,3414.2,3461.6,15596,1707
2017/6/27,3459.6,3470.4,3441.8,3464.8,13273,1707
2017/6/28,3459.2,3462.8,3434.4,3441.4,13648,1707
2017/6/29,3452.6,3465.8,3441.6,3463.4,13717,1707
2017/6/30,3446.4,3469.8,3443.4,3457,12822,1707
2017/7/3,3461.4,3462.8,3426.4,3440.2,13307,1707
2017/7/4,3441.4,3441.6,3398.8,3401.4,13850,1707
2017/7/5,3406.6,3461.2,3405.2,3455.2,14242,1707
2017/7/6,3450.8,3459.8,3419.6,3447.6,14582,1707
2017/7/7,3441.6,3450.2,3427.6,3441.6,12237,1707
2017/7/10,3436.4,3464,3435.6,3448.4,12756,1707
2017/7/11,3446.2,3507.4,3445.4,3476.2,16206,1707
2017/7/12,3483.6,3492.6,3435,3453.2,16139,1707
2017/7/13,3463,3497.4,3457,3493.6,14609,1707
2017/7/14,3490.4,3514.4,3478,3513.2,12753,1707
2017/7/17,3514.4,3524,3444.6,3464.2,16587,1707
2017/7/18,3465.2,3479.6,3436.6,3464.4,14786,1707
2017/7/19,3458,3547.6,3458,3543.8,14792,1707
2017/7/20,3543.2,3562.2,3537.6,3561.6,10047,1707
2017/7/21,3559.2,3562.8,3536.8,3543.8,11521,1708
2017/7/24,3545.6,3574.8,3535.8,3560.8,12829,1708
2017/7/25,3559.2,3564.6,3525.6,3532.6,12790,1708
2017/7/26,3542.2,3548.2,3497.2,3511.8,14047,1708
2017/7/27,3515.4,3532.4,3485.8,3518.4,13168,1708
2017/7/28,3514.8,3539.8,3511.8,3536.2,11619,1708
2017/7/31,3540,3562.8,3524.4,3550,11347,1708
2017/8/1,3554.4,3579.8,3552,3576.6,11942,1708
2017/8/2,3575.8,3598.8,3572.4,3581.2,12223,1708
2017/8/3,3579.8,3585.8,3540,3543.6,13094,1708
2017/8/4,3547.4,3561.4,3518.8,3519.8,12544,1708
2017/8/7,3525.4,3553.2,3511.2,3542.8,12410,1708
2017/8/8,3545,3554.6,3533.2,3545.2,10628,1708
2017/8/9,3545.6,3556.6,3529.2,3542.8,10907,1708
2017/8/10,3541.6,3565.4,3489,3528.8,14998,1708
2017/8/11,3502.8,3519.2,3453.8,3455.6,14449,1708
2017/8/14,3467.8,3518.4,3464.8,3509.2,12031,1708
2017/8/15,3511.8,3535.2,3508.8,3522.2,10890,1708
2017/8/16,3516.8,3525.8,3497.2,3518.6,10526,1708
2017/8/17,3529.6,3549.4,3522.2,3547.6,10721,1709
2017/8/18,3538.6,3557.4,3526,3549.6,13425,1709
2017/8/21,3561.6,3581,3553.2,3565.8,10686,1709
2017/8/22,3569.8,3578.8,3555.8,3577.2,10315,1709
2017/8/23,3577.6,3603.4,3567.2,3586.2,12218,1709
2017/8/24,3584.8,3594.8,3560.8,3568.6,11388,1709
2017/8/25,3569.6,3647.6,3568.2,3639.4,15940,1709
2017/8/28,3649.2,3721.2,3649.2,3688.4,15144,1709
2017/8/29,3688.6,3697.4,3675.8,3682.4,10903,1709
2017/8/30,3688.2,3704.4,3676.6,3678.8,10658,1709
2017/8/31,3683.6,3689.4,3655,3674.2,12382,1709
2017/9/1,3679.8,3697.6,3668.6,3682.4,12566,1709
2017/9/4,3677.6,3693.4,3660.6,3687.2,11506,1709
2017/9/5,3691.8,3711.6,3685.8,3698.8,11445,1709
2017/9/6,3691.6,3707,3675.6,3691.2,12015,1709
2017/9/7,3697.6,3709.6,3672.6,3672.8,11916,1709
2017/9/8,3680.2,3691.6,3652.6,3665.4,12189,1709
2017/9/11,3677.6,3703.4,3664,3676,13764,1709
2017/9/12,3685,3701.6,3670,3688.8,13593,1709
2017/9/13,3690.6,3696.6,3673,3688.8,11716,1709
2017/9/14,3691.8,3702.6,3666.8,3675,10692,1709
2017/9/15,3672.4,3687.6,3664.4,3677.6,12411,1710
2017/9/18,3684.4,3726.4,3683.6,3709.4,13320,1710
2017/9/19,3712.8,3718.2,3667.2,3678.4,14108,1710
2017/9/20,3682.4,3708,3676.6,3700,12350,1710
2017/9/21,3698.6,3711.4,3687.2,3691.8,12254,1710
2017/9/22,3682,3692.6,3666.6,3684,12829,1710
2017/9/25,3681.6,3684,3655.4,3656,11890,1710
2017/9/26,3657.2,3674.4,3656.8,3668.4,10149,1710
2017/9/27,3670.6,3689.6,3669.4,3674.4,10250,1710
2017/9/28,3672.6,3686.4,3665.2,3685.6,9640,1710
2017/9/29,3690,3718.4,3688.2,3703.8,10796,1710
2017/10/9,3764.6,3788.4,3737.6,3743.4,11731,1710
2017/10/10,3745.4,3760.6,3723.4,3747.6,12489,1710
2017/10/11,3756.8,3764.6,3745.4,3756.8,10909,1710
2017/10/12,3756.8,3776.4,3752,3770.6,10739,1710
2017/10/13,3766.6,3789.4,3766.6,3787.6,9341,1710
2017/10/16,3794.6,3798.6,3769.8,3772.6,11470,1710
2017/10/17,3768.6,3782.2,3763.8,3765.6,10887,1710
2017/10/18,3773.8,3788.6,3770.8,3785.4,11200,1710
2017/10/19,3784.8,3791.6,3769,3772,8744,1711
2017/10/20,3770.8,3779.6,3765.2,3769.6,10493,1711
2017/10/23,3776.8,3781.4,3763,3779.8,8414,1711
2017/10/24,3774,3804.8,3773,3803.4,10030,1711
2017/10/25,3804.8,3827.8,3799,3824.8,10446,1711
2017/10/26,3827,3866.6,3818.4,3851.6,12544,1711
2017/10/27,3854,3879.6,3848,3879.6,11029,1711
2017/10/30,3884.8,3892.4,3814.6,3839.4,15110,1711
2017/10/31,3837,3854.8,3831.2,3851.6,10465,1711
2017/11/1,3855.8,3880.8,3836.2,3839.4,12790,1711
2017/11/2,3840.8,3845.8,3823.2,3845.2,11379,1711
2017/11/3,3843.2,3853.8,3800.8,3821.2,13262,1711
2017/11/6,3826.8,3869.8,3818.8,3866.2,11813,1711
2017/11/7,3866.2,3910,3864,3906.8,12556,1711
2017/11/8,3901.2,3946.4,3898.8,3904.4,14025,1711
2017/11/9,3899.4,3939.6,3899.4,3938,10645,1711
2017/11/10,3934,3978.6,3922.2,3973.4,11989,1711
2017/11/13,3981,3999.6,3976.2,3985.2,10383,1711
2017/11/14,3984,3989.4,3954.2,3958.8,11904,1711
2017/11/15,3950.8,3963.6,3923.8,3931.2,11726,1711
2017/11/16,3929.4,3970,3927.6,3965.6,11615,1712
2017/11/17,3967.6,3979,3944.8,3976.8,14623,1712
2017/11/20,3970,4006.2,3933,4004.6,15770,1712
2017/11/21,4000.6,4093.4,3996.2,4091,17193,1712
2017/11/22,4108.4,4129.6,4058.6,4094.2,16812,1712
2017/11/23,4091.2,4091.6,3939.6,3957.6,19574,1712
2017/11/24,3977.6,3986.2,3925.8,3957.8,18254,1712
2017/11/27,3954,3954.6,3878.6,3880.6,18258,1712
2017/11/28,3880.2,3913.4,3873.6,3899.8,16020,1712
2017/11/29,3911.6,3916.6,3839.6,3894.4,18724,1712
2017/11/30,3887.8,3903.8,3828,3840.6,17217,1712
2017/12/1,3848.6,3881.4,3832.4,3837.4,16075,1712
2017/12/4,3833.6,3880.6,3827,3857.6,15109,1712
2017/12/5,3850.2,3890.4,3848.8,3875.8,15104,1712
2017/12/6,3870.6,3875.4,3804.6,3846.6,17224,1712
2017/12/7,3843.6,3868.4,3797.6,3807.2,16130,1712
2017/12/8,3814.6,3867.4,3809.6,3856.6,15727,1712
2017/12/11,3866.6,3926.6,3860.2,3926,16388,1712
2017/12/12,3924,3930.6,3866.6,3868.8,14903,1712
2017/12/13,3873.6,3914.8,3867.6,3905.2,14235,1712
2017/12/14,3908.6,3916.2,3869.8,3885,11290,1801
2017/12/15,3877.4,3880.2,3822.8,3834.8,16911,1801
2017/12/18,3844,3873.6,3829.8,3842.6,14821,1801
2017/12/19,3856.6,3903.8,3848,3901.8,14708,1801
2017/12/20,3901.8,3907.6,3877.8,3886.8,13760,1801
2017/12/21,3881.8,3960.6,3875.8,3939.8,18722,1801
2017/12/22,3940.8,3950.4,3919.6,3927,11846,1801
2017/12/25,3931,3960.6,3894,3907,14448,1801
2017/12/26,3910.2,3937,3890.6,3926.6,15143,1801
2017/12/27,3924.6,3928.4,3845.2,3849.2,16135,1801
2017/12/28,3863.4,3905.2,3848.6,3887.8,14808,1801
2017/12/29,3892.8,3911,3881.4,3897.6,12676,1801
2018/1/2,3909.4,3962.8,3909.4,3961.8,14290,1801
2018/1/3,3965.6,4011.6,3955,3979.4,16132,1801
2018/1/4,3979.8,4004.4,3973.6,3993.6,13158,1801
2018/1/5,3996.2,4015.6,3983,4006,12629,1801
2018/1/8,4005.8,4030.8,3993,4021.6,13194,1801
2018/1/9,4020,4057.8,4014.8,4055.2,13392,1801
2018/1/10,4054.6,4072.8,4038,4070,14317,1801
2018/1/11,4063.8,4072,4047.8,4066.2,12802,1801
2018/1/12,4066.8,4089.8,4058.8,4086.8,13165,1801
2018/1/15,4090.8,4123.8,4074.8,4081.2,16457,1801
2018/1/16,4077.8,4127,4077,4127,15653,1801
2018/1/17,4131,4141.8,4097.8,4108.4,17051,1801
2018/1/18,4126.6,4151.8,4115,4137.8,11591,1801
2018/1/19,4140.8,4177.4,4137.6,4151,14861,1802
2018/1/22,4145,4202.4,4140.6,4202.2,14150,1802
2018/1/23,4209.4,4249.4,4207,4247.4,14938,1802
2018/1/24,4252.4,4261.4,4216.4,4252,15271,1802
2018/1/25,4249.2,4250.2,4205.6,4220.4,15135,1802
2018/1/26,4220.4,4273.4,4217.4,4245.2,14657,1802
2018/1/29,4260.2,4266,4147.4,4162.6,17973,1802
2018/1/30,4160.6,4171.4,4113.6,4115,14737,1802
2018/1/31,4102,4143.4,4093.6,4127.4,16237,1802
2018/2/1,4132.4,4148.4,4066.2,4086.8,18908,1802
2018/2/2,4075.6,4130.2,4039.4,4117.8,18113,1802
2018/2/5,4067.4,4116.2,4062.4,4111.4,15924,1802
2018/2/6,4050.4,4064,3960.4,3967.2,18860,1802
2018/2/7,4031.2,4054.2,3866.6,3870.4,21554,1802
2018/2/8,3866.2,3920.4,3819,3844.2,18338,1802
2018/2/9,3776.4,3779.4,3562.4,3628.6,21304,1802
2018/2/12,3666,3743.2,3655.8,3713,15159,1802
2018/2/13,3755,3835.8,3752.4,3774.8,12481,1803
2018/2/14,3796.6,3828.8,3777.2,3822.6,12424,1803
2018/2/22,3881.6,3903.2,3853.2,3895.6,16230,1803
2018/2/23,3910,3929.8,3891.6,3919.8,15936,1803
2018/2/26,3951.8,3995.4,3910.4,3978.4,19275,1803
2018/2/27,3987.6,3988.2,3911.4,3912.2,17875,1803
2018/2/28,3889.2,3918.8,3852.2,3872.2,19969,1803
2018/3/1,3850.2,3927.4,3844,3905.2,19146,1803
2018/3/2,3874.6,3902.6,3866.6,3880.2,17187,1803
2018/3/5,3896.2,3913.6,3840.2,3862.2,17725,1803
2018/3/6,3897.8,3897.8,3897.8,3897.8,63,1803
2018/3/7,3924.2,3953.8,3870.2,3879.6,19296,1803
2018/3/8,3900.4,3939.8,3888.2,3935.4,18400,1803
2018/3/9,3948.4,3979.4,3933.2,3973.8,17675,1803
2018/3/12,4004.2,4014.2,3983.2,3989.6,17136,1803
2018/3/13,3992.2,3996.8,3945.2,3945.4,17078,1803
2018/3/14,3939.6,3955,3930.4,3935.2,14740,1803
2018/3/15,3920.8,3970.2,3920.8,3967.8,12206,1803
2018/3/16,3960.4,3973.6,3906.8,3907.2,15480,1804
2018/3/19,3910,3938.8,3885.2,3929.2,15648,1804
2018/3/20,3910,3945.2,3893,3929.6,15959,1804
2018/3/21,3960,3978.8,3889,3905,18791,1804
2018/3/22,3918.8,3932,3847,3863.4,20501,1804
2018/3/23,3756.6,3767.4,3639.6,3696.4,25264,1804
2018/3/26,3701,3738.8,3668.2,3734,20168,1804
2018/3/27,3783,3798.8,3740.2,3778,20625,1804
2018/3/28,3735,3770,3683.6,3689.2,20547,1804
2018/3/29,3716.6,3778.4,3652.8,3766.4,21851,1804
2018/3/30,3768,3789,3749.6,3764.2,16284,1804
2018/4/2,3770,3812.8,3736,3736.4,18681,1804
2018/4/3,3722.2,3748,3704,3733.6,18609,1804
2018/4/4,3748.8,3773.6,3710,3721.6,17732,1804
2018/4/9,3730.4,3752.6,3702,3725.8,17599,1804
2018/4/10,3734.6,3807.6,3724.2,3805.8,20123,1804
2018/4/11,3812,3834.2,3802.2,3812.6,17272,1804
2018/4/12,3822,3822,3767.6,3772.4,16969,1804
2018/4/13,3795,3804.8,3733.2,3740.4,17798,1804
2018/4/16,3738.2,3748.8,3663.2,3676.6,18542,1804
2018/4/17,3688,3697.6,3611.6,3618.8,19517,1804
2018/4/18,3659.8,3662.8,3590,3634,20289,1804
2018/4/19,3655,3710,3645.6,3691,13286,1804
2018/4/20,3681.6,3687.6,3614,3623.4,18516,1805
2018/4/23,3624.6,3670.2,3603,3638.8,20305,1805
2018/4/24,3650.8,3736.8,3650.8,3726.2,20032,1805
2018/4/25,3713.2,3722.6,3697.2,3708.8,15059,1805
2018/4/26,3711.8,3724.2,3618.8,3626.2,19462,1805
2018/4/27,3645.8,3650.4,3594.4,3636.8,20530,1805
2018/5/2,3658.8,3676.2,3621.6,3649.6,15956,1805
2018/5/3,3638.8,3694,3615.4,3676.8,19580,1805
2018/5/4,3675.8,3687.8,3646.8,3654.2,16496,1805
2018/5/7,3678.6,3724.8,3654.4,3718,18994,1805
2018/5/8,3728.8,3783.4,3721.2,3770.8,18388,1805
2018/5/9,3769.8,3773.2,3743.2,3759.8,14477,1805
2018/5/10,3777,3790.8,3753,3788.6,16055,1805
2018/5/11,3799.8,3800.4,3763.6,3767,14778,1805
2018/5/14,3782.8,3817.4,3780.2,3803,15499,1805
2018/5/15,3814.6,3816.6,3781.8,3815.4,14747,1805
2018/5/16,3804.4,3814.8,3776.2,3785.4,13867,1805
2018/5/17,3792.8,3799.2,3756,3756.6,12875,1806
2018/5/18,3760.8,3818.8,3745.8,3818.8,19009,1806
2018/5/21,3848.8,3860.8,3815,3823.2,19478,1806
2018/5/22,3824,3827.4,3784.4,3810.8,15830,1806
2018/5/23,3800.8,3800.8,3750.8,3751.2,17568,1806
2018/5/24,3757,3765.8,3718.8,3721,16818,1806
2018/5/25,3723.8,3741.4,3699.4,3705,16457,1806
2018/5/28,3711,3757.8,3704.2,3737,17115,1806
2018/5/29,3725.8,3740.6,3689.8,3690.8,18437,1806
2018/5/30,3647.6,3664.4,3612.2,3615,19955,1806
2018/5/31,3638.8,3703.2,3636.6,3699.8,20357,1806
2018/6/1,3691,3693.8,3645.4,3668.6,17936,1806
2018/6/4,3688.2,3715.4,3675.2,3701.8,17966,1806
2018/6/5,3704.8,3744.8,3698.2,3738.6,16831,1806
2018/6/6,3736.2,3743,3726,3739.4,13729,1806
2018/6/7,3755.6,3770.4,3726,3733,17037,1806
2018/6/8,3721.8,3724.4,3659.2,3676.8,16154,1806
2018/6/11,3670,3704.6,3664.4,3689.2,17769,1806
2018/6/12,3694,3750.4,3676.2,3733.8,18954,1806
2018/6/13,3719,3730.6,3688,3694.2,15795,1806
2018/6/14,3683.2,3724.4,3675.2,3684.4,13627,1806
2018/6/15,3686,3705.8,3660.4,3677.8,18732,1807
2018/6/19,3627,3638.4,3469.2,3525.4,22299,1807
2018/6/20,3525.8,3574.6,3503.8,3552.2,19976,1807
2018/6/21,3555.2,3593.8,3494.4,3502.4,21762,1807
2018/6/22,3483.4,3535.8,3470,3528.2,21015,1807
2018/6/25,3540.4,3550.8,3461.2,3465,19592,1807
2018/6/26,3450.6,3473.8,3399,3447.8,22675,1807
2018/6/27,3445.6,3463.8,3342.8,3344,23463,1807
2018/6/28,3342.8,3403.2,3325.2,3336,23395,1807
2018/6/29,3350.8,3446.8,3348.4,3433,23000,1807
2018/7/2,3425.8,3430.6,3275.8,3308.4,24496,1807
2018/7/3,3332.4,3345.6,3232,3320.6,27595,1807
2018/7/4,3313.6,3338.6,3271.8,3286.4,22560,1807
2018/7/5,3286,3323.8,3251.8,3259.2,25396,1807
2018/7/6,3270.8,3330.6,3223.4,3284,29203,1807
2018/7/9,3311.8,3398.8,3311.4,3395.6,23979,1807
2018/7/10,3403.2,3409.4,3364.6,3401.6,21727,1807
2018/7/11,3325.8,3358,3299.8,3335.2,26299,1807
2018/7/12,3344.8,3453.8,3344.8,3431,25348,1807
2018/7/13,3443.6,3444.6,3421.2,3432.4,18395,1807
2018/7/16,3440.8,3463.8,3400,3414.8,20444,1807
2018/7/17,3418.8,3422.6,3361.4,3397.8,22548,1807
2018/7/18,3414.4,3438.2,3377.4,3379.8,20621,1807
2018/7/19,3402.4,3428.2,3372.8,3387.6,15945,1807
2018/7/20,3380.8,3473.8,3351,3460.2,26381,1808
2018/7/23,3442.2,3497.8,3436,3487,23532,1808
2018/7/24,3498,3572.6,3497.8,3552,23181,1808
2018/7/25,3564.8,3565.2,3535.6,3546,17607,1808
2018/7/26,3555.8,3560.6,3498.2,3502.8,20921,1808
2018/7/27,3510.8,3519.6,3482.8,3497.8,20261,1808
2018/7/30,3498.8,3526.4,3464.6,3481,22837,1808
2018/7/31,3479.4,3510.4,3468.6,3490.4,20842,1808
2018/8/1,3510.8,3529.8,3393.6,3401,27936,1808
2018/8/2,3392.8,3400.8,3275.4,3322.8,27927,1808
2018/8/3,3327.8,3337,3261.4,3261.4,23353,1808
2018/8/6,3270,3306.8,3217.8,3237.6,25333,1808
2018/8/7,3262.4,3341.8,3237.4,3336.6,27321,1808
2018/8/8,3332.6,3332.6,3263.6,3282.6,23380,1808
2018/8/9,3273.6,3387.2,3266.4,3363.8,27848,1808
2018/8/10,3367.6,3394.4,3346.6,3374.8,21525,1808
2018/8/13,3342.8,3379.4,3299.4,3360,24384,1808
2018/8/14,3363.6,3367.8,3322.2,3347.4,22897,1808
2018/8/15,3344.4,3347,3255.2,3262.2,20543,1808
2018/8/16,3225,3305.2,3198.6,3249,24860,1809
2018/8/17,3287.2,3294.6,3190,3202.2,27285,1809
2018/8/20,3213.4,3256.2,3199.2,3251,30369,1809
2018/8/21,3257,3330,3251,3301,30229,1809
2018/8/22,3301.4,3306,3280.2,3300.2,22702,1809
2018/8/23,3305,3333.6,3261.6,3302.2,32451,1809
2018/8/24,3292,3346.2,3273,3309.8,29788,1809
